{"type": "FeatureCollection", "features": [{"type": "Feature", "properties": {"dtname": "Adilabad", "stname": "Telangana", "_state": "TG"}, "geometry": {"type": "Polygon", "coordinates": [[[78.33687942237061, 19.88300347832263], [78.33208817113957, 19.88490037528738], [78.32876211929762, 19.88715480357907], [78.32629024396353, 19.89022089916237], [78.32436381814222, 19.89483102301288], [78.32511815900124, 19.89814952300636], [78.33409218878944, 19.90529658884571], [78.33327596834097, 19.91047395398759], [78.33060489328898, 19.91469314400108], [78.32746634305435, 19.91634011149623], [78.3218411835269, 19.91680698565092], [78.30702790900727, 19.91429755898194], [78.30634345608674, 19.90817674205288], [78.30400510411776, 19.90025666978182], [78.30275722791272, 19.89042090677428], [78.2990899251455, 19.87942327754455], [78.29782650166733, 19.87224936755102], [78.29188421991695, 19.86172450870473], [78.28531328086173, 19.85661698361035], [78.28607513413799, 19.84793714252327], [78.2997504571372, 19.840996584404], [78.30385457472626, 19.8403207785771], [78.31154242102717, 19.8423977377089], [78.3157562927005, 19.84255765575159], [78.32322452960035, 19.84169425691624], [78.33641446993398, 19.83792324188252], [78.33677333470376, 19.83356880090845], [78.3340245607073, 19.81459172085558], [78.34479938103294, 19.81337265522043], [78.35019691773034, 19.80993353832172], [78.3523753852809, 19.80740104247737], [78.35706611730501, 19.8057688028446], [78.35889082667057, 19.80288523724262], [78.36028782172981, 19.79513702441892], [78.36400132699498, 19.78518259395272], [78.36458873939195, 19.78065333496357], [78.36365384729221, 19.77577500085782], [78.35893090310607, 19.76793340134737], [78.35554518875159, 19.75200652098801], [78.34928873172414, 19.7379756568906], [78.34463541938204, 19.73810536548547], [78.34123459647213, 19.73575616386423], [78.34081832680259, 19.73333304907362], [78.34285484192401, 19.72978344389775], [78.33981693073405, 19.72695503825725], [78.33928574847607, 19.72415604093773], [78.34218571254799, 19.71667964276421], [78.34349547894224, 19.71546957761977], [78.3431341457777, 19.71325002014559], [78.33371184214302, 19.7094504046008], [78.3220475658134, 19.70757757940355], [78.31865377154746, 19.70552590129247], [78.3157321210005, 19.70259437268089], [78.31345166340941, 19.69310700931884], [78.31182129492707, 19.69105046353154], [78.30340904753672, 19.69120434169962], [78.3001861291137, 19.68798510489869], [78.28784878286184, 19.68803523391587], [78.27618587502462, 19.69241534619906], [78.27385229187375, 19.68441616169888], [78.2710827305956, 19.67870531642904], [78.26971763874212, 19.67601026637204], [78.26579168660122, 19.67309013710632], [78.26264904773795, 19.66506424239682], [78.26891155315455, 19.66407289824109], [78.27161880579303, 19.66191174533414], [78.27104766988298, 19.65853881182412], [78.27900972958433, 19.65764131199699], [78.28088277020545, 19.65092638496454], [78.28408590334118, 19.65037249367326], [78.28670301860033, 19.64731204618347], [78.29046249488106, 19.64600101202455], [78.29208239605514, 19.64222616020335], [78.29219862979852, 19.62741361621188], [78.29389941356031, 19.61944178500673], [78.29754564976793, 19.61420690969202], [78.3055669121005, 19.6070665374808], [78.30450892412104, 19.60543088648959], [78.30545593197733, 19.60255620959986], [78.30381864710502, 19.58478210715764], [78.30237395442633, 19.58324166024281], [78.3009019959744, 19.57906943023817], [78.30424600053709, 19.57268916972113], [78.3036889129454, 19.56932056141596], [78.29728560498877, 19.56789670397409], [78.29747964994556, 19.56464858752835], [78.29814852171137, 19.56403695551252], [78.29356293832224, 19.55898415733985], [78.27525152088525, 19.56246167422798], [78.27545276543184, 19.55612157196283], [78.27431076480089, 19.55397458732876], [78.2750090105378, 19.55204528557253], [78.28393498678918, 19.54141159083193], [78.28490563800482, 19.54231086741338], [78.29322965891413, 19.5422335902597], [78.29273215908192, 19.53908668468386], [78.2941093528432, 19.53479424743334], [78.29243858422022, 19.52931053314248], [78.29039624889991, 19.52762393109026], [78.29151452512097, 19.52390670510332], [78.29467194939394, 19.51838645396236], [78.29599749612288, 19.51737075898404], [78.29701264046743, 19.51308353959782], [78.29495493494166, 19.51317092114637], [78.29901176951216, 19.49884338248976], [78.2986635040826, 19.49681283666216], [78.30922351282904, 19.4810838994966], [78.30450801727396, 19.45651795715649], [78.29865341606357, 19.45194830895018], [78.2912562940931, 19.45036937631858], [78.2869701131158, 19.44852863851079], [78.2745477641803, 19.45524043151653], [78.27043943460365, 19.45615514385748], [78.26868113126467, 19.44846673903781], [78.2637404289801, 19.44893027563783], [78.26264686775812, 19.44305900414373], [78.25830683063951, 19.44179495929186], [78.25338228137377, 19.43676868738769], [78.24648097957494, 19.43519786892479], [78.24672071258091, 19.4321710519642], [78.24450887315466, 19.42880253150547], [78.23742863751772, 19.42873293241102], [78.23561012245078, 19.42675448226799], [78.22960259614202, 19.42977491703165], [78.22501144223723, 19.43008773316261], [78.2199613314241, 19.43301855803812], [78.2115868800059, 19.42847845411778], [78.20593644035533, 19.4221791190706], [78.20253002479946, 19.41970491890341], [78.2007347743155, 19.41619587918585], [78.19918522553326, 19.41484302780265], [78.19881250276836, 19.41015723253457], [78.19506524461524, 19.40675371697403], [78.19244418758717, 19.40669410407393], [78.18381844565009, 19.41219996979715], [78.17619001952583, 19.41226246576628], [78.18767298801095, 19.39459295033963], [78.1767885584572, 19.36740001777405], [78.17922635038313, 19.36284352820631], [78.17206148339055, 19.35971867062422], [78.17174487305816, 19.35437848994516], [78.17265214834185, 19.35051890078685], [78.17214822758821, 19.34929886510153], [78.1746610023663, 19.33807886323961], [78.17622555507877, 19.33492616265333], [78.18323841493076, 19.32998076954703], [78.18950985512356, 19.32896885663093], [78.19227730262513, 19.32582885656421], [78.19020648459923, 19.32077681598857], [78.19172607858918, 19.31817425672783], [78.19608135574275, 19.31547557803575], [78.19736095336765, 19.30903239958342], [78.20393022658949, 19.30689453850924], [78.20753230604168, 19.3071359952066], [78.21248661392974, 19.31006483338315], [78.21568611028768, 19.3105729079379], [78.21813192066902, 19.31248612546934], [78.22091246162694, 19.31060560447801], [78.23023995598355, 19.30887083009619], [78.23742333106328, 19.30542440124252], [78.24209825721435, 19.301734799096], [78.24779222315182, 19.29257865265172], [78.24846981500849, 19.29032798250331], [78.25235181310063, 19.29059883539239], [78.25790177630212, 19.28974000595414], [78.26152705805839, 19.28876173473319], [78.26586434227977, 19.28582655854729], [78.2710670186982, 19.2808186759707], [78.272318444146, 19.27202661604037], [78.27374985005451, 19.26744920766295], [78.27544123432108, 19.26589987038811], [78.28105346510931, 19.26451270537981], [78.2880046499177, 19.2649499262823], [78.2927632261426, 19.26377507971782], [78.29566281424411, 19.26258104017778], [78.2993934276999, 19.25938154054163], [78.30099152201007, 19.2526110530541], [78.30096548203817, 19.24645061310418], [78.30438786882813, 19.24314394605005], [78.30524989096676, 19.24132845305886], [78.303929644322, 19.23572928327908], [78.30742056627962, 19.23433795994789], [78.30924514593035, 19.23147105378986], [78.30807862115277, 19.22952197240141], [78.30995792424359, 19.22305661802846], [78.3133525995084, 19.2213165128896], [78.31715150923911, 19.21574201717964], [78.31940929846509, 19.21405794844834], [78.32434941585946, 19.21267643819066], [78.32663238691013, 19.21099227603797], [78.3296954025294, 19.20699519201744], [78.33812393015684, 19.20777083921299], [78.34001118679748, 19.20561318165101], [78.34160350342755, 19.20561556396468], [78.34426519869278, 19.20734914876779], [78.34718022477398, 19.20723381139513], [78.35142716735207, 19.20444489325203], [78.35332837689715, 19.1988598116115], [78.35686677721067, 19.19780218251368], [78.36012805256304, 19.20034090057901], [78.3629662044832, 19.19985875506617], [78.3651193041842, 19.19509790612686], [78.36565519072123, 19.19174354806011], [78.36419455124742, 19.18798548587338], [78.3651730965887, 19.18630623947513], [78.3683083926552, 19.18427810694313], [78.36932361578874, 19.18227859548784], [78.37611114321199, 19.18178117726004], [78.38067800151158, 19.1792069617118], [78.3835394970864, 19.17960537618585], [78.38845666776974, 19.17582424150545], [78.3942512644892, 19.17658990055621], [78.39820658914017, 19.17999285018321], [78.40070990093498, 19.18011664418482], [78.40439975785739, 19.17818814457478], [78.40419613347775, 19.17547211943131], [78.40818285270973, 19.1733252587281], [78.41459424353813, 19.17240297512653], [78.41844064253081, 19.17535738888624], [78.42104450709566, 19.17584764104424], [78.4255399194118, 19.17545293225762], [78.42960367278793, 19.17407404372099], [78.43093966380947, 19.17268697071405], [78.4312930092017, 19.1743160589044], [78.4337256866411, 19.17615930564336], [78.4361606675584, 19.18451429628957], [78.44840148585978, 19.17886457013502], [78.44934415469197, 19.18006115096517], [78.44969338661555, 19.18390293100945], [78.45432404821484, 19.19008381524668], [78.45656369255603, 19.19541111381912], [78.45498053371165, 19.20223287769878], [78.45491065710843, 19.20616083978042], [78.45715481171892, 19.21289241512988], [78.45829441615682, 19.222516974691], [78.45664244190299, 19.22681822318542], [78.48370732628827, 19.22665768430699], [78.49863153979656, 19.21859202516713], [78.50038069758023, 19.21805865707404], [78.50099579096737, 19.2188004109751], [78.50942731108286, 19.2147466060446], [78.51904115693038, 19.22617845202141], [78.51787494081191, 19.2454489846484], [78.52183479154199, 19.2506330337428], [78.52565598406755, 19.25497573892046], [78.54733223431481, 19.26199149530786], [78.57030604143705, 19.28646383731872], [78.58448147449162, 19.28934005676977], [78.58770424271, 19.28802306996444], [78.60110924974343, 19.2768262506546], [78.61024316053334, 19.26513050620999], [78.61537504644421, 19.26103931994107], [78.61785871095007, 19.27018666438194], [78.62110654629406, 19.27408461008179], [78.65102890184475, 19.30009387611198], [78.65317936490673, 19.30098823427979], [78.67366796560196, 19.31599053156781], [78.67739900541459, 19.31674906040199], [78.69047980353388, 19.31652511531212], [78.70393670205321, 19.32141005704304], [78.72252031050154, 19.32640421100722], [78.71993590030809, 19.29649269812217], [78.73649465118257, 19.28595931193745], [78.75884244329622, 19.27816245359581], [78.76791243516162, 19.25655296039692], [78.77591433851306, 19.25063414609549], [78.78048527639926, 19.24932509351551], [78.78420518723715, 19.24585526523937], [78.78614297861702, 19.24067793500092], [78.79010010549335, 19.24047461666483], [78.79480415742114, 19.2304559162195], [78.79994388419436, 19.21403736552641], [78.80053983766858, 19.21383888292897], [78.80199348061807, 19.21666350950077], [78.8053219453708, 19.21707803112316], [78.81212849528829, 19.22151156636037], [78.81508542480118, 19.23136496393084], [78.81835921893149, 19.23539125139787], [78.81966837340144, 19.24673520849939], [78.82965811401984, 19.25267385167137], [78.8432335169603, 19.25469767750964], [78.84484877723428, 19.25650718428874], [78.84473765293443, 19.26007346483338], [78.84883286920109, 19.26267864841795], [78.84666004590956, 19.26771460095373], [78.84781923676786, 19.27174215327562], [78.85467758057621, 19.27881589019932], [78.85256604476645, 19.28895000269777], [78.84985001951111, 19.29465447950189], [78.85835633584202, 19.32404959283773], [78.85743612983315, 19.32656650069882], [78.85829852686062, 19.33144930176585], [78.85502047060525, 19.35292456634217], [78.85414151250188, 19.36852583255408], [78.85210448288069, 19.36975182523718], [78.84604781330167, 19.37096516879445], [78.84062811581136, 19.37055779524651], [78.83465787139299, 19.37220935507401], [78.82864902530345, 19.37502532500033], [78.82477083237393, 19.37458883186078], [78.82131335478446, 19.37721674429843], [78.82109874992942, 19.37893519698278], [78.81739260395567, 19.37895147501395], [78.81551207993743, 19.38074270974193], [78.81339211875265, 19.37998570323909], [78.81060142936626, 19.38085776924534], [78.80898478803614, 19.38323857269204], [78.81046877435824, 19.38407578362634], [78.80986169122605, 19.38659474035535], [78.81257518681366, 19.38858893267746], [78.81952858569527, 19.38665672162558], [78.82086054230699, 19.38777771365771], [78.82183739578646, 19.39146039813691], [78.82177505177998, 19.39702202835955], [78.82970254239274, 19.40687587821887], [78.82940484510044, 19.40940173991355], [78.83425613851819, 19.41240538685732], [78.8445044845083, 19.42256090502337], [78.84471033003217, 19.42353308015232], [78.84122761015037, 19.43127592527211], [78.84134287922821, 19.43394030983768], [78.84536676301242, 19.43975430311578], [78.85300319087531, 19.44724811819122], [78.85501455016332, 19.44800377584546], [78.85993589794178, 19.4479509532871], [78.86206210958453, 19.44526293853515], [78.86540457322236, 19.44450279302862], [78.88449923002791, 19.4454636418823], [78.88719522852317, 19.45033686456952], [78.89327447134231, 19.45471605606567], [78.90380870654617, 19.47416090291575], [78.90579234821978, 19.47488427375706], [78.91459549415187, 19.47342328987398], [78.91808647724719, 19.46674510466032], [78.9210859134623, 19.4631194770527], [78.92410729710686, 19.46205355688205], [78.92682471479908, 19.4620778878612], [78.94247991721862, 19.46842128866076], [78.95762750689744, 19.47349128096115], [78.96052864203621, 19.47798117029383], [78.97592685283196, 19.4900757963573], [78.97756554319672, 19.4923534560109], [78.96880640772946, 19.49662971096152], [78.95877919771327, 19.50288266146138], [78.95545348462588, 19.5020643923651], [78.95458152685836, 19.50335823834762], [78.95222638277086, 19.50379727462119], [78.94906603254454, 19.50134146372907], [78.94893355797478, 19.51017023705457], [78.9421442373703, 19.51381390496344], [78.95025363321525, 19.53325559332721], [78.9447613363526, 19.5371478511198], [78.93669812934547, 19.54513352278845], [78.93557037635172, 19.54740035186845], [78.93540233103575, 19.54994505034004], [78.94044360064083, 19.55186830141212], [78.94066260695075, 19.55306611032797], [78.94057632712192, 19.55491618603005], [78.93767272949509, 19.56187367772781], [78.9464891717271, 19.56160770211236], [78.94860323228566, 19.56341494463791], [78.95254319648323, 19.56497790238078], [78.96486894165467, 19.57358355737124], [78.9728349165671, 19.58238765912431], [78.9717842890305, 19.59001301442594], [78.96641171050199, 19.59307127081995], [78.95914399474134, 19.59546603510582], [78.95562022051568, 19.60017119659413], [78.95491310997221, 19.61001491831248], [78.95536932340796, 19.61911762388654], [78.96119038435047, 19.63168867443039], [78.9618498001095, 19.63744358998617], [78.95738981456078, 19.64716992900752], [78.9554620844899, 19.65593475092709], [78.95280352286409, 19.65833936757293], [78.94750632157348, 19.65945227626933], [78.94423397839249, 19.66173958403508], [78.93694064469696, 19.66103249686866], [78.93373993755927, 19.66210613426649], [78.9197241154687, 19.66200403809781], [78.92057870760163, 19.66646044493032], [78.91986459966381, 19.66697427296093], [78.915824991857, 19.66689510036637], [78.91165226628436, 19.66910753367269], [78.9076830985556, 19.66798613074217], [78.90353571532502, 19.67000907672538], [78.90231573600774, 19.67003619029257], [78.90133113280193, 19.66751949540476], [78.89600596360492, 19.66445606338326], [78.89289770675994, 19.66468122093487], [78.89175737538197, 19.66372943926403], [78.8864461861303, 19.66245322798186], [78.89047832618142, 19.65940963702167], [78.88893371388372, 19.65665406300943], [78.88672681447997, 19.655071367772], [78.88311605919033, 19.65501279700928], [78.88001962962734, 19.65725085439438], [78.87438366947225, 19.65723561536406], [78.8680941758977, 19.659025143873], [78.86159033752311, 19.65740528009756], [78.85192030391194, 19.65836082066188], [78.85239394581663, 19.66486370517079], [78.8558379492968, 19.67730605460923], [78.85569192031382, 19.68666090873957], [78.8571534633612, 19.68961915905516], [78.85992308609559, 19.68949128111328], [78.85622028192631, 19.70358041081975], [78.85433310504686, 19.70584518689531], [78.84942556016036, 19.72196916831906], [78.8499257922286, 19.72423858929424], [78.85236807403656, 19.72790372828614], [78.85114959812735, 19.73612619895089], [78.84795205749292, 19.73549698386265], [78.84532406970197, 19.74688118304524], [78.84039568545211, 19.75633625820809], [78.84096345363587, 19.76189008500178], [78.83351329842547, 19.76012308469339], [78.82587826576724, 19.75514410568902], [78.81849916049639, 19.76156393437204], [78.81691900600457, 19.76183265358944], [78.81471972553595, 19.76153150575026], [78.80691352939782, 19.75688804614471], [78.80216094023284, 19.7565337969146], [78.79693361597784, 19.76000917186478], [78.79562996846953, 19.76726637995462], [78.78629989690226, 19.77652684829121], [78.78236598459871, 19.77840969923045], [78.77734261070043, 19.77985953112711], [78.77112268089023, 19.77938334479443], [78.76528449946632, 19.77687977304431], [78.7589793549215, 19.77271615916636], [78.75637101241199, 19.77250538298174], [78.75171052509121, 19.77465857492708], [78.74611026623951, 19.78116965646257], [78.74005701694215, 19.78313315217251], [78.73597393625755, 19.78285164139974], [78.73002441845033, 19.78022617796876], [78.72862778366336, 19.77865342460278], [78.72414627672276, 19.76775428782784], [78.7223129535134, 19.76650726455232], [78.71916067553224, 19.76664824531127], [78.71124539999171, 19.76945761366641], [78.70609446712348, 19.77230311776368], [78.70480200085255, 19.77443601870391], [78.70321352617799, 19.78225246878669], [78.70136519186372, 19.78673631605769], [78.69895497437403, 19.7885574074726], [78.69256254342298, 19.79102667188614], [78.67513408851755, 19.7948597037835], [78.67308660016505, 19.79663933710201], [78.66635373335534, 19.79975477314787], [78.6550499960655, 19.80019120876148], [78.64274279378765, 19.80780702363906], [78.6400416091311, 19.80707085433886], [78.62551745423288, 19.80815932602988], [78.61898667927414, 19.80997987272991], [78.61519157366045, 19.81192337522133], [78.61114827545396, 19.81631941984737], [78.60731154794395, 19.81760806398265], [78.6008225858236, 19.81853042137096], [78.59884243151116, 19.81768732956787], [78.59257862583114, 19.81751937361848], [78.58611947491845, 19.8187890107187], [78.57967498457903, 19.81808654461289], [78.57228738216929, 19.81584573089819], [78.56587594519556, 19.81852764015574], [78.56322793490641, 19.82107618229483], [78.55200650745975, 19.82408459091461], [78.5422863526352, 19.82382987572247], [78.53793762574297, 19.82005400833359], [78.53077763714623, 19.81845469150694], [78.51501832446348, 19.81893338496949], [78.51215285163563, 19.81425904619249], [78.5089523297687, 19.81205005716395], [78.50846112002974, 19.80000568456676], [78.50722288229383, 19.79754837353254], [78.50366375442992, 19.79546675273809], [78.49521132122504, 19.7926312330655], [78.49023814945382, 19.79268445633246], [78.48730205578694, 19.79397938004907], [78.48503501358994, 19.79605213086582], [78.48396782845155, 19.79826700732342], [78.48314733254541, 19.80380993028843], [78.47570582138893, 19.81463398373058], [78.472459038635, 19.81733826870741], [78.4692270465273, 19.81771861215351], [78.45388540770985, 19.81294856155812], [78.43916169925063, 19.81336389481758], [78.43167862561141, 19.8148763493679], [78.42295193692702, 19.81762670096985], [78.41531029740685, 19.82409638406322], [78.40028218942241, 19.83402765135285], [78.39175839104568, 19.84212597531503], [78.38598289393313, 19.84609022672233], [78.3844199117144, 19.85209450993292], [78.38179039276825, 19.85704159892306], [78.38182443882899, 19.86176077820497], [78.38288767449961, 19.86260093479763], [78.3815944872524, 19.86795853932129], [78.38303637410701, 19.8739054846175], [78.3823751527395, 19.87728077370629], [78.38067127785756, 19.88043619704263], [78.37675652703956, 19.88117844151675], [78.3696363481717, 19.87977288826404], [78.364858546597, 19.88093051479048], [78.36043355392472, 19.88339569628534], [78.34699698055202, 19.88250887602531], [78.33687942237061, 19.88300347832263]]]}}, {"type": "Feature", "properties": {"dtname": "Bhadradri Kothagudem", "stname": "Telangana", "_state": "TG"}, "geometry": {"type": "Polygon", "coordinates": [[[80.83714068406924, 18.23880244249763], [80.83203957231088, 18.23866134804067], [80.82359192901352, 18.23607533138485], [80.82259797534334, 18.22410831043758], [80.82384947426317, 18.21210577650536], [80.82406828294414, 18.19103633933725], [80.81747086015862, 18.18910552322869], [80.8155905428996, 18.18698628103032], [80.81498716227702, 18.18221112094098], [80.81325813936864, 18.18018675003547], [80.80604332441318, 18.17506603188632], [80.80010542189962, 18.16895161386634], [80.79911333198515, 18.16816975757667], [80.79062576647237, 18.16837399086224], [80.77544285454832, 18.16673603293195], [80.7600316077665, 18.16763094171363], [80.75419140630218, 18.1687088151909], [80.75278759162556, 18.16182884104319], [80.75199855623426, 18.14910178365266], [80.7529655322693, 18.1401566348784], [80.75219642963413, 18.13634666370577], [80.74928484830245, 18.13181461637163], [80.74873756791048, 18.12941860486823], [80.74936895028878, 18.11561362795474], [80.74868390773378, 18.10158915097348], [80.75118919130506, 18.09731969656028], [80.75307711919204, 18.09121519548177], [80.75474691791398, 18.08230651767484], [80.75498642908003, 18.07376058551786], [80.75307130748764, 18.0770345618768], [80.75024557679517, 18.07875844680769], [80.74717649276498, 18.07937116294355], [80.74462840801186, 18.08229370881578], [80.73665053455453, 18.09304549255831], [80.73110850422036, 18.10217186230439], [80.72267351070174, 18.11137334820873], [80.71454694081451, 18.12655326261948], [80.70740618679555, 18.13208753475792], [80.70424791132744, 18.13587776816561], [80.69613559979727, 18.1583192153747], [80.6940445188639, 18.16151173804041], [80.69204202166704, 18.16354273757916], [80.68612780482562, 18.16339879632817], [80.68159611590706, 18.16552677475311], [80.68004345785948, 18.16847011890125], [80.67888616078227, 18.17462625962192], [80.67336159611925, 18.18248527327957], [80.6598885494879, 18.16141346285558], [80.6553573493048, 18.15841607388987], [80.65529694517362, 18.15381090258246], [80.6501421723035, 18.15727188154128], [80.6470167800764, 18.15645144287272], [80.65714187937168, 18.14372246264043], [80.65483751393732, 18.13487532291664], [80.65124108246273, 18.13574108621997], [80.65020965542875, 18.13438595247771], [80.64235605030649, 18.13750522977193], [80.63818593722408, 18.13624700294125], [80.63226444801114, 18.14236195248337], [80.62337708083999, 18.1292963228456], [80.63104156030018, 18.12593836339938], [80.6431222791764, 18.12538380719734], [80.6350808004417, 18.10943097731213], [80.62368317506832, 18.11251112736646], [80.61947227465855, 18.11277559258163], [80.61643657904774, 18.11839945299199], [80.61434068156818, 18.11474434843337], [80.61562494890006, 18.10465181639076], [80.61367184688918, 18.10245187300622], [80.60892200887496, 18.09364139038143], [80.60781314115394, 18.08832255465474], [80.60488214569416, 18.08621789020598], [80.60032242107452, 18.07798104925531], [80.59235703361192, 18.07166635543759], [80.59175098441773, 18.06905429120656], [80.58846109066718, 18.06646601076954], [80.5856544922067, 18.06236186540642], [80.58276613245765, 18.06380169355901], [80.57688730520421, 18.06178364492805], [80.57391254423685, 18.0547387504776], [80.56583172147911, 18.05093136686118], [80.55959648948446, 18.05566522775034], [80.55861877107871, 18.0567682309265], [80.55850125002678, 18.05888347976706], [80.5489000808119, 18.05850622420152], [80.5437251665524, 18.05395157282506], [80.5378950170011, 18.05515496723798], [80.53585389733986, 18.0556433588696], [80.53476809480678, 18.06087272049596], [80.52724166855042, 18.06466571548925], [80.52644783913922, 18.06445342815122], [80.5249493437002, 18.05959054724127], [80.51714354349076, 18.05789189687798], [80.51679362652492, 18.05535655498779], [80.51399628260845, 18.05183147860888], [80.5059405672434, 18.05417749289983], [80.5055530621439, 18.05218888310919], [80.50469316360386, 18.05155168353345], [80.49939662665395, 18.05067039530813], [80.49642949557467, 18.05099657356349], [80.49197387490334, 18.05470704915935], [80.48943184490308, 18.0551227305772], [80.48233467732162, 18.0597820088279], [80.4771278082647, 18.05946965311088], [80.47447224458962, 18.06024214721369], [80.47197293888989, 18.05832109112748], [80.46969033094312, 18.0612223213758], [80.45953122917638, 18.06285674534309], [80.45879417650868, 18.06245436052295], [80.45918655520624, 18.06134714993362], [80.45571398253016, 18.06023015075343], [80.45105409618996, 18.06437807922173], [80.44537376922493, 18.06698896297624], [80.4431819581293, 18.06459303383867], [80.4366147069703, 18.06248511958504], [80.43605309163387, 18.06050085357842], [80.43339279164992, 18.060848046646], [80.43251364160083, 18.06167485211329], [80.43127155326721, 18.06004289761807], [80.3919240556014, 18.08165725978579], [80.35688976392595, 18.04823716531472], [80.35068257990305, 18.04049990269324], [80.3464902539132, 18.03662356206264], [80.34122165558763, 18.01438291684402], [80.33122637875103, 18.0082464922518], [80.32200957490538, 17.99865724700762], [80.31617381776105, 17.99596300114529], [80.31502861824367, 17.98827841903041], [80.31131167986075, 17.98307740125007], [80.31046815083108, 17.97616137411213], [80.3096754957831, 17.97529285078919], [80.29431842225848, 17.96447626219646], [80.27502394995905, 17.9663596918236], [80.26846866570416, 17.95052417385977], [80.27025965803244, 17.94542761516593], [80.26925696898233, 17.93469172830978], [80.26757857541445, 17.92852474605215], [80.26995013374612, 17.91542837376076], [80.27255877401124, 17.91337910310831], [80.2738091791219, 17.90998140894006], [80.27780222245131, 17.90686217617329], [80.27700382996956, 17.89900108764989], [80.27696726326452, 17.88128242888795], [80.27275225190499, 17.87674881846796], [80.27267944873893, 17.87028954445046], [80.26595419996814, 17.86128267740111], [80.26630839731463, 17.85326437552852], [80.26311246654244, 17.84578897949973], [80.25783324137326, 17.83625899574367], [80.24784759078045, 17.82440901706356], [80.25401369267661, 17.80346484207208], [80.25411593229722, 17.800929064404], [80.25307120413568, 17.79873097748272], [80.25584135476764, 17.79092752534405], [80.25398481217634, 17.78886869153237], [80.25242495095144, 17.77980809675476], [80.25800477876591, 17.77752720524485], [80.25670793333099, 17.76929869816446], [80.25671475575678, 17.76006356590038], [80.25804133667397, 17.75549036433495], [80.25898960611026, 17.75549144097141], [80.25942547678834, 17.75012170681516], [80.25859243727369, 17.74852051489519], [80.25323347791829, 17.74467658650508], [80.25258007204069, 17.74281333240918], [80.24989607444371, 17.74269727991189], [80.24849136350123, 17.73819773309691], [80.2469221256042, 17.72595450030205], [80.24480941713983, 17.72196942816081], [80.24785084507361, 17.71903013023436], [80.24796067732302, 17.71799505776918], [80.24505651120995, 17.71330390506153], [80.24724536285761, 17.70937363006036], [80.2476859961057, 17.70413480267538], [80.24105629765016, 17.69218357852554], [80.24189148713013, 17.68470305597682], [80.23946505460015, 17.67940653283695], [80.2379049328275, 17.6717467149863], [80.23759665505655, 17.65889410589985], [80.23672443556887, 17.65529913613314], [80.23074284112847, 17.65723102526281], [80.2302717635297, 17.66038134579417], [80.22347736300854, 17.66002455979646], [80.22117499483251, 17.66091664309006], [80.21783290814831, 17.66011211003552], [80.21389238499545, 17.65582136016164], [80.20871152351923, 17.65501865720461], [80.20680530581613, 17.65271056233966], [80.20662547894538, 17.62468199016917], [80.20977695444087, 17.6136737688836], [80.21363896275454, 17.60972781117526], [80.2226231286752, 17.60709946732721], [80.22320893389696, 17.60621868025478], [80.21788179490524, 17.58995049931322], [80.20189883103696, 17.55810197142267], [80.20571339372292, 17.55692277777882], [80.21863283281277, 17.55593201709], [80.23021723736264, 17.55237092975659], [80.23189221315702, 17.55786595317987], [80.23250980475984, 17.56466608750259], [80.2337424308014, 17.56628164949554], [80.2379512060354, 17.55922976537965], [80.2420979949664, 17.5597411363975], [80.24801000701599, 17.56185941331197], [80.25643338432094, 17.55704541280063], [80.26062297706756, 17.55337470917561], [80.26696450793646, 17.55100373096065], [80.28076810892469, 17.54259129540757], [80.29233282270008, 17.5558401081292], [80.28251232853948, 17.56335300774555], [80.28469084159967, 17.56663741437533], [80.28456923722094, 17.57009123364739], [80.2859800086875, 17.5730899446071], [80.29597456018492, 17.57078051670067], [80.30493531943641, 17.56982598397165], [80.31734918483887, 17.56548334121018], [80.3239516524335, 17.56090472973378], [80.33577562046001, 17.56204889987581], [80.33966298708141, 17.56312775184761], [80.3461444201274, 17.56782523356702], [80.34882666437191, 17.56726205287897], [80.35642837182866, 17.56800417884305], [80.36848473822505, 17.56784011212037], [80.36659985278028, 17.56033885842005], [80.35596518616563, 17.53123990174901], [80.3435688292352, 17.5350784446547], [80.33966771081494, 17.52262035107323], [80.34037757285408, 17.51888656974959], [80.34524439371296, 17.51368650379635], [80.34778274654917, 17.50933012589937], [80.34828857642356, 17.50098018891785], [80.34649173249198, 17.48515982602881], [80.36047360653231, 17.48637656403988], [80.35967926480863, 17.49698690620671], [80.36101926202633, 17.50097978074236], [80.37113219978335, 17.50514998330807], [80.37681225353465, 17.50867522840258], [80.37923660255491, 17.51219839032654], [80.39681277362348, 17.52821180614858], [80.40067219180672, 17.52788363032662], [80.40200921286414, 17.52101244185302], [80.40372660300896, 17.51646506893696], [80.40579657926884, 17.51345957340144], [80.40739452772743, 17.51203611540904], [80.41171547439842, 17.5116446547406], [80.41591901421624, 17.51010919125864], [80.42399245731838, 17.5044881278025], [80.42364046121367, 17.5009796478447], [80.43131687707525, 17.49731574260106], [80.43047915919561, 17.49454864378023], [80.42858076137543, 17.49374325713165], [80.41134785789494, 17.46987924403275], [80.40581098489461, 17.46343882443245], [80.40155874571651, 17.46059773366444], [80.40124451261782, 17.45778087545803], [80.40257086613023, 17.4523742305901], [80.40007242334597, 17.44696585153821], [80.39071154683585, 17.43280559509229], [80.3758900330741, 17.41689207798003], [80.38377033746285, 17.4147534683279], [80.38508437332685, 17.41469535996698], [80.39116731847844, 17.41767353717123], [80.39931910789409, 17.41855457879597], [80.40620345634659, 17.42105925707047], [80.40799792264214, 17.42066085603535], [80.41166333149006, 17.4175879909042], [80.42831824050803, 17.41243099046516], [80.42967966891524, 17.41112488489918], [80.43408718388991, 17.41257077051609], [80.4339833735031, 17.41336422366276], [80.43810263864769, 17.41809005910146], [80.43821851460952, 17.42385010183164], [80.44673379094165, 17.44090165425041], [80.4502136615962, 17.44444708950367], [80.45051426217515, 17.44794193330063], [80.46957535980687, 17.45704643603575], [80.47210020688884, 17.4571236640407], [80.47401288313914, 17.45541045788788], [80.47600063775973, 17.45571359494718], [80.48033389620838, 17.45920885309473], [80.4890668166985, 17.46843698699244], [80.49154449548176, 17.4726100037147], [80.49639188562168, 17.47513292425282], [80.50171530617202, 17.47622194820883], [80.50587983435167, 17.47859087648182], [80.51359598910886, 17.47169144418957], [80.51793000874568, 17.47181318172766], [80.53102244352476, 17.47828577614442], [80.53770700277856, 17.47616432430019], [80.54161242193966, 17.47662472950675], [80.54835298151265, 17.4732461027513], [80.55304958742191, 17.47263007029865], [80.55680284082206, 17.46813064407725], [80.55924517173877, 17.45978409725371], [80.5616090757868, 17.45719732710671], [80.56480735727665, 17.4566900425938], [80.56854849910569, 17.45952810267426], [80.57280664789614, 17.45909261833727], [80.57090069623537, 17.45112259851168], [80.57114991687286, 17.44991537029205], [80.57521804450118, 17.4458132771699], [80.57750648249021, 17.44397687277899], [80.57896654396554, 17.44375484349843], [80.58209460532531, 17.44503760938526], [80.5851041997666, 17.44434925608143], [80.58702150728895, 17.44492713552596], [80.5879005123636, 17.44110646863014], [80.58556683589393, 17.43613870281851], [80.58509413197133, 17.43211502526584], [80.59256038738681, 17.42445306152809], [80.56765799692162, 17.41825942332734], [80.56642374204336, 17.41731941018334], [80.56605535275332, 17.41414112634614], [80.56732410502069, 17.40590765280983], [80.56602144725751, 17.39735391662263], [80.56715315779309, 17.38803980271381], [80.5645982920649, 17.38007418176061], [80.55959624474168, 17.37510227037177], [80.55531390446225, 17.36804974815447], [80.55596396714039, 17.36817210749665], [80.55628568445537, 17.34108937801305], [80.56018453839296, 17.34376494406164], [80.5693776490619, 17.35379044459535], [80.5761481176492, 17.35462003876451], [80.58212367105193, 17.35698700236423], [80.59224848431616, 17.38215726103488], [80.59606332087297, 17.38372903623799], [80.59770122695761, 17.38237187909073], [80.60477888368035, 17.38324115449922], [80.60724106682544, 17.38228588072953], [80.6078145138133, 17.38040476612433], [80.61037937552203, 17.3781337898734], [80.61298310444506, 17.37776614695381], [80.61439867879356, 17.3749125219157], [80.61947232548829, 17.37141480569404], [80.61886646334727, 17.36611168535694], [80.61007620689075, 17.35807751809687], [80.60943494648838, 17.35628740484508], [80.60950514235326, 17.35555491522776], [80.61091769820734, 17.35590689249029], [80.61113857960991, 17.35504322777663], [80.61290836222081, 17.35441377171255], [80.61253593838, 17.3535775795464], [80.61323208538305, 17.35241522373416], [80.61570780004293, 17.35119761333098], [80.61619132418373, 17.34884173381879], [80.61727408206241, 17.34881401560351], [80.61689683949243, 17.34769745730988], [80.61415574834508, 17.34579547621866], [80.61485074441337, 17.34288342386624], [80.61966098566926, 17.34111739340349], [80.62537813289481, 17.33677365723094], [80.62851936894208, 17.33874307277819], [80.62927348867798, 17.34006732786165], [80.6291954210037, 17.34301532742787], [80.63293073886696, 17.34611014917347], [80.63097722101112, 17.35348560574307], [80.63051910361942, 17.35843673758263], [80.63191498934826, 17.36183138139599], [80.6343592577943, 17.3628290496034], [80.63778095782669, 17.36110425119618], [80.64240008632511, 17.3616166150568], [80.64606670572597, 17.36018085412949], [80.64489560728583, 17.35553829999081], [80.64623129433456, 17.35357064513284], [80.64518464135999, 17.35166329517822], [80.64656132258936, 17.34793228519398], [80.64578801645463, 17.34632777636374], [80.65250898275282, 17.34394939539549], [80.66034218749786, 17.34328804416699], [80.65988731753816, 17.33967579271731], [80.66633765581152, 17.34071530283193], [80.67135963141476, 17.33935490835755], [80.67546509748387, 17.33978104302874], [80.67974726966624, 17.33781069651938], [80.6815435690069, 17.33555301227019], [80.68284417905772, 17.33199358409055], [80.6821442225921, 17.32840879915558], [80.6838408406382, 17.32554530352233], [80.68365597876698, 17.31910700390285], [80.68604826753786, 17.31525274021444], [80.68750811058499, 17.31094706522725], [80.68735994894104, 17.30862777241001], [80.6851571052236, 17.30867040316742], [80.68189355428807, 17.30688724115849], [80.68294314617914, 17.29674024880286], [80.68497310548811, 17.29319376842121], [80.6872162886588, 17.29122043814958], [80.69250405940068, 17.2888736242116], [80.69673056132332, 17.28897825847545], [80.70882846230687, 17.29991761636431], [80.72242283853592, 17.30528432276088], [80.72565613791723, 17.30542149179437], [80.73274305019665, 17.30165573482359], [80.73657826174502, 17.29744267777053], [80.74163740506458, 17.29429608888612], [80.74751756220248, 17.29280325758658], [80.74845772679049, 17.29130283484876], [80.7500181677766, 17.30066035779767], [80.76100714472364, 17.31389041686375], [80.77539167173285, 17.30821314876887], [80.77735226247876, 17.31542957020801], [80.77623166796421, 17.32861989511197], [80.77871079605471, 17.3373247756213], [80.80372880929737, 17.33843445780796], [80.81279833052768, 17.33707855193119], [80.8192849558789, 17.35125683047653], [80.82659141402593, 17.35957398403296], [80.8316587510569, 17.36314247584792], [80.84513627548814, 17.36725811205559], [80.85190121080244, 17.36671799240831], [80.85920550231627, 17.36505108176603], [80.85993470252252, 17.36470166317945], [80.8607140078446, 17.36090244817477], [80.86223017035702, 17.34820852123418], [80.8652841362038, 17.34493896247816], [80.86551771720697, 17.34141643776077], [80.86773249580601, 17.33503296899827], [80.8675859808327, 17.32969798463411], [80.87199370239556, 17.32300773904474], [80.86888743466636, 17.2831975647932], [80.87619395119633, 17.26473266391605], [80.87564625235576, 17.2637886661062], [80.87298125533857, 17.26302919553781], [80.87273805439507, 17.26134763950875], [80.86977021076778, 17.2571252579679], [80.86633351530241, 17.24621175088458], [80.86525532169901, 17.23576884666318], [80.86798462123654, 17.23339934471113], [80.87123503793661, 17.2329596637325], [80.87190934866352, 17.23374068203597], [80.87455801300888, 17.23353717112401], [80.87523260838509, 17.2320031727576], [80.87792173989492, 17.23084995041761], [80.88939507170949, 17.22731142386077], [80.8996476327643, 17.22285676019514], [80.91096592279615, 17.21975604118276], [80.91471408431659, 17.21901174126298], [80.91884229086838, 17.2200075087582], [80.92066438005077, 17.21936745860728], [80.92758740528153, 17.22028062739043], [80.93259125130878, 17.2192440526796], [80.93901971071061, 17.21988652429271], [80.94128150538381, 17.21929409566244], [80.94594272741193, 17.21656681369182], [80.947442816492, 17.21416255857778], [80.96028696736799, 17.20406521405499], [80.96804604047678, 17.20255155455789], [80.96997626537153, 17.2011410013417], [80.97628773729075, 17.20027241069501], [80.9824688846557, 17.19619335138189], [80.98413909559709, 17.19623476613244], [80.99435891031762, 17.19132327000967], [80.9984477095009, 17.19045993139068], [81.00281828578245, 17.19171489062105], [81.00861906230982, 17.19185939085399], [81.01211570615129, 17.19413903628218], [81.01542822422077, 17.19440230766448], [81.03127111055532, 17.19032989352048], [81.03286089877615, 17.19196732030757], [81.03498119985174, 17.19145107539235], [81.03686567333392, 17.19248185865218], [81.04181795603141, 17.19877714821909], [81.0435684110832, 17.20232688063422], [81.04949533870912, 17.20706855016396], [81.05089986877626, 17.21133346119166], [81.05559503671861, 17.21955989469866], [81.0546093441905, 17.22487420195871], [81.05861753592785, 17.22306867275385], [81.06271340172941, 17.22233893427444], [81.07960622933628, 17.21527709079294], [81.08328769036291, 17.21762289533483], [81.09036985825401, 17.21959745815429], [81.10943247635068, 17.22346857609349], [81.12760166734326, 17.22431107195465], [81.14593317350045, 17.22871473051917], [81.15947241699212, 17.23079838294568], [81.17118911232376, 17.23093365878533], [81.17397725915585, 17.23033698195731], [81.1730090524653, 17.23202663794631], [81.17501639418354, 17.23697162238564], [81.18337993816313, 17.24701937009756], [81.18609088216476, 17.24849377478538], [81.18759469687757, 17.25465201394688], [81.1839369854573, 17.25834893073458], [81.17817615459028, 17.26904303138996], [81.17795059422137, 17.27186076383085], [81.17956846473585, 17.27837132957741], [81.17888893675776, 17.28292770299317], [81.17676672633117, 17.2844039555917], [81.17665893745927, 17.28766810381437], [81.18136729813297, 17.30445086312101], [81.18375566712291, 17.31039366728051], [81.18667239029266, 17.31395182833047], [81.18765878855733, 17.3187143485507], [81.1904104950247, 17.32481410680567], [81.20688391941688, 17.32528006239942], [81.2103137402189, 17.32605091387184], [81.22204713757269, 17.32148985854557], [81.23356677877551, 17.32036080820431], [81.23913277794979, 17.32084347105891], [81.2391333226355, 17.32349314514066], [81.24463012714034, 17.32308963311691], [81.2456713185507, 17.32578989613229], [81.26825453184364, 17.32002600231246], [81.27402884223135, 17.31719269742563], [81.27568115657262, 17.31838941193848], [81.27888914831475, 17.32371767312195], [81.28926578568479, 17.32871197450396], [81.29740671705686, 17.338339746155], [81.30110714720735, 17.34066348975027], [81.305299836131, 17.34590622202083], [81.30760028725659, 17.35234077449859], [81.31085468963033, 17.35713927738115], [81.31198993682627, 17.36069335770611], [81.31631388243215, 17.36448400867854], [81.31646970962454, 17.36900232636826], [81.32017082145423, 17.37133021087098], [81.32264131487403, 17.37454770385442], [81.32110209267813, 17.38797400410832], [81.31756702060574, 17.40074665049751], [81.31338754501024, 17.40811417043568], [81.31002248894845, 17.40977265525136], [81.29739697840513, 17.41335143677601], [81.26854229117328, 17.41825896027666], [81.25974125966586, 17.4222193961095], [81.24550718891714, 17.43302557193411], [81.24269169135933, 17.43206340537716], [81.23632762899611, 17.43557581121742], [81.22471671105757, 17.43920996558821], [81.221425217172, 17.43943811825261], [81.21904763469438, 17.4422764374026], [81.2117590105734, 17.44174019067826], [81.20895466826768, 17.44646510804035], [81.2052636089203, 17.44958793085353], [81.2038854320964, 17.44750376300918], [81.2022971932442, 17.44066396507538], [81.20269707368665, 17.43395316983016], [81.1932971511069, 17.43562515874364], [81.18298419475735, 17.44024742601166], [81.17516548564585, 17.44574747814128], [81.17232707128562, 17.44904328937165], [81.17554726220685, 17.463636376787], [81.14825367493279, 17.46365328524423], [81.15037492354315, 17.46834429482262], [81.15595921997374, 17.47599499269409], [81.15968076902686, 17.484370095752], [81.14214537820648, 17.48858753890894], [81.14233145789865, 17.49074344580795], [81.14487101824575, 17.49507602453705], [81.14050645977447, 17.50466467584541], [81.13847572970225, 17.51623558335111], [81.13648090979059, 17.51863763531584], [81.13109162280243, 17.52195399185287], [81.12727966430158, 17.52642293813022], [81.12449681775018, 17.52705951254853], [81.11746463463317, 17.52207075139215], [81.10110576616336, 17.50560225184045], [81.09756318672076, 17.50425590250767], [81.09134803690485, 17.5056521624196], [81.08006767928333, 17.51504611587911], [81.04720518013522, 17.51951386851164], [81.01989579663598, 17.52003433463928], [81.01482640054468, 17.5221262101855], [81.01513899454017, 17.52453967690214], [81.01367685905608, 17.5366186568299], [81.00842589675527, 17.54700232575452], [81.00677662514926, 17.54890956920725], [81.00280817977419, 17.55060975455767], [80.99839982489844, 17.56468461908498], [80.99159147640603, 17.57116075287561], [80.98880438819369, 17.57241943689239], [80.98282973114931, 17.58273600194674], [80.97979767157001, 17.58411267866137], [80.97672713890512, 17.5871892356429], [80.9693064018996, 17.59837662122759], [80.97321931119853, 17.61222417383065], [80.9747988742407, 17.61430025522589], [80.97551775333068, 17.61914485545139], [80.98410603724899, 17.62620959189221], [80.98952393939635, 17.62657692671057], [80.99216147605618, 17.62740720145157], [80.9931403192926, 17.6285532102143], [80.99592323002567, 17.62907568549877], [80.99840103207121, 17.62823807765109], [81.0070449001637, 17.62171467192813], [81.00954867930533, 17.64364551458742], [81.00824491748402, 17.64634294935281], [81.00356228234874, 17.64979428568914], [80.9958088012931, 17.65282777397957], [80.99209485979736, 17.65346469933755], [80.98005949908924, 17.65261056718323], [80.969253858568, 17.64934361988994], [80.96236592173265, 17.64571942926177], [80.95235952795281, 17.63703407610318], [80.93809656481528, 17.63257927549493], [80.92533316903918, 17.63441788900126], [80.91867150928488, 17.63676380643437], [80.9136131168525, 17.63709461176326], [80.90619208489545, 17.63941895642013], [80.89704302129265, 17.64063868336177], [80.8827388428773, 17.64591332001938], [80.87813193648346, 17.6506682874696], [80.87681414503528, 17.65435492642995], [80.87606616747463, 17.66021503420919], [80.87640246770218, 17.66837871246311], [80.88114350325917, 17.67660234396084], [80.8869890836204, 17.6827805589295], [80.89079463817689, 17.68976245763105], [80.89474956046739, 17.70290997925817], [80.89099329754265, 17.71368484736863], [80.89076429015307, 17.72188100729151], [80.88554632269216, 17.73567795380769], [80.9023705529039, 17.74620217177004], [80.90603301893468, 17.74704052393772], [80.91073365808732, 17.74572960553745], [80.91300312489881, 17.74592412317249], [80.91458470851411, 17.74652681340261], [80.91273231986509, 17.7494777598339], [80.9144373347532, 17.75045539875176], [80.91499905018357, 17.74835678158496], [80.9175695824531, 17.74810768486371], [80.91723951568713, 17.75040925628752], [80.91945973196084, 17.75620007996038], [80.92338243216498, 17.75728631434122], [80.92404162246704, 17.75885355682853], [80.92611370653015, 17.75932854764637], [80.92785046660157, 17.7617751849444], [80.94631247720771, 17.7601869153719], [80.95562188681522, 17.77290566246382], [80.9553239135518, 17.77461957451475], [80.95846712808873, 17.77501963410656], [80.96036297853811, 17.77666545844266], [80.96342682040053, 17.77739117783552], [80.96586706568905, 17.7797816205917], [80.96809575291222, 17.77849299339215], [80.97216625505142, 17.77795516304117], [80.97342181740466, 17.78012216143035], [80.97611082905628, 17.7780051507549], [80.97687578165507, 17.776317305828], [80.9842275929003, 17.75565618380946], [80.98926298933567, 17.75254364497159], [80.99131796948188, 17.74991713015751], [80.99840634060395, 17.74909151240239], [81.01591590863059, 17.74502915596734], [81.02763248370661, 17.74812851535816], [81.04056442893169, 17.74760838041748], [81.04416050456145, 17.74041648076475], [81.0505115648807, 17.73400532280255], [81.05816501322533, 17.73308576590476], [81.06983274519617, 17.74071249103464], [81.08257974670038, 17.75310047706414], [81.09564971664095, 17.76220433700198], [81.10149852512292, 17.76770007021353], [81.10426225916422, 17.77200636156727], [81.10387507020788, 17.77319802039041], [81.09599758582432, 17.77449328523084], [81.08978095245679, 17.79103974950469], [81.08558749965347, 17.79802347670451], [81.07326267351046, 17.78645426375886], [81.06690176968031, 17.7848938295417], [81.04661652947345, 17.78230730583257], [81.03898120669726, 17.78415182924565], [81.0317641758777, 17.78847190942816], [81.02480810599711, 17.78920938504881], [81.01766728068965, 17.79137856404791], [81.00942510766369, 17.79725135989342], [81.00821903468511, 17.79936625795274], [81.00345864903464, 17.81951978127309], [81.00323412305535, 17.83061489199135], [80.99645445804221, 17.84907078385297], [80.99560190540524, 17.85978264020302], [80.99566688283107, 17.86858771511644], [80.99655109675716, 17.87175291069956], [80.99416763304345, 17.88090446076052], [80.99665630695587, 17.88736591315369], [80.99740438478231, 17.89675836827623], [80.99933558256429, 17.9032867702865], [80.99834018405211, 17.91678651662833], [80.99473134026402, 17.92490446929918], [80.99380773684527, 17.92880960295282], [80.99071838727208, 17.93470060785268], [80.98784307805812, 17.94444558612724], [80.98580950467486, 17.95458509010856], [80.97919566693452, 18.00444933412311], [80.97272905802085, 18.02483245602261], [80.96953594911224, 18.03174583791453], [80.96660970532804, 18.03448945742411], [80.96425992714217, 18.03814071524556], [80.96650472929836, 18.04141033946198], [80.9697597073196, 18.04384826145665], [80.96905273877361, 18.04642811919593], [80.96244471746843, 18.06298346103703], [80.95343561004871, 18.0786270498905], [80.94925722402762, 18.08286160674422], [80.95000092730913, 18.08788022787889], [80.95177798220824, 18.09012027607654], [80.95397869263581, 18.12032792608637], [80.95551341970418, 18.12905509710014], [80.97873883723672, 18.1508001981989], [80.97902754653079, 18.17541126121497], [80.95765582571492, 18.17354691053389], [80.95409999060716, 18.16915296198528], [80.95162125907486, 18.1636561725481], [80.94235774391291, 18.16038443185821], [80.94163802767122, 18.15661714819679], [80.93990325777669, 18.15542515036439], [80.92104593915879, 18.14428591651003], [80.91417017203338, 18.14117046547672], [80.90013148294064, 18.13712060013627], [80.89108315842118, 18.13597864684187], [80.8818081387483, 18.13555457190638], [80.86666955439968, 18.13692339713315], [80.8654549852947, 18.14145439185772], [80.8613250172075, 18.14538881913817], [80.86016245430369, 18.14786434143748], [80.86040237172045, 18.1613942202755], [80.85735814651662, 18.1707045782695], [80.85708364930737, 18.17442239457771], [80.858542845962, 18.18645254460231], [80.85761622629673, 18.18965084548632], [80.85424092446026, 18.19549163964665], [80.8529119955465, 18.20200114213021], [80.85361603793422, 18.20363655212784], [80.85521361379853, 18.20415621019226], [80.85723667794973, 18.20433258635725], [80.86390616136048, 18.20265257193099], [80.87096781641623, 18.204794164039], [80.87194599241367, 18.20533423334608], [80.87135063524028, 18.20709803526432], [80.87260795213587, 18.21057653617088], [80.86953998558074, 18.21769599410511], [80.86593731279105, 18.23012786492761], [80.86051955014118, 18.23199327626553], [80.84342963958467, 18.23243850534222], [80.83714068406924, 18.23880244249763]]]}}, {"type": "Feature", "properties": {"dtname": "Hyderabad", "stname": "Telangana", "_state": "TG"}, "geometry": {"type": "Polygon", "coordinates": [[[78.50149410300979, 17.48171257463547], [78.50031233321937, 17.4830217857613], [78.49865573370649, 17.48145537857822], [78.49766206287343, 17.47956514784276], [78.49758129000152, 17.476390287472], [78.49866589074173, 17.47352489228859], [78.50387495447302, 17.47089699985701], [78.50471451871586, 17.46851921378709], [78.5031669015799, 17.46716697841398], [78.50044432560667, 17.46666679093926], [78.49801634542963, 17.46776976556773], [78.49660818873798, 17.46726829224434], [78.49388968854895, 17.45899124893332], [78.49143126926548, 17.45754403495742], [78.48838615477108, 17.45636233932735], [78.48544304126598, 17.45625775250335], [78.47643044552063, 17.46228970834236], [78.47590526076283, 17.46343767720174], [78.47645724505014, 17.47057374820788], [78.4779049350593, 17.47151595028429], [78.47950799659749, 17.47139546729726], [78.48275936022294, 17.4759250923417], [78.48007491016858, 17.48270450131727], [78.47713120101031, 17.4826088979297], [78.47491160683637, 17.48127649779847], [78.47184147132167, 17.47744928091869], [78.46543878333988, 17.47472067631064], [78.46365123957627, 17.47264647797083], [78.46287539722039, 17.46748899410944], [78.46402191105062, 17.45732209214841], [78.46370701885634, 17.44906730393359], [78.4604130387029, 17.44645854891942], [78.45757242688377, 17.44783307726149], [78.45463931282463, 17.44495638774133], [78.45294527455349, 17.44478187138996], [78.44754188695252, 17.45067571285556], [78.43388437051283, 17.45122205906487], [78.4311613728113, 17.45033670182307], [78.42879157413313, 17.44500084817439], [78.42781011693398, 17.44426784701714], [78.42491890182242, 17.44371976021171], [78.41447142884896, 17.44587856635089], [78.40942973030751, 17.44200854418951], [78.40858370626113, 17.43962641534601], [78.40972177304882, 17.43448298662868], [78.40499095382937, 17.43242447026579], [78.40136008664625, 17.42617167530215], [78.40130306191787, 17.42423989275294], [78.39568164198884, 17.42402621155652], [78.39496161354838, 17.42309226294839], [78.39570560106937, 17.42178837297752], [78.40015354268535, 17.41941330970279], [78.40399907803327, 17.40771805038172], [78.40293311175674, 17.40610239518166], [78.39922271754995, 17.40516157297092], [78.39787038287874, 17.40390488783848], [78.39460327900798, 17.40378221429951], [78.39274058767104, 17.40181955553389], [78.39265654701485, 17.39929533022767], [78.39483834343406, 17.39829497133734], [78.39546557140933, 17.39646991916436], [78.39186809740585, 17.39139362755673], [78.39230036730868, 17.39060656314861], [78.39546144258082, 17.39004995582102], [78.39510404740169, 17.38604495714168], [78.38944419419066, 17.38293693894192], [78.38515780969249, 17.38305272685965], [78.37938854182217, 17.37919739935872], [78.36916076111292, 17.37920845423638], [78.36788494341943, 17.37874353925862], [78.36752954746169, 17.37773939954216], [78.36789065112937, 17.37614230337269], [78.3717176769316, 17.37453013753634], [78.37382323056477, 17.37272888230781], [78.37680155408582, 17.3720803741203], [78.3794331502179, 17.373463065368], [78.3880356610158, 17.37088060069892], [78.3977642364821, 17.37044326194911], [78.40223021602209, 17.37245872212642], [78.40618494362468, 17.37120432692367], [78.41064068387811, 17.37198511389259], [78.41468024110888, 17.37070888747165], [78.42856920391853, 17.372711755401], [78.42689836451505, 17.36012973604856], [78.42822778703145, 17.35907999793169], [78.43279156524882, 17.35897059092568], [78.43658376067782, 17.35476603098614], [78.44189688718042, 17.35142152006226], [78.44226666911801, 17.34893816962481], [78.44111132218437, 17.34693999614437], [78.43880724947343, 17.34621239493545], [78.42969249123074, 17.35157251886676], [78.42720173997238, 17.35113221802657], [78.42591360648034, 17.34858524665452], [78.42912364430613, 17.34555521908083], [78.42321439667239, 17.34336797548547], [78.42342189811785, 17.34066149507441], [78.42687650273079, 17.33897681585564], [78.43187642120644, 17.33943233699936], [78.44003541294798, 17.33630541712245], [78.44215148764692, 17.33340032606694], [78.44211175841782, 17.32909971640759], [78.44337038543999, 17.32714051169884], [78.45166401073864, 17.3236706843635], [78.45338739978779, 17.31911575357244], [78.45440065274477, 17.30814654321876], [78.46014259683703, 17.29871488014602], [78.46109399114522, 17.29820845050991], [78.46407007212503, 17.298548877527], [78.4675357798378, 17.29751933937543], [78.46883459681561, 17.29800655686294], [78.46890222910234, 17.30557161838896], [78.47261399045586, 17.31037346962744], [78.47359488097163, 17.31476893268848], [78.47729318774229, 17.31768895191813], [78.48953521424993, 17.32022395514083], [78.49328616380193, 17.31802102241232], [78.4948798117865, 17.3182395181933], [78.501902544127, 17.32203588879834], [78.50305055597266, 17.31885884331581], [78.50565682677497, 17.31810101519479], [78.50715874952449, 17.31854914618315], [78.50481205543728, 17.33315500558361], [78.50737050758494, 17.33974740177727], [78.50594865065722, 17.34872948914755], [78.51060664357976, 17.350934404916], [78.51501290093654, 17.35100249079381], [78.51584909499066, 17.35211363443359], [78.51793724076151, 17.35142317196927], [78.5189327030713, 17.34562200151042], [78.52122295723133, 17.34306136600638], [78.52635256304269, 17.34329890525306], [78.52749375674794, 17.34405999788929], [78.52877115912378, 17.34908647827553], [78.52952376321919, 17.34915215792704], [78.5318783582804, 17.34581432653141], [78.52978087969518, 17.35887408826845], [78.53554534577772, 17.36237948397995], [78.53731070242803, 17.36713442039632], [78.54079945525869, 17.37142593289688], [78.53698727073991, 17.37217309623644], [78.536271885843, 17.37089761230897], [78.53542466677334, 17.37133741155163], [78.53257850383272, 17.36919509167118], [78.52920334491358, 17.37145181365842], [78.52789111941836, 17.37412542089494], [78.5295960735685, 17.37548855066152], [78.53030774819076, 17.37757818672195], [78.52907465730173, 17.37939344905244], [78.52675557796452, 17.38054764807764], [78.52806891301009, 17.39609166164065], [78.52779502164553, 17.40132511068282], [78.5253177420301, 17.40367604185176], [78.52312360638864, 17.40174754401062], [78.52215720323422, 17.40230835044739], [78.52334535099135, 17.40380734992625], [78.52316736573778, 17.40616266866942], [78.53477659572475, 17.40395332614868], [78.53507929695671, 17.40524025141767], [78.53335692053474, 17.41121996629637], [78.52699746996696, 17.41274834021144], [78.52779342234008, 17.41999445664584], [78.52637437938307, 17.42200261523653], [78.53022998814212, 17.42528033574758], [78.53682826506281, 17.42204049014151], [78.54344030931632, 17.42685791577028], [78.54517073550564, 17.42904861060298], [78.54585768178816, 17.43337482352008], [78.54898250999008, 17.43759211194908], [78.54737803528127, 17.44120802222024], [78.54548587598754, 17.44059841653427], [78.54385387668128, 17.4431877596153], [78.54164333983248, 17.44285550387158], [78.5313722549069, 17.43698713783971], [78.51779261879919, 17.44072264607613], [78.52060593804195, 17.45790264423029], [78.51864912336306, 17.46229751879877], [78.52021095075924, 17.46834539143346], [78.51949928974763, 17.47118280577335], [78.51764648959924, 17.4736433319131], [78.51793863979788, 17.47434891556845], [78.52155133747162, 17.47488888082735], [78.52284922346546, 17.47583994842303], [78.52308651480683, 17.48128081650966], [78.52231720269037, 17.48235423474488], [78.51828206540819, 17.48256551096723], [78.51306199262656, 17.48066766662767], [78.50782497609629, 17.47999027626575], [78.50501990696303, 17.48016761571463], [78.50149410300979, 17.48171257463547]]]}}, {"type": "Feature", "properties": {"dtname": "Jagtial", "stname": "Telangana", "_state": "TG"}, "geometry": {"type": "Polygon", "coordinates": [[[78.97455419212342, 19.07621305588868], [78.9633471182734, 19.07770047320803], [78.95756410645207, 19.07621851766651], [78.9534292942472, 19.07712817633894], [78.95121422627743, 19.07614583126917], [78.94115275173876, 19.06564126184558], [78.93990077875175, 19.0630309118559], [78.93577190079039, 19.06146548358081], [78.93137581954363, 19.05709806575918], [78.92481173453449, 19.04836118708521], [78.92245565470705, 19.04197168967085], [78.92047222615018, 19.04060229825463], [78.91866678184444, 19.03778008098962], [78.91759433624132, 19.03418181528874], [78.91565630903024, 19.03307919482972], [78.91387124092923, 19.0306859775132], [78.91085248362458, 19.03051465505642], [78.90288159283729, 19.03372536717667], [78.87385273348339, 19.0558493632764], [78.87240363426554, 19.05535519627029], [78.86941480960604, 19.05609585525451], [78.86640949932509, 19.05907788088682], [78.86199706008018, 19.05908493017117], [78.84483050334639, 19.07028681385046], [78.84197694532635, 19.06904608177858], [78.83554627379287, 19.06844544433564], [78.83345409176297, 19.06539453386729], [78.8287108254251, 19.06134746459003], [78.82376115512504, 19.05205105579391], [78.82109048033892, 19.04893219257526], [78.81471506547753, 19.04916685458732], [78.81109847320248, 19.0478153154151], [78.80533351310964, 19.04939127565157], [78.79882767508963, 19.04825159278193], [78.79060797883706, 19.0432548744926], [78.78878747624111, 19.04344362331262], [78.77879895348451, 19.03768263409271], [78.77242059672811, 19.03223524591813], [78.77078065232159, 19.0297290279393], [78.76832681262692, 19.0212273302214], [78.76944327604308, 19.02009821948049], [78.77013879915394, 19.01431838414615], [78.76950597591521, 19.013924907711], [78.76723898382444, 19.01521642967361], [78.76225026302986, 19.01126488203191], [78.75659131800036, 19.01113782928495], [78.74019051837074, 19.01688025680033], [78.72683515209492, 19.0228768989666], [78.72363221524625, 19.02520811504326], [78.71663015362054, 19.02753937776225], [78.70387570759169, 19.03516087539613], [78.70048884067558, 19.03576035173474], [78.69176174857239, 19.03302255848903], [78.68634745218141, 19.03001428959755], [78.66549733404999, 19.01464879654267], [78.6599542594055, 19.00475544807637], [78.66018220484926, 19.00080454890611], [78.656165387086, 18.99785412536191], [78.64803331057311, 18.98874698988632], [78.64316007382973, 18.9839853296387], [78.64080436720472, 18.98308428486691], [78.63831270738729, 18.97952184712507], [78.63602605025316, 18.97786257588366], [78.62032966170908, 18.9819308600417], [78.61337885773872, 18.98294946301858], [78.60638935926801, 18.98549857473877], [78.59724123344493, 18.99515528173425], [78.5961314775484, 18.99794111306783], [78.58844774972987, 19.00535667639103], [78.57966641203939, 18.99929877832461], [78.57501469060018, 18.99388270890186], [78.56659221189376, 18.98812102894604], [78.55619987013945, 18.9771382224643], [78.55395994307834, 18.97182464375267], [78.5514872499857, 18.95420129370438], [78.54824268785633, 18.9463012123705], [78.54602330312792, 18.94561257996828], [78.53697036654184, 18.94580838402773], [78.53651235290454, 18.94227228264998], [78.53262369002312, 18.94332978126841], [78.52801609897854, 18.94272301693655], [78.52587565915827, 18.93877088646231], [78.52590378728462, 18.93225328451057], [78.52797558492034, 18.93014937347894], [78.52674157154986, 18.92872884149482], [78.52494196968429, 18.92973761615206], [78.52302653136314, 18.92532063252413], [78.52098247479569, 18.92293129929227], [78.5191637625532, 18.90443478812672], [78.51793650794151, 18.90331686612631], [78.51893130716866, 18.90069273369324], [78.51411698874426, 18.89231441930134], [78.51980981268855, 18.88922756657239], [78.52087663755616, 18.88979298330259], [78.52634215050058, 18.88945022510412], [78.5326851588613, 18.88539331418448], [78.5360655925312, 18.88428597145505], [78.53880761171264, 18.87539872838047], [78.54043294381295, 18.86430151855025], [78.5417008756623, 18.86326043866739], [78.54114638458168, 18.86082530908796], [78.54330796575226, 18.85961625298829], [78.5373691797548, 18.84423306038414], [78.54008467882693, 18.84574398301191], [78.54144292208491, 18.83946863546339], [78.5482762616037, 18.83454845273119], [78.54813964678557, 18.83066252037366], [78.54184857854914, 18.81786371618211], [78.54166193833201, 18.81530863266678], [78.54311083631796, 18.81415188459669], [78.55092061999085, 18.81347750469353], [78.54896417103565, 18.8089516222382], [78.55219141042772, 18.80545296817102], [78.55277871535658, 18.8022149403432], [78.55430459784266, 18.80093232117449], [78.55247176141448, 18.79108189533795], [78.5592490214455, 18.78543316067309], [78.56350817541964, 18.77881652482028], [78.55906326022544, 18.77317158826252], [78.55699530191225, 18.76748365172184], [78.55431127992203, 18.76509227834252], [78.55745566525754, 18.75602274511001], [78.55645978026128, 18.75406093685125], [78.55358387509693, 18.75332109655294], [78.55155972351055, 18.75065526025039], [78.55132228349602, 18.74725249099287], [78.55271288623159, 18.74253074135099], [78.55827932212645, 18.74003499160109], [78.57116857865286, 18.73825873246595], [78.57668894847097, 18.72968169048414], [78.58042128192339, 18.72610248879575], [78.58163138321305, 18.72283344051255], [78.59058583247707, 18.72541738807383], [78.61119205091626, 18.72837960508631], [78.61288129038915, 18.72803335085347], [78.61471179205408, 18.72998381634091], [78.61739780208576, 18.72875604197757], [78.61747319634536, 18.7297866697947], [78.62863920326036, 18.72781974084547], [78.63718332330164, 18.72332674655293], [78.63954909328714, 18.7203566983422], [78.64095753184581, 18.71534987127122], [78.63997420921129, 18.70710590257464], [78.64081117516348, 18.70185471057193], [78.63986931769519, 18.69725275235519], [78.63715280728093, 18.69029384722034], [78.63564868197126, 18.6895408614721], [78.63160580386773, 18.67748806962409], [78.63365755269912, 18.67260419880413], [78.63682187529695, 18.67331833630418], [78.63789856919878, 18.67224346017436], [78.65277783817355, 18.63866948578257], [78.66429486122263, 18.63354113151057], [78.66988804681479, 18.62332435269648], [78.68337115058007, 18.63185104333228], [78.68456103628523, 18.63435945518771], [78.68800911744667, 18.63304232158244], [78.68815207927709, 18.63397418338133], [78.69005333523279, 18.63285621635274], [78.69666661487851, 18.6418390630168], [78.70612381670948, 18.64107344494627], [78.70910351446605, 18.63914662901713], [78.7153461272243, 18.63747283335043], [78.71861255596706, 18.63371402403642], [78.72193405893209, 18.6322099520316], [78.72350094199295, 18.63292773821637], [78.7255077446904, 18.63164765538531], [78.72711577607957, 18.63199528220832], [78.73059480647123, 18.63036594974302], [78.73421545407443, 18.6298355004518], [78.74534726703382, 18.6298409235718], [78.7486509534026, 18.6313542976849], [78.7544686459205, 18.63049356610937], [78.75468266080556, 18.62670487044142], [78.7605479602705, 18.61888229950996], [78.76934380731318, 18.62039461073441], [78.79155527182199, 18.6208254368398], [78.80059142940945, 18.61218669151783], [78.81240339764894, 18.60464460270791], [78.81522742389838, 18.6057466146146], [78.82458074088152, 18.60466769927548], [78.83292221211569, 18.59556123656078], [78.8396915630534, 18.59183222087902], [78.85074653066447, 18.58833014549689], [78.85518462935397, 18.58736121801864], [78.8627787378893, 18.59253812170609], [78.87153562478647, 18.58730510801024], [78.87368184264551, 18.58674764200836], [78.87997212255198, 18.59094263886892], [78.88612716375853, 18.59663193635201], [78.89331118393191, 18.59707431899257], [78.90149601971869, 18.57773082158545], [78.90011012013643, 18.57110611011418], [78.89724372440274, 18.56477305252726], [78.89897416390068, 18.56288379287115], [78.89712262034384, 18.55933236508569], [78.90038902784852, 18.55787030459418], [78.89994220424732, 18.55459587337857], [78.90139659201299, 18.55400582465489], [78.90084074734305, 18.55246549640917], [78.90282687977805, 18.54999084440306], [78.90446098621173, 18.55116863923804], [78.90717255046407, 18.56079424336604], [78.91077282590432, 18.57011448647294], [78.91253160871143, 18.57230519363561], [78.91630173722514, 18.57534206693033], [78.91939460367432, 18.5725140441439], [78.92422236393465, 18.57013234000387], [78.92661039482624, 18.56598428726613], [78.92881172134503, 18.56617657422916], [78.93062445830024, 18.57168824086746], [78.93915476223766, 18.58378641488925], [78.9485461908937, 18.58066475557928], [78.95372823583101, 18.58019613287612], [78.95326768171465, 18.57912659594234], [78.9570864161525, 18.57670986091968], [78.96771660332762, 18.57745920593508], [78.96907267851549, 18.57610892723087], [78.9757449688937, 18.57466548430081], [78.9767286043475, 18.573082116814], [78.98087705996153, 18.57085706223897], [78.98320219231438, 18.56853763226165], [78.98939540300226, 18.57387645669639], [78.98839648567638, 18.57561787020958], [78.98948622048444, 18.57621739799068], [78.98873747318352, 18.57746358504619], [78.98299122385168, 18.58349523599257], [78.98000192416322, 18.59197687703963], [78.98096674506799, 18.59585552416851], [78.97502981697168, 18.59586769498946], [78.97098750978942, 18.60564282136004], [78.96772487906703, 18.60899436051169], [78.96852052124949, 18.61206769650583], [78.97074969478894, 18.61301423827128], [78.97264606975627, 18.62075773897413], [78.97704748722803, 18.62815754406445], [78.97979912364632, 18.63992332714511], [78.98180625689632, 18.64204724526373], [78.98187580902618, 18.64285197815449], [78.98080040883237, 18.64340450352882], [78.98505356475017, 18.64742375594515], [78.98733820538034, 18.6479999949326], [78.98841315915917, 18.64995020446274], [78.98598462727286, 18.65508331756216], [78.98634795953369, 18.65590356482751], [78.98196059919303, 18.66119892147364], [78.98321530846727, 18.66441989589338], [78.98446210873745, 18.66498887052795], [78.98794337427937, 18.67143297241769], [78.99247607210928, 18.67493440279249], [78.99865366804887, 18.67291306663105], [79.00429075883427, 18.67831481654274], [79.01119399096116, 18.67623498118212], [79.01546634400695, 18.66792953031847], [79.01750577827706, 18.66151951019102], [79.01793158749285, 18.65413152509736], [79.02256326590486, 18.6546016526803], [79.02754000966644, 18.65142826524144], [79.03351327876754, 18.65058818343052], [79.0362629449544, 18.65111292043033], [79.03557193334196, 18.6484608345093], [79.03592767152479, 18.64463223290107], [79.03908579486107, 18.64439622886148], [79.04190930479557, 18.64581139358684], [79.0479217977606, 18.64603735662213], [79.04978046359463, 18.64719741517339], [79.05260899212679, 18.65561941718322], [79.05729951813134, 18.65904375022602], [79.0589628244468, 18.6635770937545], [79.05884871536917, 18.66555054122303], [79.06006765128393, 18.66608276236147], [79.06207647838487, 18.66555410148767], [79.06287241702371, 18.6610959899917], [79.06498683706212, 18.65909072995521], [79.06411763286938, 18.65483378769167], [79.06463267832926, 18.65375750355666], [79.077240276155, 18.65173163018896], [79.08555247147149, 18.64595417640038], [79.08917169049344, 18.64683183037096], [79.09189194464898, 18.65078911986933], [79.09515973231863, 18.65178182266505], [79.09723610289099, 18.6484161580506], [79.10051893045726, 18.64863183538635], [79.10401319419925, 18.6504300303797], [79.106799686841, 18.65777128593081], [79.10670488121093, 18.66374752802544], [79.11039707757583, 18.66308928281726], [79.11250135304077, 18.65844518340263], [79.11594146388053, 18.65923085713187], [79.11534193101274, 18.66423707427226], [79.11836022235025, 18.66302771445186], [79.1252403853432, 18.68214064870809], [79.12539183944922, 18.68617597312962], [79.12386661581216, 18.69074237732759], [79.1191710997017, 18.69914187490462], [79.11342113714754, 18.70709633517489], [79.11222236739303, 18.71033664656118], [79.11551674274271, 18.70706917836189], [79.12151960630194, 18.71094762569035], [79.12171534344095, 18.70941294277232], [79.12461141762446, 18.70949474808057], [79.12893329914169, 18.71109444823419], [79.13008653779787, 18.70889728254289], [79.1344738926153, 18.71333876960394], [79.14064230195267, 18.72483859647359], [79.15028507961678, 18.72564475550907], [79.1600493904736, 18.75087202070726], [79.16292805051478, 18.75566020754808], [79.17562889554506, 18.75328596616698], [79.18796578691571, 18.75210131528519], [79.20238084899187, 18.75284384373252], [79.20977627884521, 18.75241405516438], [79.21504766837802, 18.75121241721228], [79.21599393761154, 18.74937050020456], [79.21760413297794, 18.74895548909253], [79.22799335566181, 18.74895850833262], [79.23049692903415, 18.74970059601485], [79.23629065797651, 18.75493865524573], [79.24308710967735, 18.75768435462175], [79.2460086405128, 18.7598245322358], [79.25020616451718, 18.75969543544498], [79.25268757908503, 18.76171995372225], [79.25332507025689, 18.76361191073546], [79.25715478218399, 18.7646594661496], [79.26187267760169, 18.76250940179688], [79.26472879198752, 18.75780531863732], [79.27224633578624, 18.7522876213825], [79.27827137056728, 18.75107523288202], [79.27552403269648, 18.74683589841763], [79.28154506774574, 18.74319303299472], [79.29483090295548, 18.74476318071864], [79.29398472413448, 18.75125433263517], [79.28987409088576, 18.7633916626644], [79.29134323822935, 18.77730391802885], [79.29669184721409, 18.78052749370669], [79.30744342954021, 18.81518917043547], [79.29780986114577, 18.81769237814723], [79.29182719043625, 18.82014332348248], [79.2829300269017, 18.82209428711828], [79.27132255675735, 18.828040563307], [79.26326396731936, 18.83533020166358], [79.24902734533055, 18.85301360192935], [79.23430869813443, 18.86051609739172], [79.22033699113855, 18.86319327614792], [79.20294880276583, 18.86442170440939], [79.19571450452302, 18.86632024772379], [79.18849624360064, 18.86652023652168], [79.18207247395283, 18.86852269026058], [79.17875572727597, 18.87133447048184], [79.17348125576338, 18.88081474292351], [79.16080443412513, 18.89358686438492], [79.15237479265522, 18.90411725430641], [79.13047373271759, 18.9215855007479], [79.1240767067416, 18.92953040092369], [79.118251987705, 18.93568551765563], [79.11301209030002, 18.93964909083245], [79.10675220347025, 18.94682186038073], [79.10425312690307, 18.9517785258679], [79.10304764590478, 18.95769205637662], [79.10413660366102, 18.96802859913322], [79.10130322143362, 18.97453667852562], [79.09592069401992, 18.98162425073983], [79.09222037811504, 18.98911554147705], [79.08954522072743, 19.00073081594493], [79.09057041453444, 19.01023316447361], [79.08547641824977, 19.0231929338975], [79.08302131927668, 19.02582775462934], [79.08121941294111, 19.03199400216272], [79.07524788896797, 19.0407610557726], [79.0659275809267, 19.04954171115719], [79.05763961198171, 19.05347853303156], [79.04924680891486, 19.05870588465388], [79.04681922556153, 19.05816115625042], [79.0370380202936, 19.06282043516846], [79.02706925815754, 19.07088164867773], [79.02558452522766, 19.07376178758486], [79.02284133245793, 19.07533272831525], [79.01864780253453, 19.0752451776809], [79.01693354668674, 19.07269526945385], [79.0129051884553, 19.07337202347476], [79.0095652791212, 19.07222888307122], [79.00510581965091, 19.07399091273643], [79.00048079858642, 19.07442389295568], [78.98807019505716, 19.07185771722548], [78.97918369826426, 19.07361063011205], [78.97455419212342, 19.07621305588868]]]}}, {"type": "Feature", "properties": {"dtname": "Jangaon", "stname": "Telangana", "_state": "TG"}, "geometry": {"type": "Polygon", "coordinates": [[[79.19232269076748, 18.00163314521096], [79.18423597110682, 17.9938726457667], [79.17428733436564, 17.99400108893708], [79.16289499907599, 17.99112786506046], [79.15346589824014, 17.99198180740813], [79.1390048504183, 17.97806388076339], [79.14378848833796, 17.96591310264224], [79.13729079895386, 17.95764097043234], [79.13147265783529, 17.94678296345953], [79.12607793295227, 17.94502162848166], [79.12134913638091, 17.94123516331409], [79.11513741983958, 17.92948359573277], [79.10595275166337, 17.92158616931259], [79.10223654865916, 17.91432524523004], [79.11330116142993, 17.90604411826088], [79.12429109488788, 17.90221882131728], [79.11838570349927, 17.90007435985056], [79.11169407618206, 17.89896877017767], [79.10329512323204, 17.88568812118509], [79.09319572701872, 17.87537913053164], [79.09213522406942, 17.87317082017647], [79.08039816468987, 17.87340055844532], [79.0727411837703, 17.87535656988905], [79.07161565797719, 17.87369017160185], [79.06879616377843, 17.87452108011453], [79.06807962378298, 17.87373885027886], [79.06495561053396, 17.87358681657747], [79.05935032172282, 17.87064257334466], [79.05469212735893, 17.86921890753194], [79.04834821160546, 17.8608722897102], [79.04376012000198, 17.8608682184671], [79.04375754189977, 17.86312372411311], [79.03930405471594, 17.86974268647656], [79.03914808650467, 17.87229549358961], [79.02017099061432, 17.87610207708219], [79.0198997682573, 17.87512839880478], [79.01620219605132, 17.87218721288749], [79.01091739346661, 17.86442987950652], [79.00572312476203, 17.86157307415216], [79.0031043380648, 17.85834531712658], [79.00027059524506, 17.84805996623344], [79.001428976157, 17.84780136860289], [79.00109769902627, 17.84584071702432], [78.99865112907209, 17.84479729431548], [78.99246962911354, 17.84929070526729], [78.98909657594497, 17.85357990015779], [78.98761114126359, 17.85795159228821], [78.98186882893016, 17.8585380196902], [78.9737063794404, 17.8621677941548], [78.97136952687015, 17.86808791836926], [78.96806379078885, 17.86866663282273], [78.96220241559443, 17.86577362381646], [78.95783579801024, 17.86685566250099], [78.95009832921136, 17.87173918764399], [78.94559061959575, 17.87942865569033], [78.93684246366809, 17.87623485289529], [78.93290569314719, 17.87801487939525], [78.92985815923704, 17.87757536235025], [78.92313711191923, 17.87321384465217], [78.9210602004497, 17.87314219262102], [78.9202856001733, 17.86644596146953], [78.91798265556638, 17.86378589667969], [78.91793279149346, 17.86093383060578], [78.91672377737927, 17.85772532597732], [78.91737669716976, 17.8487575990968], [78.92239670169842, 17.8385701159247], [78.92217153523478, 17.83652688796296], [78.91219714591318, 17.84259870957722], [78.90564504218612, 17.84456718927798], [78.90129290293373, 17.84390875360068], [78.89889271597151, 17.83989155678812], [78.89540924994185, 17.83958727133552], [78.88871125029449, 17.84162343981139], [78.88239599612224, 17.8346724782618], [78.87748436945877, 17.83373329581239], [78.8783279144079, 17.826193404414], [78.87461737779938, 17.8251571405468], [78.8676276966354, 17.82513092769112], [78.86809310632486, 17.81628781441315], [78.867279725063, 17.81308095416756], [78.8659455410383, 17.81121739824762], [78.86625747249876, 17.81002175953646], [78.86809764296385, 17.80836325213349], [78.8712326288985, 17.80763222447348], [78.87583707508124, 17.80952522721469], [78.88071673944177, 17.80953960415209], [78.89170717155012, 17.80560380170657], [78.89965114476365, 17.80484069018124], [78.9007776304971, 17.80807489989908], [78.90713572264718, 17.81254331635493], [78.92127129537401, 17.80237334935815], [78.93783121706069, 17.7980740118997], [78.94587909293612, 17.78945347303672], [78.94847932011794, 17.78822016804434], [78.95747232970518, 17.78830339317305], [78.960548660665, 17.79193291623631], [78.96501074707224, 17.79216391711445], [78.970795507694, 17.79401804180064], [78.97608534769512, 17.79460283829607], [78.97819406205384, 17.79590166564142], [78.97978529634554, 17.79820032357782], [78.98598708829364, 17.79621467372611], [78.99093830475879, 17.79358718898429], [78.99065532543956, 17.79077464836965], [78.9939002306533, 17.78942226134073], [78.9919012744905, 17.78557019059674], [79.00133307453224, 17.77081843734688], [78.99751435962412, 17.76179577042508], [78.99690301102761, 17.75661548946133], [78.99520603542061, 17.75335331072415], [78.99569376666568, 17.7509514136203], [78.99767448066966, 17.74797716539144], [79.0005674982583, 17.74599930855805], [79.00398903076315, 17.74213098239198], [79.00472267065798, 17.73685591355867], [79.00881910655744, 17.73478236222296], [79.00817955199416, 17.73328151243283], [79.02233891966723, 17.71856531235126], [79.02498569841089, 17.71284674876931], [79.02682185257332, 17.71268310452747], [79.03333825796146, 17.70795393381276], [79.03746795526318, 17.70951934978077], [79.04010798680264, 17.71414861145892], [79.04043921195203, 17.72044539751245], [79.0461007470388, 17.72600363708785], [79.05468927407414, 17.72425829336454], [79.06883958695572, 17.71919091928364], [79.07551328209844, 17.71409110455228], [79.08270793903249, 17.71061289891685], [79.08392300311333, 17.70694115059587], [79.08956549151867, 17.70150396588168], [79.0903891665327, 17.69844896592475], [79.08937846488921, 17.69553742940136], [79.09127445360912, 17.69094775091493], [79.09434584230793, 17.68619393047356], [79.09794952626225, 17.68415610330111], [79.09811426303152, 17.67891749311015], [79.09968547952978, 17.67749468754407], [79.10412302119731, 17.67488353794029], [79.11913408134525, 17.6688553117495], [79.12329716024833, 17.66833063743675], [79.12677216840105, 17.67313160127902], [79.13054078208273, 17.67170005277465], [79.12952388576389, 17.65794090930943], [79.13477390341563, 17.64280682611515], [79.13838578346751, 17.64076373538063], [79.14042377382594, 17.63857956153165], [79.1441591959574, 17.62818695910502], [79.15766284571941, 17.62195194205583], [79.15725707997122, 17.61867277356509], [79.15373220202417, 17.6136323700817], [79.15354856350858, 17.60328302343027], [79.15203908806745, 17.59847041423119], [79.1537128107505, 17.59362986926857], [79.15122932032688, 17.58733440756814], [79.15666787921943, 17.58545628133405], [79.16317889092102, 17.58043804958771], [79.16765737760305, 17.57543067566616], [79.16628625986594, 17.56918636361761], [79.14936584153116, 17.55739276163049], [79.14315668643525, 17.55016474885391], [79.13839390022434, 17.54714591573151], [79.13613588871333, 17.54450468812995], [79.13524808114583, 17.54137034757002], [79.13618867068008, 17.53283128320941], [79.13708490191688, 17.52931497951068], [79.13990968253258, 17.52426470696264], [79.14831677704444, 17.52355403986492], [79.15743180808016, 17.52405466450486], [79.16781517974216, 17.51959398533234], [79.16776056475395, 17.51514021938662], [79.17195124448902, 17.51351608732638], [79.17663850906773, 17.51021304466699], [79.1813111547737, 17.51046803794468], [79.18895098054998, 17.50881964464607], [79.19127061859399, 17.51073729152711], [79.19811781591385, 17.51208584451707], [79.20519812211558, 17.51023450200886], [79.20788013456642, 17.50867283632345], [79.2106464777183, 17.50358961614067], [79.21420119907408, 17.50113344312306], [79.2142136137664, 17.4999489702639], [79.2262009857849, 17.49840670087498], [79.22979662732268, 17.49686833770365], [79.2379212418986, 17.48928461530859], [79.24490585130324, 17.47862839938892], [79.25511868525945, 17.4713908283607], [79.25712869054155, 17.47090523812984], [79.2615907204224, 17.4782738017055], [79.26270208991532, 17.48284227021695], [79.26238425306992, 17.48842419437948], [79.26310166104626, 17.49047649279809], [79.26737545871288, 17.49341294442479], [79.26827381505262, 17.49666893135374], [79.27471811447856, 17.4976374193049], [79.28023148074453, 17.49525917232878], [79.28793919993939, 17.49000867891014], [79.29151872065506, 17.4886816396786], [79.2937513992491, 17.48647432019792], [79.29298487781973, 17.48393805904243], [79.28605534080941, 17.47463457779991], [79.28514670931793, 17.46919929417118], [79.28681345006635, 17.46859387785362], [79.28979326644014, 17.46972757260817], [79.29164623689358, 17.46948036008141], [79.30568964045942, 17.46177370135007], [79.30875580515988, 17.45954373797387], [79.3111540842235, 17.45635147938517], [79.31453009603189, 17.45427235818692], [79.32810810834475, 17.45081168061297], [79.33640458061689, 17.45380954639842], [79.34071393609172, 17.45636044787296], [79.34382090511889, 17.46632877973571], [79.35595117459489, 17.47612405495968], [79.3572455002336, 17.47958074564126], [79.35926530796995, 17.48224555633313], [79.36606551428328, 17.4860299567548], [79.3689839125682, 17.49140313413511], [79.36297036151323, 17.50073259277894], [79.37300213860702, 17.50303957900483], [79.37319715841812, 17.50436982402385], [79.37688709142414, 17.50674937967917], [79.37886325999852, 17.51115820831986], [79.38370544740225, 17.51168162531932], [79.40207446726107, 17.50216024318271], [79.40753635484653, 17.5011620194044], [79.41252629813086, 17.49857871395648], [79.41770813248966, 17.50048590178507], [79.42157534442178, 17.50072543743762], [79.42455756901677, 17.50248276015652], [79.42932849603635, 17.51152212299669], [79.43019120780856, 17.51664439761811], [79.44429401996705, 17.51414661671716], [79.44410122785268, 17.51285683836268], [79.44928979447188, 17.51285641144254], [79.45336678986138, 17.51174609213184], [79.46239391845596, 17.51368457336785], [79.4724020819886, 17.51456486631379], [79.48510494345591, 17.51010913916943], [79.48901154094193, 17.50726586827134], [79.49489460564884, 17.50027706591187], [79.50085653308349, 17.49621792026091], [79.50940512068773, 17.49583279228248], [79.51678688976061, 17.49415795837608], [79.5218064679713, 17.49476426776078], [79.52209151835575, 17.49616705397804], [79.52464462849873, 17.49902119121787], [79.52471915814071, 17.50213788284305], [79.52329582187639, 17.50410711356922], [79.52334041649993, 17.505563076991], [79.52608183161585, 17.51238882605849], [79.5307241453177, 17.51788039900855], [79.54046126363299, 17.52420410018245], [79.5415504290717, 17.52696228553344], [79.54593869047596, 17.52284519086917], [79.55136200154159, 17.51511580101241], [79.55131280017186, 17.51272768328365], [79.55388363663018, 17.50824502637918], [79.56294848663232, 17.50072153064725], [79.56596522997717, 17.49731169395045], [79.57001914670559, 17.5018958581385], [79.57602829012238, 17.50355864529898], [79.5841731294942, 17.50297429519519], [79.59168335185585, 17.49900063880422], [79.59611988959988, 17.49940830780022], [79.59722791147937, 17.50128928098839], [79.59412075437127, 17.50685532679453], [79.59413126336439, 17.51021100536338], [79.5911334189293, 17.51658200436131], [79.59137156607977, 17.51907404259204], [79.58989153711548, 17.52020251930315], [79.59172595328808, 17.52238279796505], [79.58962134092617, 17.52403024613209], [79.58968151764158, 17.52890903476207], [79.59196155205325, 17.53008059575732], [79.59246733927596, 17.53382611802642], [79.5941685670248, 17.53788871108483], [79.59968221050838, 17.54200798451842], [79.60259567404603, 17.547951667313], [79.60209949021225, 17.54926980548134], [79.60009260716707, 17.55014746746007], [79.60031500938307, 17.55200192636858], [79.59495022263259, 17.55644145655965], [79.59242455497697, 17.5573620131335], [79.5909361770838, 17.56124368007637], [79.59108971441992, 17.56370372210266], [79.58604122034666, 17.57096081430567], [79.58186594523916, 17.5748579809073], [79.57929561150871, 17.57618512553502], [79.58503344368226, 17.58291421582428], [79.58602760423594, 17.58299990103181], [79.59035425470904, 17.59021102904309], [79.59089619738285, 17.5943137945742], [79.58792443757973, 17.59983006817142], [79.58557899146113, 17.60140237131843], [79.58551667147016, 17.60566070362887], [79.58448585390774, 17.60937238572195], [79.57867740011339, 17.61451468278032], [79.57783908774087, 17.62036549365107], [79.5723069678781, 17.61781436507128], [79.56222102785058, 17.61916727509414], [79.55189097609531, 17.62714150222678], [79.55044885599413, 17.62701290422194], [79.5458324640846, 17.63008467575496], [79.54047217224, 17.63789060131477], [79.53644933765624, 17.63026855426845], [79.52445987518529, 17.6331074294372], [79.52222111022724, 17.66136074521949], [79.50887939766027, 17.66169256278747], [79.50354457426754, 17.66108916563463], [79.48982273783639, 17.66289618636804], [79.49111360192181, 17.6658815575457], [79.48131998812471, 17.67484008792682], [79.483938433799, 17.67825217344183], [79.48973028358053, 17.69001062483492], [79.49059466386069, 17.69617633787041], [79.49022098166449, 17.69823146693769], [79.48099674590037, 17.70531217083063], [79.48688407894899, 17.71149267526562], [79.49500915893857, 17.71550915172497], [79.49894193487104, 17.71663964892674], [79.50228951559451, 17.71540624722984], [79.50418635729746, 17.72419087479478], [79.49533564110476, 17.7383348311061], [79.49082230058396, 17.74178970235715], [79.48100166377316, 17.74524205883632], [79.48643566654522, 17.75264984942874], [79.49048348957798, 17.75447272556989], [79.49307422176305, 17.75432675036189], [79.5053408994604, 17.74861600690972], [79.50537631450287, 17.75093071876331], [79.510872170002, 17.7668591469306], [79.51459143354982, 17.7740863919325], [79.5149279489339, 17.79257628461364], [79.51343859798737, 17.80442182983619], [79.51527293714007, 17.81595716633352], [79.51359902966, 17.82131501822151], [79.51213329287697, 17.82279100044775], [79.5140214245147, 17.82741484887765], [79.52092014200899, 17.82953492986802], [79.52498229571928, 17.83264081406153], [79.52443827869537, 17.8338542935298], [79.52463828377175, 17.84392628119018], [79.52524259508266, 17.84484212347982], [79.52470087334824, 17.85221663934655], [79.52734447039235, 17.85786089828634], [79.5260738076966, 17.8647031593195], [79.5286653850185, 17.86847577166746], [79.52878905683737, 17.87496728335672], [79.53046431506596, 17.87890285210965], [79.52931303063144, 17.88641011718268], [79.52574085262825, 17.88704477790042], [79.52544703455202, 17.8863381561394], [79.52371997151175, 17.88617222347015], [79.509817335236, 17.89733617461009], [79.50600575637901, 17.89857959425562], [79.50279621680822, 17.89655326414503], [79.49657792325162, 17.89851295717424], [79.49428923181745, 17.90015210013617], [79.49071549768276, 17.89552472141305], [79.4887040597979, 17.89099518066038], [79.48749753637297, 17.89150927688544], [79.48682806257078, 17.89042574469395], [79.4885366513247, 17.88958406275633], [79.48747947166372, 17.88769417934544], [79.48292345697185, 17.89048860921163], [79.48319207344603, 17.89149781216419], [79.47798275400977, 17.89279743903032], [79.4718700413704, 17.88359230282124], [79.47003338932895, 17.8827471658675], [79.46400705409131, 17.87520108459645], [79.46408087769827, 17.87285097961039], [79.45842201099255, 17.87441910023638], [79.45533976546007, 17.87702577677257], [79.44909346500272, 17.87895681068318], [79.44993548998798, 17.88479198573633], [79.44914538264315, 17.89215592083327], [79.44763597149459, 17.89632051742258], [79.44910567234422, 17.90484813894934], [79.4486269417837, 17.90872857757229], [79.44773688825954, 17.90918517512885], [79.43735620488333, 17.91320648826537], [79.42824236378873, 17.90308573704484], [79.42265145287105, 17.8989533823114], [79.42012320977362, 17.89596188340361], [79.41792193003948, 17.89789891436424], [79.41480620444192, 17.89701529376967], [79.41168090065798, 17.89952614672183], [79.40988554688558, 17.89977921397002], [79.40854998931997, 17.89883220129055], [79.4042746625225, 17.89846675675563], [79.40320246927534, 17.90024667345638], [79.39987832838824, 17.9028286945954], [79.39736211508944, 17.90279313165489], [79.39549010038115, 17.90741205827135], [79.39438632477756, 17.90803927706613], [79.39037807361025, 17.90051040321337], [79.38880857003431, 17.9008865750513], [79.3817976915002, 17.90416331566354], [79.372193797102, 17.91003866102513], [79.3686773280222, 17.90986638313929], [79.36342504780605, 17.91428633410648], [79.35360883526404, 17.92076090791233], [79.35199935315633, 17.92387107548581], [79.34277010583206, 17.92115905899099], [79.3360476525019, 17.93843872173507], [79.32408739368537, 17.94380183567646], [79.30779101131178, 17.94918982164301], [79.30441988252686, 17.94753479157038], [79.29904776242785, 17.95029807901192], [79.28708283596073, 17.95155036955403], [79.28619002241815, 17.95311372992866], [79.2732832856534, 17.95464920819204], [79.26750580708165, 17.95267698141555], [79.27106471786983, 17.97859654732313], [79.26334834446867, 17.9836280551902], [79.23199202446405, 17.98633259445442], [79.22865290961043, 17.98775462144554], [79.23285096414475, 17.99448248403574], [79.2264799839452, 17.99432719253312], [79.21380375387413, 17.99622210584722], [79.20346435233951, 17.99901614845526], [79.19299717606945, 17.9996711585527], [79.19232269076748, 18.00163314521096]]]}}, {"type": "Feature", "properties": {"dtname": "Jayashankar Bhupalapally", "stname": "Telangana", "_state": "TG"}, "geometry": {"type": "Polygon", "coordinates": [[[79.85895209726813, 18.85615045714113], [79.85458059562734, 18.86397825283645], [79.8512284249415, 18.86769883414801], [79.84881763421141, 18.86934006278193], [79.84082138808138, 18.87195701621976], [79.83687539539501, 18.87025121868486], [79.83309508431205, 18.86725861650607], [79.82796204759329, 18.86041826646336], [79.82566291346313, 18.85446292291505], [79.82558457670461, 18.83664897232861], [79.824739246881, 18.83007889179999], [79.8253306653533, 18.82641774452021], [79.83000274142721, 18.81814400438616], [79.83520061565513, 18.81134877232196], [79.8461996737426, 18.79990984111247], [79.84718583757268, 18.79717108577075], [79.84708233131836, 18.79460286829575], [79.8445747778889, 18.78584625163082], [79.84166584021447, 18.78083733136042], [79.82815448139051, 18.7703616272658], [79.82165819187294, 18.76344103865286], [79.81784445954588, 18.75782741106836], [79.8165007065606, 18.75121605670367], [79.81806777334238, 18.7496758309634], [79.81842146248384, 18.7461715310852], [79.82017912755373, 18.74250911436107], [79.82428958465403, 18.73855596590693], [79.82582816257644, 18.73512760993941], [79.82448623192596, 18.72479862381297], [79.82272146197091, 18.72236270150518], [79.81407624404177, 18.71750147226407], [79.80803493079124, 18.7084560823593], [79.80720511445163, 18.70489963436076], [79.81122770676903, 18.70338304455342], [79.81246299774023, 18.69858503098073], [79.81445150051711, 18.69524848853144], [79.8216355441552, 18.69184248537409], [79.82186194447127, 18.68808921748213], [79.83055311462171, 18.68049549159379], [79.83242302501203, 18.67564498148714], [79.83050277192945, 18.6730640113375], [79.83164862562138, 18.66788592864383], [79.83078928458701, 18.65586201311056], [79.83001409348482, 18.65385830345956], [79.82389871083507, 18.64611856636494], [79.82025379862262, 18.64352744331573], [79.81956444919372, 18.64141106486385], [79.8166795070013, 18.63836601957261], [79.81362198443189, 18.63335843700744], [79.81008484610453, 18.63108052341941], [79.80829351306431, 18.62575291625186], [79.80416776017522, 18.62128959092037], [79.80151395328242, 18.61073656956208], [79.80219564920606, 18.60694833780492], [79.79799972237954, 18.59712209193022], [79.79448197142638, 18.59246622223468], [79.7912660800756, 18.58562463177176], [79.79106783302622, 18.58411950085529], [79.7928269948888, 18.57977916822927], [79.79251345259708, 18.57348914668933], [79.78896146811637, 18.57057246091235], [79.78432579418234, 18.56866852931257], [79.78023809994319, 18.56979792356988], [79.77015047721022, 18.57026083205955], [79.76479354152463, 18.57250149108758], [79.75801087896086, 18.57214390022318], [79.75305019966464, 18.57353173998685], [79.7502584607297, 18.57265906059622], [79.74855480839138, 18.57094990543906], [79.74130410373401, 18.57039123037597], [79.73651453481757, 18.57404283526939], [79.7327604088257, 18.57335176356469], [79.72948299810945, 18.57431591472548], [79.72480538858385, 18.57355809325446], [79.72389281666722, 18.57073563067853], [79.72081435097981, 18.56932393081056], [79.71953328101974, 18.56627867468957], [79.71672859077289, 18.56515252720131], [79.71204199762025, 18.56081630705164], [79.71201129413333, 18.55785692896801], [79.71036555597135, 18.55600749928282], [79.7081712889725, 18.54806127555092], [79.71047708521455, 18.54363315308985], [79.70790901315638, 18.53915081509292], [79.7090255092851, 18.53715796812536], [79.70737492750116, 18.53537175530402], [79.7070505470045, 18.53360852243008], [79.70847317927608, 18.52851291550239], [79.70573416345705, 18.52070451399864], [79.69622201229915, 18.51079699882526], [79.69572623556911, 18.50698190645516], [79.69064266361569, 18.50403494615261], [79.6849091373747, 18.49688360057714], [79.67723200872211, 18.49029840468959], [79.67395391845456, 18.48609743578077], [79.67211882498886, 18.48220918913111], [79.66985905664232, 18.48024405368626], [79.65373003747123, 18.47606491952433], [79.64217868558302, 18.47554910224357], [79.63284216402182, 18.47849815307158], [79.62589613037564, 18.48476388858194], [79.62289113323048, 18.48643699494415], [79.6156485911636, 18.47330883326264], [79.61205132509123, 18.46363380825989], [79.6063478498945, 18.46735588491573], [79.60256956902349, 18.47451966201027], [79.59680166099345, 18.47261586900271], [79.59103179716277, 18.46197794343219], [79.58786463218598, 18.46189219708385], [79.59047047177368, 18.45032283213967], [79.58801628775711, 18.44562225619702], [79.56706166368224, 18.42387546093441], [79.57095123986322, 18.42022785741055], [79.56878450331679, 18.41598006644521], [79.58047993561377, 18.41326974990706], [79.57825628640433, 18.40900382380725], [79.57580479621156, 18.39088743188355], [79.57941129347135, 18.39091647727932], [79.58039975652413, 18.38805598860088], [79.57931232675621, 18.38781637923677], [79.57560047275409, 18.37804924313251], [79.57479502612802, 18.36923448992483], [79.57680827004003, 18.36682114014014], [79.57546286929443, 18.35910646875846], [79.5765908165917, 18.35875434702393], [79.57776445336958, 18.35675312321182], [79.57670884762378, 18.35380243812584], [79.57942573128626, 18.35066005969389], [79.57950104691291, 18.34874439615921], [79.5764483438111, 18.3358393190161], [79.57461120751576, 18.33108229391927], [79.57616910106913, 18.32883408829344], [79.57500787698591, 18.32224968546187], [79.57541162227399, 18.31892563106494], [79.57391600735133, 18.31702571644159], [79.5765222002794, 18.30917426870103], [79.57253174186968, 18.30763866465547], [79.57077048717436, 18.30889633047584], [79.56694773639599, 18.30989642101834], [79.56586952588356, 18.30881626242341], [79.56502532891626, 18.30924191785986], [79.55977089243994, 18.30001396922592], [79.56286432767439, 18.29815217746604], [79.56091222748842, 18.29582546256825], [79.56100551213319, 18.28722644158186], [79.5666899510526, 18.28362257102101], [79.56718258095036, 18.28149175834015], [79.56655627147056, 18.28089702862651], [79.56739845574008, 18.27987490911508], [79.567185492391, 18.27493480535601], [79.56308558299499, 18.2628286684414], [79.57187129687115, 18.26138009456783], [79.57795307754962, 18.25753805713187], [79.58208686013063, 18.25655717054504], [79.58591292999755, 18.25966452192824], [79.5938488560999, 18.26086405219096], [79.59739210651013, 18.26278156928623], [79.60668411810421, 18.2591782076681], [79.60999057929195, 18.26221515887181], [79.62041924002544, 18.26239829048325], [79.62154744243345, 18.2681555650674], [79.62333128478849, 18.26803634074371], [79.62740062668661, 18.27300574809772], [79.62832227412578, 18.28165420060463], [79.63116973574267, 18.28489236484146], [79.63294209507933, 18.28526098856297], [79.63644741684398, 18.28310603590045], [79.63639660055077, 18.28176827790024], [79.63721723314768, 18.28124736513895], [79.6350527365331, 18.27651183895005], [79.65250754406725, 18.25246823673949], [79.67069526098942, 18.2553231206576], [79.67942489053421, 18.26243797350252], [79.68271015287338, 18.26636395224302], [79.68544776884346, 18.26658683870307], [79.69112975721862, 18.27315178591089], [79.69707102360042, 18.27772919951236], [79.70439487262637, 18.2715791522625], [79.70166521824261, 18.26704545645301], [79.70019826821927, 18.2579252810946], [79.69596943364867, 18.25456536699286], [79.69532232720968, 18.25091607090539], [79.70552051732419, 18.24655281619905], [79.71079846079398, 18.24092798521522], [79.71485840159393, 18.23350076688702], [79.71406092301004, 18.22772078627937], [79.71636477654039, 18.22375413828969], [79.71670472461687, 18.22091035152654], [79.72289001163396, 18.21977088409633], [79.72202784932706, 18.21070675423333], [79.7224837122103, 18.20945530949949], [79.72888561559579, 18.20669158205875], [79.73581939611358, 18.20499590739718], [79.73613547227086, 18.20284331231512], [79.73471744361301, 18.20280070816691], [79.73314755382476, 18.2003842611023], [79.72966620348687, 18.19970068054407], [79.72821252941952, 18.19860773539005], [79.72693396412215, 18.19849957767626], [79.722798710742, 18.20055581797142], [79.72221663522289, 18.19770773369264], [79.72400023744486, 18.19443668109925], [79.73384195936656, 18.19002555249027], [79.73475323741046, 18.18663493724685], [79.74004965936871, 18.18111534884456], [79.74254261913948, 18.18051848233331], [79.74379871459361, 18.17747326677878], [79.74733175811544, 18.17865806073632], [79.75070725338965, 18.17538959221102], [79.75372457318419, 18.17427269521013], [79.7633522956013, 18.18216718439722], [79.78130585676496, 18.19079659229995], [79.78579077479243, 18.19394798567096], [79.78754090784935, 18.19636703918167], [79.79604037128797, 18.19825251303807], [79.80073400916768, 18.19472936845596], [79.800323507136, 18.19054322767075], [79.80369066110497, 18.18236541392025], [79.80304197696216, 18.17731085406946], [79.80628488882418, 18.17075943779034], [79.80795497021724, 18.16240408954938], [79.80908173412233, 18.16196935286001], [79.80922321920639, 18.15671386210279], [79.81746225832626, 18.1446600994296], [79.81827063832664, 18.14062692581124], [79.82780937346512, 18.13657156073261], [79.8341825704095, 18.13753599157516], [79.83521731005878, 18.13629187187322], [79.84094694047934, 18.13468709640826], [79.84199694247337, 18.13245262207586], [79.85869256173703, 18.1502333302811], [79.84429982089193, 18.15821605706141], [79.8363473460682, 18.18639172635087], [79.83872710729507, 18.18874904377158], [79.86307831450813, 18.20285944041949], [79.8444621208954, 18.21280872454166], [79.84416369775609, 18.21436235750782], [79.84322523741149, 18.22206459711365], [79.85414116640789, 18.24021016480363], [79.8574166242912, 18.25091204813159], [79.85341973145147, 18.25963078410934], [79.85670611230024, 18.25843404725165], [79.85699146624084, 18.25939294582859], [79.86056894773525, 18.25887491248085], [79.86483136684711, 18.26004443013273], [79.86656765638645, 18.26285128182473], [79.86675557600483, 18.26615526783979], [79.86867911680828, 18.27105946873041], [79.87229158877136, 18.27737400980276], [79.881478525796, 18.28311266256571], [79.88768408038779, 18.28336093893585], [79.88920598826031, 18.28529031751627], [79.88817523246304, 18.28813427218655], [79.88261029241447, 18.29473394626147], [79.8820330840365, 18.29924667042554], [79.88262973546415, 18.30054070403761], [79.88801518246878, 18.30454183572857], [79.89180582380116, 18.30568682617603], [79.89284752484012, 18.30691889362413], [79.89557457429413, 18.31239886065916], [79.89348478072522, 18.31498666196836], [79.89293907314465, 18.31704582195688], [79.89590097653053, 18.31854537256485], [79.90466075426116, 18.31781977150525], [79.91663928847557, 18.31815094458173], [79.92287146833861, 18.31775202412419], [79.93160620084767, 18.31584584012047], [79.9445530332011, 18.31838769767874], [79.95390455662333, 18.33950070603603], [79.9492198553569, 18.34461297447961], [79.93915479047187, 18.34637623672965], [79.92542152615329, 18.35162221914816], [79.9201962452699, 18.35675494405918], [79.91678819498952, 18.36182921961108], [79.91519598382808, 18.36571544497259], [79.90962889426523, 18.37098692496651], [79.9030349555834, 18.36995198726142], [79.89959561108903, 18.37108557995605], [79.89879213944009, 18.37690329753361], [79.8970281438642, 18.3795417984596], [79.89745971558028, 18.38081271007846], [79.89528118725559, 18.38279016085411], [79.89589693309993, 18.38875643190963], [79.89459131482825, 18.39005851684142], [79.89428788019386, 18.39174768094338], [79.89234418075303, 18.39278141116556], [79.89249499919292, 18.39604878094322], [79.89093717829864, 18.39927961356186], [79.90786768252578, 18.39934060060212], [79.91842055994796, 18.40487749274541], [79.92229876057017, 18.40615023100991], [79.9395272569164, 18.39636211388037], [79.99016936013572, 18.38647527938544], [80.00222635530326, 18.39118947872329], [80.04231743399544, 18.40429646588099], [80.05728094581957, 18.40159870966513], [80.07421706818614, 18.38831688350668], [80.07889159070466, 18.39126766015694], [80.07915279882866, 18.39301688109495], [80.07728086387625, 18.39633429914646], [80.08094797308155, 18.42113436742888], [80.0985784668322, 18.43169596181514], [80.12362776371765, 18.42588547464577], [80.15080719093156, 18.41393951223869], [80.14929736019133, 18.4006301782264], [80.14562803597637, 18.38292509658466], [80.14245863896997, 18.37949474371822], [80.1445118956154, 18.37468588800682], [80.16725026483662, 18.35353901336047], [80.17261391168677, 18.34939467527876], [80.21671491339022, 18.38948768323924], [80.21751924812156, 18.40601741496763], [80.22312384303497, 18.41921409083542], [80.22439999148855, 18.42729464832463], [80.22950879688936, 18.5532635408342], [80.24103326661287, 18.56435568461783], [80.24848678346524, 18.57027402633666], [80.24902392612047, 18.57297883485466], [80.26773983716835, 18.58984151976283], [80.3028160438103, 18.58884153960923], [80.34400385324614, 18.59830622669258], [80.3342046126108, 18.61338481057824], [80.33107953446235, 18.62449663801986], [80.33101701156237, 18.62820978865946], [80.32748970033322, 18.63537777929714], [80.32575964972374, 18.63696740610021], [80.32312491072184, 18.63756302463603], [80.31867386875332, 18.64214672366177], [80.31403978077485, 18.6543825976846], [80.31423733348372, 18.65850683643243], [80.30778110828838, 18.67448673484235], [80.30601954183923, 18.6824951067749], [80.2994734559851, 18.69398898528159], [80.2864858569021, 18.71143335285604], [80.28417438481249, 18.71679867382291], [80.27994810245501, 18.72074011361697], [80.27622155473536, 18.72117187448163], [80.27241795900103, 18.72350522783648], [80.27148510258803, 18.72330005645884], [80.26613918479347, 18.72055193026895], [80.26501210144913, 18.71750480225176], [80.26068580166016, 18.71483235702984], [80.25223249850609, 18.70680667552802], [80.23864142473349, 18.70573272656114], [80.23365878144784, 18.70240630698559], [80.22967749187853, 18.70185929289553], [80.22627800606996, 18.70559532071812], [80.22207203026755, 18.70633537672816], [80.21933434957538, 18.70791736094146], [80.21277170585807, 18.70571773985367], [80.21009103707041, 18.70399304645169], [80.20042829383287, 18.69255976189139], [80.19922350627898, 18.6900012576536], [80.19937137486916, 18.68320719176184], [80.19656901852869, 18.6807954518278], [80.19046915950508, 18.68046151199245], [80.17870449872156, 18.6832676580447], [80.17416002855941, 18.68818029023139], [80.17048991967198, 18.69732248572595], [80.16862284566882, 18.69970936930402], [80.1651175030387, 18.70092364967087], [80.16075267628695, 18.70023464559952], [80.15770799598766, 18.70097975784206], [80.15584089816092, 18.70061088186905], [80.15291960531461, 18.69587191377288], [80.14846390741421, 18.6930863959669], [80.14001679172112, 18.69300017058027], [80.12855579934158, 18.68743326223045], [80.12512978605427, 18.68190697107169], [80.12323122683377, 18.68075619428594], [80.11610154644393, 18.68106431316503], [80.11224908657418, 18.68287799302381], [80.10415433298971, 18.69156834457059], [80.0990429930327, 18.69448168704985], [80.08850663614453, 18.70727762520436], [80.08613954352086, 18.70799131577304], [80.08207354916202, 18.70724713985395], [80.0771180778173, 18.71014208766447], [80.07458564082695, 18.71051656060776], [80.07259966734513, 18.71252284206689], [80.06925600945372, 18.71957231587966], [80.06462058402599, 18.72326263239863], [80.05693987683132, 18.7233192254661], [80.05279695190269, 18.72505881753285], [80.04947935915277, 18.72867480073844], [80.04821778512293, 18.73294098705249], [80.04424749519906, 18.73778418036293], [80.04141402493764, 18.74299108007669], [80.03868305992455, 18.75297281209651], [80.03455283001598, 18.7549876110041], [80.02679220847102, 18.75425692061298], [80.02498397701333, 18.75493956963733], [80.02308170408445, 18.75719846783095], [80.02323190602489, 18.76170241111964], [80.01953265145494, 18.76575062979771], [80.01854428419642, 18.77038297703391], [80.00099302449406, 18.77606622374595], [79.99958243551073, 18.77506014830172], [79.99809468667608, 18.77592170116145], [79.99582713905261, 18.77082141342127], [79.99305084064513, 18.76993404405136], [79.98464915754165, 18.77154005664987], [79.97322590290072, 18.77175625899346], [79.96415409972502, 18.77382500234033], [79.95915144166305, 18.77730393700507], [79.94948729207543, 18.78914943345372], [79.9289950964797, 18.80263241307674], [79.92218542647066, 18.80884267344761], [79.91403057006335, 18.82380669569597], [79.91394263652786, 18.82624091120993], [79.90914308020125, 18.82768205039964], [79.90615899634986, 18.82945792566979], [79.90224403328797, 18.83008387796599], [79.88995603500611, 18.82662567236507], [79.88623804359645, 18.82647962474891], [79.87784063553873, 18.82865499407766], [79.86885029033823, 18.83374602640577], [79.86529392312535, 18.83779133265091], [79.86262091636773, 18.84290067455479], [79.85895209726813, 18.85615045714113]]]}}, {"type": "Feature", "properties": {"dtname": "Jogulamba Gadwal", "stname": "Telangana", "_state": "TG"}, "geometry": {"type": "Polygon", "coordinates": [[[77.64251392990737, 16.36360518378861], [77.63887283593196, 16.36308577376749], [77.63438442664511, 16.36045629059853], [77.62773865674397, 16.35883436139263], [77.6229182071823, 16.35506148071467], [77.62094789830525, 16.35479033134288], [77.61146660618958, 16.35024886462702], [77.60186892890829, 16.34338448122177], [77.59611770951965, 16.34290937425529], [77.59529262161125, 16.3423618404051], [77.5952364366026, 16.33963474752195], [77.5919844401418, 16.33774094663628], [77.58843336535023, 16.33415259941368], [77.58820647796874, 16.33279562593945], [77.59083218003508, 16.32927629150545], [77.59000002158014, 16.32549880716373], [77.59199356868208, 16.32414365664872], [77.59441322813234, 16.32077332408129], [77.59561639174431, 16.31682457789474], [77.59411588170441, 16.30854221849267], [77.59219632525482, 16.30438758014939], [77.5920162495637, 16.30216648427869], [77.59336923177057, 16.29744497690565], [77.59771903933076, 16.29280516537703], [77.58199956930822, 16.29133842195251], [77.57804082342, 16.29416146584472], [77.5688802824997, 16.303602618343], [77.56641055191382, 16.30197082661781], [77.56320584555702, 16.30163552846513], [77.55621274597833, 16.29777012689291], [77.55312993940579, 16.29709128838722], [77.551039581566, 16.2947816710223], [77.54507585413104, 16.29171148769593], [77.54082135690516, 16.28545641484381], [77.53894616329217, 16.27343230276364], [77.53689792568349, 16.26680401910926], [77.53511747494117, 16.26808547133103], [77.53282360770073, 16.27168104025519], [77.53075600611304, 16.27164849677872], [77.53054969499664, 16.27276443867525], [77.52933342504821, 16.27279544225695], [77.52960334345835, 16.27548400896905], [77.52750309059161, 16.275293270283], [77.52186937835289, 16.27802861180737], [77.51385612586046, 16.2778437457338], [77.51274866206315, 16.2757601863228], [77.51042905758612, 16.27458862451583], [77.50481483183488, 16.27580092581562], [77.50424101579324, 16.27317991745655], [77.50514262436911, 16.26760028307642], [77.50240437188803, 16.26305780142615], [77.49722464767113, 16.2585969197798], [77.49008017366417, 16.25523015048557], [77.49178045002223, 16.25128476330332], [77.49297837267831, 16.24407649966463], [77.49234301659796, 16.22929729607732], [77.4950637076554, 16.2271179361651], [77.50355654417892, 16.23093664249406], [77.51316750290204, 16.230847178755], [77.51445393330567, 16.23045475009583], [77.5156574244822, 16.2277895332586], [77.51576723400008, 16.22365083656125], [77.5149919526338, 16.22195603873181], [77.51313068571558, 16.22182398854231], [77.51215378161784, 16.22091976092221], [77.50278944709248, 16.223661611588], [77.50114912941359, 16.22171778934403], [77.49980480160563, 16.21780861686172], [77.49943897948556, 16.21215140451174], [77.49818410391227, 16.20956015158303], [77.49954568934778, 16.20626852138422], [77.49948514675681, 16.19856013380754], [77.49132395519678, 16.18453032030762], [77.48615199117204, 16.1629842449593], [77.4900172300728, 16.16081794324904], [77.49067574162491, 16.1595840750876], [77.49065027418504, 16.13944556610934], [77.49159670207005, 16.13501704626303], [77.48979304219485, 16.11961931409985], [77.49170501485644, 16.12002496726079], [77.49450446818251, 16.11918752373806], [77.50022246151833, 16.12059114182994], [77.5016862323976, 16.11952112311151], [77.50230934902254, 16.11717195266733], [77.50538593490819, 16.11561482051556], [77.50702769825654, 16.11374522007965], [77.51081460736451, 16.11226974140117], [77.51053481094004, 16.11112646519083], [77.51327558201966, 16.10802376820498], [77.51206478066104, 16.10775819779823], [77.50874993711359, 16.10919324264722], [77.50093185290832, 16.10618841735384], [77.49365800066056, 16.08634357479984], [77.50600547487072, 16.08070135149163], [77.50687535063395, 16.07963554792287], [77.50261144267131, 16.05881185882221], [77.4994355360288, 16.06102195458909], [77.4988397497799, 16.05838987894174], [77.49765365548508, 16.05791528799875], [77.49650713831272, 16.05504220898685], [77.49945668349523, 16.05372251181531], [77.49878030825492, 16.05101041735965], [77.49779448417199, 16.05118268111248], [77.49681076143656, 16.04712115071463], [77.49691766003862, 16.04610903108984], [77.49790348675596, 16.04602708367718], [77.49786960814839, 16.04408871874318], [77.49534976424434, 16.04169981672286], [77.49400140577482, 16.03698786210318], [77.49589589379887, 16.03279818624541], [77.49557711684116, 16.03098199829178], [77.49803401390744, 16.02997753726199], [77.49745391067107, 16.02866748047162], [77.50008161556696, 16.02617839208698], [77.50225177831793, 16.02247010504702], [77.50266995262531, 16.01871095891056], [77.50433817364416, 16.0182058675543], [77.50441243674095, 16.01132880359685], [77.51405206542995, 16.00807630673437], [77.51131020673749, 15.99647618189875], [77.50955464444964, 15.98039524572596], [77.51109257731385, 15.97937130650519], [77.51066242026376, 15.97515900565754], [77.51509218126593, 15.97049481391075], [77.5163970686986, 15.96735977919768], [77.51980784168971, 15.9669134550239], [77.51736093484789, 15.94516563849426], [77.51343815886004, 15.92679245702906], [77.5192988481707, 15.9253646409775], [77.53245865587054, 15.92408864741222], [77.53832983942415, 15.92129406673511], [77.54897823778238, 15.91912238612057], [77.58080762977958, 15.91847843210905], [77.5896637280623, 15.91289658861284], [77.59331016643854, 15.91191995009742], [77.59844943449103, 15.91241112059042], [77.60884847133151, 15.9176422186483], [77.61139179399434, 15.9179348200371], [77.61924907885304, 15.91379908977224], [77.62505366184827, 15.90904263168789], [77.63647369656076, 15.8960573797891], [77.65038419866958, 15.8888677798605], [77.65920059040205, 15.88549886068723], [77.66615322638212, 15.88596309076497], [77.67592920998435, 15.88508513585192], [77.68250218645574, 15.88331825800117], [77.69274705617262, 15.8833142760759], [77.69735167222352, 15.88522083387062], [77.71273299487463, 15.89451586416951], [77.72409590008367, 15.8958142305956], [77.73133274894536, 15.89369719275929], [77.7388105153647, 15.88803229674305], [77.74404871130308, 15.88610132931014], [77.7527363831888, 15.88481213595687], [77.76078718760725, 15.88461805076075], [77.76686998230491, 15.88614412418822], [77.77098455813807, 15.88466393861027], [77.77723063704236, 15.88077295459904], [77.78235528259216, 15.87617091501543], [77.79291789719014, 15.87647818331456], [77.80351658477643, 15.87413485989801], [77.81983298955551, 15.87782512748531], [77.82730724956853, 15.8801542036845], [77.8387286016735, 15.885092916402], [77.84596584486168, 15.88212155396498], [77.85126331474068, 15.88195282043831], [77.85851209945635, 15.8837080300305], [77.8623231150399, 15.88636094959553], [77.87004918756885, 15.89724502491187], [77.87821658323823, 15.90521682521642], [77.88797881184225, 15.90608398631023], [77.89032951588422, 15.90576469658849], [77.89950325852452, 15.90161682568159], [77.91338948132666, 15.89341008203305], [77.93695713849269, 15.88349711412796], [77.94120899250252, 15.88322740995512], [77.9456731484945, 15.88461574105852], [77.9490503034836, 15.88475599412157], [77.97533423053693, 15.88333895301067], [77.99696375168979, 15.86631749199084], [78.0088630975755, 15.86175378302651], [78.00879689944901, 15.86478359258283], [78.01223399497228, 15.87204308428928], [78.01502587299228, 15.87599291297384], [78.02551074978491, 15.9023638644418], [78.03100004045137, 15.90296182672633], [78.03188956912449, 15.9073461161223], [78.04494210412169, 15.90414180997967], [78.04681862963999, 15.87490134430495], [78.05620595582276, 15.87464542989789], [78.05583185351071, 15.86632744513203], [78.06523308220169, 15.86300730220684], [78.07151983145826, 15.86174528770734], [78.07149220660858, 15.85713591708755], [78.07240527989508, 15.85698800677679], [78.07135555524643, 15.85036759180543], [78.07511413785674, 15.84718124245502], [78.08487794999338, 15.84505851017223], [78.0835545609625, 15.84092279951541], [78.098789322465, 15.83601481017008], [78.10157739854988, 15.83739182507826], [78.10917096218913, 15.8373285532811], [78.11105070603702, 15.83760312035401], [78.11122840547091, 15.83836048599785], [78.1233174223778, 15.83670551907991], [78.13011326527749, 15.83809352644907], [78.13399928277852, 15.83625990755411], [78.13471217067064, 15.83877824633014], [78.13427580706546, 15.84401568216585], [78.13325806609186, 15.84668201683462], [78.13006995079114, 15.85069906160352], [78.13121348797496, 15.85237186555592], [78.13553611323714, 15.85470441873745], [78.13839170042384, 15.85505297942768], [78.14062858799097, 15.85399236214308], [78.15675101531237, 15.85470081610653], [78.15876678879914, 15.85375973615057], [78.16679390096238, 15.85462638042787], [78.17534382356006, 15.85807526583538], [78.17517194268804, 15.86581393151069], [78.17642603984324, 15.8692563296398], [78.17667452867931, 15.87676296072425], [78.18660504589785, 15.884805374995], [78.18993439704434, 15.89226877846148], [78.17943612599117, 15.90193289404003], [78.18138759533598, 15.90651815255699], [78.18442925493201, 15.90981721531972], [78.19135809975738, 15.913280744074], [78.20088096010977, 15.91557367721796], [78.20451305298808, 15.91798322525038], [78.22193218118713, 15.92102112665493], [78.23213515604904, 15.92399387613607], [78.24346994268804, 15.92940265778379], [78.25161714291613, 15.93522471635096], [78.25319298447323, 15.93889613189303], [78.25362385774217, 15.94253731427104], [78.25207921830541, 15.9538287000925], [78.25333067174809, 15.96632584948735], [78.25133583191096, 15.9715334471578], [78.25122581614607, 15.9750787623991], [78.24778723643146, 15.96988092153334], [78.24037819872619, 15.95496609653198], [78.2360161212827, 15.95088475911011], [78.22977595518405, 15.94694237144147], [78.22144501683256, 15.94386677049215], [78.20571284650214, 15.94313586952548], [78.18359713402934, 15.94460467735844], [78.16983103559045, 15.94723068761936], [78.16159412107068, 15.94757858249175], [78.15406217712558, 15.95156604907707], [78.1503008978511, 15.95571265407336], [78.14658963131625, 15.96232056690839], [78.14381280199501, 15.9721140127064], [78.14337159709687, 15.9809020938081], [78.14215246453597, 15.98746971205539], [78.13953056134885, 15.99285014123922], [78.13607179012202, 15.99624011433465], [78.13269759159772, 15.9984187240992], [78.12727953633991, 16.00022160284578], [78.12843848258524, 16.00146039520563], [78.12740770908141, 16.00240774314748], [78.11352861275815, 16.00198484363955], [78.10526441784027, 16.00477729263542], [78.0882313478961, 16.00796718118081], [78.0694379486233, 16.01431980226642], [78.04652039089116, 16.03257787246419], [78.04577299214667, 16.03702906040539], [78.04357532444952, 16.04074878580285], [78.03920061694983, 16.04538394757197], [78.03634856059371, 16.05092337255493], [78.02928225537939, 16.05980142672296], [78.0264030437627, 16.06223747637387], [78.01607870492013, 16.06599741397167], [78.01430259419315, 16.06736973075771], [78.01253839086394, 16.07113488757907], [77.99385517134989, 16.0873247139249], [77.98176679246488, 16.0909536184322], [77.97381575460173, 16.09515592063273], [77.96726087252888, 16.10101657632572], [77.96146493826188, 16.10822947808558], [77.94708823300788, 16.11862281987799], [77.94357331907213, 16.12556877493223], [77.94291287343874, 16.13141379394092], [77.94095971560704, 16.13770460098364], [77.94104333856762, 16.14209310705494], [77.94260254718178, 16.1474628587872], [77.94197234608491, 16.14987066260805], [77.94238727305073, 16.15324995970992], [77.93953863051895, 16.16037118123846], [77.93559822986857, 16.16359827440155], [77.93110032385094, 16.17478840546296], [77.93229392316061, 16.1776615262058], [77.93143381521435, 16.18262665322984], [77.93218795286855, 16.1861909834164], [77.9317136555401, 16.19315998569902], [77.92992955980071, 16.19609200684569], [77.9263980393675, 16.19876297924862], [77.92387122387318, 16.202287555646], [77.91233571797669, 16.21274471934992], [77.90154824237437, 16.22034728999235], [77.89370742554229, 16.22312319634589], [77.88597564770168, 16.23002987766911], [77.87591933138344, 16.23706577480486], [77.8661329815222, 16.2420509611597], [77.8614233619589, 16.24727998731661], [77.85681672330809, 16.25073247585567], [77.84316865698791, 16.2579798846849], [77.84059580122387, 16.26162499008942], [77.83250565499601, 16.26638117899973], [77.8287330254152, 16.27041806616448], [77.82365678285782, 16.27354286633606], [77.81233209538608, 16.28295246579463], [77.8036832574863, 16.28872275274077], [77.79207912650055, 16.29481228688966], [77.77492247686054, 16.30680498036671], [77.76225808445442, 16.31354416187531], [77.73848673643492, 16.32444063508377], [77.72873425680417, 16.3316707694487], [77.72013931949887, 16.33394763580483], [77.70491797189796, 16.33640760142116], [77.70316343222065, 16.33727574016062], [77.70024461239042, 16.34051195265396], [77.69240234703467, 16.34308117896706], [77.68564168720343, 16.34766948700381], [77.68484271481798, 16.35163692146905], [77.67978981431736, 16.3565634576927], [77.67750694836685, 16.36046795116708], [77.67538256750959, 16.36172011471213], [77.66638308303475, 16.36395877782953], [77.66330993452948, 16.36305676385838], [77.65972910796141, 16.36052712028676], [77.6560178167507, 16.36034237746524], [77.64251392990737, 16.36360518378861]]]}}, {"type": "Feature", "properties": {"dtname": "Kamareddy", "stname": "Telangana", "_state": "TG"}, "geometry": {"type": "Polygon", "coordinates": [[[77.64922325883988, 18.54119256753548], [77.65207451027403, 18.55179395240273], [77.6477107624782, 18.5529903976016], [77.6479131478722, 18.55493135604809], [77.64172040542604, 18.55533478349526], [77.63961944238075, 18.55494102653742], [77.63400010917779, 18.5439177668638], [77.62912790258689, 18.54629125366394], [77.62762900849465, 18.54812491018009], [77.6292522780905, 18.55367533652087], [77.62824846385826, 18.55373556067893], [77.62647431604667, 18.55189429452774], [77.61518517989889, 18.55084565985856], [77.61603511214423, 18.54896614297591], [77.61318935550825, 18.54910039160288], [77.61249631627565, 18.54447930135107], [77.61056441108316, 18.54454027484357], [77.61006841096633, 18.54988209996936], [77.6037997996868, 18.55026206176543], [77.59636942211533, 18.54894138065715], [77.59498536042251, 18.53987964714388], [77.59594330765178, 18.53858233453138], [77.5953035315934, 18.53554169873687], [77.59205777923488, 18.53232191738421], [77.59069114316186, 18.52666569015946], [77.5910414812289, 18.52590028074086], [77.59250934756925, 18.5266190927074], [77.5951339230211, 18.52974303635733], [77.59656700549834, 18.53019995183166], [77.59760835019618, 18.52861748120537], [77.60043661344031, 18.52729579507695], [77.59882570890937, 18.52420651236094], [77.6002814735578, 18.52229654803245], [77.59970821440957, 18.52003232904726], [77.59704342240771, 18.51727456015718], [77.5970677147727, 18.51588328654522], [77.58775278692649, 18.51285657197704], [77.58634245445968, 18.50923764323784], [77.5859069007531, 18.50399613188397], [77.59428708968272, 18.49790623481395], [77.59439720644623, 18.49619631416179], [77.6047068534457, 18.4963668092783], [77.6036754249182, 18.4929392365726], [77.60622559454862, 18.48919693512851], [77.6036102039658, 18.48367828984216], [77.60312605506226, 18.47684752440719], [77.59428297413426, 18.47691005447903], [77.59244061866984, 18.48195145768257], [77.59225036879798, 18.48471531519559], [77.57636930143417, 18.48678464673731], [77.57509420693627, 18.47887657570305], [77.57384454318036, 18.47819910884632], [77.5728610193196, 18.46981492619562], [77.56106778097647, 18.47025517231469], [77.5602449669584, 18.46862176422703], [77.54856340533898, 18.46858131114167], [77.54844670305603, 18.46694030354882], [77.54983520422535, 18.46593496651575], [77.55076187193208, 18.46040954065099], [77.5640378437219, 18.46102174405899], [77.56411377247639, 18.46003554233699], [77.5751707546928, 18.45840912606245], [77.58360431058132, 18.45620581282567], [77.58418338182337, 18.45446671269285], [77.58300047717445, 18.44994085643496], [77.58609673516177, 18.44940247658926], [77.58529734099555, 18.44679230495318], [77.5835550276475, 18.44513588208823], [77.57430404686254, 18.4417987220656], [77.56906886466878, 18.44286616476483], [77.56829445443928, 18.43946890190476], [77.56418092748014, 18.43730259768579], [77.56020081200414, 18.43728357273342], [77.55332925463819, 18.44000379168826], [77.55355515056726, 18.44069471395454], [77.5513001358781, 18.44177608258143], [77.54470601876518, 18.44413299020018], [77.53745098697696, 18.44498661001717], [77.53338153820057, 18.44412182101952], [77.53211584413242, 18.44295585286169], [77.52848831876945, 18.44337336738501], [77.52772708307289, 18.44270279307081], [77.52816662079783, 18.42891305036326], [77.53731274301948, 18.42627916081164], [77.53690069836593, 18.42424591988497], [77.55646834829248, 18.41942827063188], [77.55675606398466, 18.41714334005493], [77.55268035566898, 18.4016906696488], [77.5516019754882, 18.38889770377708], [77.54591696110083, 18.38868661587999], [77.54318607249694, 18.38608898648525], [77.54064131949394, 18.38686398149553], [77.53860003783736, 18.38588223649708], [77.53561133727231, 18.38074854240897], [77.52547188490983, 18.37270511113673], [77.52404567227796, 18.36420038715475], [77.5202063426565, 18.35717516101445], [77.52273411071972, 18.34539818867275], [77.52571693916695, 18.34212098211131], [77.53023048231148, 18.3391673610473], [77.55802364735841, 18.33141641356346], [77.5638660297552, 18.32229720634298], [77.57047950614441, 18.31811254426881], [77.57139614369703, 18.30882914541944], [77.56482084452865, 18.30605855617058], [77.5525492566854, 18.29697674545979], [77.55140128136112, 18.29191291591667], [77.55410720030251, 18.29087690313726], [77.55711241235001, 18.28768962487194], [77.56134089658572, 18.28494915673197], [77.5629646090696, 18.28496029535252], [77.56693770184017, 18.28728090605655], [77.5702101793858, 18.29253028227079], [77.57255707943146, 18.29330232516448], [77.57616130529642, 18.28873297512674], [77.58184933474315, 18.28538423089119], [77.60541723902499, 18.28134902121075], [77.6042999069175, 18.27876620253242], [77.60147952575078, 18.27800572225079], [77.6005890050677, 18.27546126660138], [77.61870829459224, 18.27436531051469], [77.61993974941674, 18.27449523739786], [77.62562610904503, 18.28401053734711], [77.64203003614035, 18.28607229080835], [77.6486771043739, 18.28438095597984], [77.66471141990547, 18.28365684131793], [77.68626065803119, 18.26650654934775], [77.68758485516356, 18.26024126180062], [77.69458012852961, 18.26102013295755], [77.70682941958557, 18.26097622559936], [77.71164066250459, 18.25802125331266], [77.71963828373555, 18.260286362835], [77.72885204532895, 18.25335573210629], [77.73023629525171, 18.24544643907925], [77.72806169794661, 18.23335914642714], [77.73636902125686, 18.23492377378833], [77.73780019723834, 18.22408085528071], [77.74079308266244, 18.22573397588121], [77.74338836271994, 18.22438142053045], [77.74314987437447, 18.20963908645574], [77.74205427844453, 18.20525803229177], [77.74606772834954, 18.2048383906055], [77.74869062722335, 18.20581836334689], [77.75847667594473, 18.2050353477602], [77.75846312371563, 18.20195264288411], [77.76009159170432, 18.19913065828663], [77.76800530102862, 18.19152563952681], [77.76957535174154, 18.18813320010591], [77.77118933400969, 18.18972211102863], [77.7766597015223, 18.19045619910248], [77.77694657759356, 18.19600554614125], [77.77981585124984, 18.19983409551338], [77.78294085053481, 18.19750994069789], [77.78645047905127, 18.1964335245044], [77.78760598620103, 18.19869898313137], [77.79120656068699, 18.19993328299497], [77.79306466502858, 18.20269119220965], [77.79656016606408, 18.20469239853126], [77.79795138196137, 18.20463303800541], [77.80674715383134, 18.19984900558024], [77.81097012276392, 18.1957168529403], [77.81788542881958, 18.19559562121848], [77.8211176211325, 18.19645410295982], [77.826973087137, 18.19395562159782], [77.82870067718727, 18.19488106267494], [77.82855752290364, 18.19877987178039], [77.82930730534338, 18.20032132008807], [77.83139772801661, 18.20030669022059], [77.83457200272174, 18.2023032634395], [77.8399714714504, 18.20377606372723], [77.84483349157506, 18.20164429435172], [77.84879508415145, 18.20173864079626], [77.85069809310666, 18.20299603866629], [77.85380982416945, 18.20753606017878], [77.8650142523985, 18.20218729420113], [77.86309266870693, 18.19984963739536], [77.8638819406569, 18.19743224060142], [77.86237061658356, 18.19553342638596], [77.86243854130358, 18.19435457170069], [77.86407740552266, 18.19169459901162], [77.8652778293108, 18.19175003678455], [77.86865118069467, 18.18915648404838], [77.87384750689743, 18.18919318056132], [77.88228393273376, 18.18668857735725], [77.88948924640015, 18.1899584482001], [77.89835740852703, 18.18946976481654], [77.9020340482708, 18.19284539624904], [77.9036861437832, 18.1923592575023], [77.90084269743754, 18.18321298433734], [77.90021596496238, 18.17308564245008], [77.903406953137, 18.16813902871374], [77.89968962262067, 18.16394473628513], [77.89589152929922, 18.1615709097027], [77.89466249296868, 18.1565750866529], [77.90420186059362, 18.15241513185894], [77.90245229405457, 18.1446062312671], [77.90585656571398, 18.14421352843813], [77.90818789209597, 18.14524070275961], [77.90912637979851, 18.14720017347418], [77.90995788459566, 18.14724185680708], [77.91201802826119, 18.14410747694602], [77.91391948502599, 18.14295970580905], [77.91458718376113, 18.14109205325632], [77.9156455813306, 18.1418506013228], [77.91599980582141, 18.14366284836975], [77.91439118823588, 18.14840728413157], [77.91600145888866, 18.14855328546671], [77.91857498073081, 18.14519895775648], [77.92090593985758, 18.14841358668449], [77.92304285828654, 18.14733190992732], [77.9252287059919, 18.14936056314293], [77.92279697060629, 18.15092681788844], [77.92046518962354, 18.15028852630945], [77.92141343913302, 18.1529530599672], [77.92232928490472, 18.1534114844614], [77.92325023799742, 18.1527673320177], [77.92585733424255, 18.15513090501246], [77.92793458774952, 18.15572537865042], [77.93102824772751, 18.15342582592774], [77.93117933813642, 18.14912017408867], [77.9355542272748, 18.14898722383383], [77.93266752345119, 18.14631763316051], [77.92914586520182, 18.14484705103088], [77.92919110049708, 18.14392559168813], [77.932297005392, 18.14212766695412], [77.9304733340855, 18.14023918850621], [77.92743524777354, 18.13939369799569], [77.92652602508532, 18.14094663727854], [77.92486069899574, 18.14177175960964], [77.92216041055313, 18.14002175125633], [77.91908303173341, 18.13642752130698], [77.91898419504413, 18.13496639790695], [77.92024081228435, 18.1335984926787], [77.92356933002338, 18.13355721973972], [77.92520193954631, 18.13127625582917], [77.92348794978919, 18.12789269909813], [77.92213585480674, 18.12754202093286], [77.92027981551576, 18.1284870561609], [77.91906861579447, 18.12605416948954], [77.91730669269158, 18.12488038792923], [77.91183098666961, 18.12536117460078], [77.90897812886647, 18.12411984924928], [77.91039002556306, 18.1224464722372], [77.90913190978131, 18.11999947237426], [77.91417789789897, 18.11982544410754], [77.91472970222476, 18.11884683315515], [77.91314366227722, 18.11582185794067], [77.9162178291427, 18.11604881269674], [77.91861803845792, 18.11326633469825], [77.92015172059028, 18.11560810354105], [77.92260494523224, 18.11345451900159], [77.92481148037244, 18.11640101629891], [77.92784007784498, 18.11686225295893], [77.9293780954988, 18.11600839186734], [77.92943425568954, 18.11280891648215], [77.92697026145414, 18.10824125462764], [77.92746608334596, 18.10575678982427], [77.92685382961089, 18.10414935353919], [77.9215262050959, 18.10348406822931], [77.91799529918153, 18.10636591133414], [77.91623242170793, 18.10384506947157], [77.91480421402984, 18.10354762446171], [77.91566700563872, 18.10227437444301], [77.91409697216181, 18.10090858052261], [77.91262494995952, 18.10249526639054], [77.9088288029519, 18.10147751634286], [77.90925039084614, 18.10283413741802], [77.90573783298777, 18.10466738934109], [77.90628792798252, 18.10560063516051], [77.9056353442274, 18.10598137450448], [77.90501428167454, 18.10541347479195], [77.9058476528238, 18.10315905552968], [77.90539622650795, 18.10084375233052], [77.90692775095596, 18.10118336921361], [77.90799930232369, 18.09986738411048], [77.90549346463717, 18.0999229207395], [77.90658718696908, 18.09835871830628], [77.90549324021221, 18.09780308645787], [77.90362871379143, 18.0993985801099], [77.90133349833218, 18.09997191837996], [77.89877600137557, 18.09929444457799], [77.90110435517977, 18.09907412870244], [77.90188411956024, 18.09730278747315], [77.89879510783534, 18.09394308220136], [77.89517293860075, 18.09336560675438], [77.89569713013441, 18.09126565924022], [77.89603542412975, 18.09283820581082], [77.89885033229906, 18.09369055898926], [77.9027354125808, 18.09725430516174], [77.90659649473399, 18.09729664460865], [77.9110186378321, 18.09994010369667], [77.92590168803959, 18.09747996330715], [77.92982266344886, 18.09835416529499], [77.93466331630405, 18.10406675426865], [77.93682570332146, 18.11002285658504], [77.93969159933636, 18.11172504919942], [77.95182688563489, 18.11341116848941], [77.97566329786635, 18.11495914097465], [77.9887242086686, 18.11085945472205], [77.99259447871516, 18.10908786085608], [77.9951032439502, 18.10696118717672], [77.99868129399393, 18.09476297366864], [77.99866929233359, 18.08386056313711], [78.00075333307232, 18.08128138070005], [78.00071825356044, 18.08514554777357], [78.0018449588411, 18.08721532137212], [78.00433893352647, 18.08770108885028], [78.00550484421922, 18.08596079211036], [78.0090410984089, 18.08438831031863], [78.00911776548962, 18.08096310884342], [78.01098273797214, 18.081111324558], [78.01274602606952, 18.07846953401535], [78.01308243391775, 18.07542236318965], [78.01427274484568, 18.07584306443357], [78.01407928313643, 18.07842159361583], [78.01532406768031, 18.07828251570827], [78.01587996056536, 18.07953643072957], [78.01147063628298, 18.0865952424643], [78.00905333251195, 18.0886282803274], [78.01216748639483, 18.09014706891537], [78.01789417279404, 18.08654784458164], [78.01987328565464, 18.08178405665902], [78.02740853975864, 18.08163612868232], [78.02937482828405, 18.08386469518329], [78.03121353837128, 18.08121460844756], [78.0327415117517, 18.07659464974056], [78.02863267468148, 18.07376737667174], [78.03038641105415, 18.07073209202556], [78.03154037027066, 18.07028886413825], [78.0317825349217, 18.07132224942563], [78.03274402523135, 18.07040669854384], [78.03167231156107, 18.06882135758976], [78.03408610141402, 18.06815759053832], [78.03374215526406, 18.06619648951043], [78.03443675559528, 18.06432864123546], [78.03588571965793, 18.06559738647221], [78.03742500662342, 18.06945263393824], [78.03892344399928, 18.06791952842794], [78.0417165033544, 18.06677637182456], [78.04214759432, 18.06556998643761], [78.04508354493782, 18.06810323918942], [78.04290578695792, 18.06916305316504], [78.04045241536528, 18.07524149790055], [78.04403030834213, 18.07784540853434], [78.04403523197823, 18.07971227150607], [78.0468120203077, 18.07988423449807], [78.05057040216371, 18.07374388825385], [78.05234906191332, 18.07360596859512], [78.05360949329271, 18.07900828203427], [78.05543936174207, 18.07931847021397], [78.05988227387455, 18.07510229657324], [78.06034629320375, 18.07389618602936], [78.05950778223053, 18.07178029061776], [78.06407638309815, 18.07188659082464], [78.06405196470831, 18.07081056022673], [78.06759027261438, 18.07015468822426], [78.06607048436014, 18.06847406983149], [78.06889762273418, 18.06533758256363], [78.06890879918716, 18.06215565352126], [78.07156930881864, 18.05986704786211], [78.0742933702212, 18.06579662311588], [78.07311858204902, 18.07021746233529], [78.07431356276736, 18.07217915096447], [78.07669173008611, 18.07209305218065], [78.07888274920788, 18.06879568901082], [78.08354613357051, 18.0673251889332], [78.08405291961787, 18.06724038113741], [78.08535202508028, 18.07225873554144], [78.08970549684828, 18.06833923781166], [78.09160262266613, 18.06778655108176], [78.09388250320285, 18.0683816899127], [78.09715520618266, 18.07048867343499], [78.09889865493095, 18.07398875607171], [78.09951836395398, 18.08357802415234], [78.10113071882263, 18.09045292318876], [78.103257466238, 18.09277738000807], [78.10633528166512, 18.09346273818859], [78.11111027962896, 18.09257589135778], [78.1149625430893, 18.08905714545141], [78.11585253192605, 18.08389164930475], [78.11516321649715, 18.07646216125018], [78.11689666814594, 18.07266195117512], [78.12471715873893, 18.06999175679208], [78.13442067485443, 18.07142816163307], [78.138408148382, 18.06877375895997], [78.14314425959456, 18.0683061219431], [78.14594800122751, 18.07094055898365], [78.15117492934696, 18.0823431812401], [78.1540978119673, 18.0857109532309], [78.16029955663862, 18.08640713937795], [78.17125516659422, 18.09271892032996], [78.1742097361252, 18.09307193247768], [78.17962061153418, 18.09751957501522], [78.18000121729528, 18.09929998098692], [78.17762070592642, 18.11071857733449], [78.17689284898275, 18.11828602363177], [78.18039762233344, 18.12408232464833], [78.17980963277968, 18.13500947381443], [78.17704088064079, 18.13847325907305], [78.17522576672786, 18.1456129041689], [78.16928573821396, 18.15294725439805], [78.17072628442101, 18.15663744640486], [78.16913428392672, 18.16129802420566], [78.16884514303526, 18.16731519744382], [78.17367174866291, 18.18089517867362], [78.17388238623518, 18.18426447485056], [78.1786814956313, 18.19505080977528], [78.18060703234924, 18.20454480567761], [78.18774526611305, 18.20675523004894], [78.19324197863624, 18.20622245053588], [78.19499751350939, 18.20693284497843], [78.20652106790133, 18.21751488197821], [78.21526040045849, 18.21228866447597], [78.2173815521352, 18.2076154573905], [78.21994838172391, 18.19634384785669], [78.22178244334496, 18.18259655555684], [78.21638517289176, 18.1754838343121], [78.22751256521788, 18.17532654617934], [78.22949607658892, 18.17064254058279], [78.23602157968647, 18.16486310828965], [78.2379178871498, 18.1619724308703], [78.2415740964127, 18.1585625299462], [78.24865952662026, 18.155409989526], [78.25695389894712, 18.13957838921665], [78.27778963085916, 18.14313589908334], [78.29014743702398, 18.1586082452242], [78.29770331976114, 18.16190414486725], [78.31380905536948, 18.17903609389566], [78.31268790785924, 18.20235032964715], [78.33246604885984, 18.19619686945144], [78.33579098306508, 18.19186004703825], [78.33625902143035, 18.18929763448907], [78.33729599334276, 18.18874772962071], [78.33749129247327, 18.1860514087423], [78.33614086619828, 18.18288765629176], [78.3378408810536, 18.18009353916817], [78.35781400620594, 18.17182896021369], [78.36538086447, 18.15476134824463], [78.36615551581546, 18.15092285722928], [78.36317986776119, 18.14677113620139], [78.36703950851647, 18.14529098751677], [78.37439802630524, 18.14462289432939], [78.375778400488, 18.14158131023937], [78.37508344957291, 18.13505239195328], [78.38452631240638, 18.12344863888858], [78.38692142475975, 18.12707908824244], [78.38966363301718, 18.1287876498741], [78.39661471045657, 18.12901863691927], [78.40004929694284, 18.13096878249889], [78.40339160960411, 18.12962751786589], [78.40762623651635, 18.12926213518226], [78.41186560313571, 18.13067299401986], [78.41459747016494, 18.13515159062052], [78.41831179144505, 18.13704538294875], [78.41859281195762, 18.13862550759129], [78.421368462802, 18.14123317352559], [78.42255100013745, 18.15185255213793], [78.42476775608645, 18.15635768313946], [78.42709218434196, 18.15651571888863], [78.43309978948228, 18.16291484282789], [78.4346913167923, 18.16217992825509], [78.4409977481565, 18.1559447938149], [78.44572727574523, 18.14497116707168], [78.44628871974544, 18.14057431728622], [78.44155360334422, 18.13008367896163], [78.45014406257083, 18.12453006243441], [78.4581875655644, 18.12062939351523], [78.4625699187993, 18.12194116136293], [78.46487365042134, 18.1244987265279], [78.46883339384705, 18.12555324447523], [78.47179531918272, 18.12755647033258], [78.47983278537664, 18.12604599782004], [78.48475625268729, 18.13037263853634], [78.49152229546486, 18.13252885753972], [78.49153278434271, 18.13565224987573], [78.48329767600946, 18.14164925704862], [78.48377731782408, 18.14831583279083], [78.49147045786297, 18.15554284494227], [78.49227168228846, 18.15855598788746], [78.49819692812048, 18.16628571915868], [78.50221208733603, 18.17543044217083], [78.51208898873686, 18.17034722516727], [78.51584056796393, 18.16639570045819], [78.51998758884787, 18.17288363069899], [78.52189631760048, 18.18237890319799], [78.52706067169429, 18.1855586030825], [78.53234386984597, 18.1844819589835], [78.53708815304435, 18.18665864912504], [78.54016379400503, 18.18266888767126], [78.54267560233184, 18.18303536090834], [78.54448578216706, 18.17980227851077], [78.5477156635361, 18.18117853526557], [78.54997321288329, 18.17859133558244], [78.55366611438755, 18.1785752501013], [78.55798589402376, 18.17638626863441], [78.5625910884, 18.1768663762346], [78.5635607846959, 18.17587176727749], [78.56521771132556, 18.17566986802621], [78.56896544281373, 18.18014640020507], [78.56834914487506, 18.18797329188597], [78.56902319316345, 18.18914996100271], [78.56939094778568, 18.19597325684749], [78.56633109495613, 18.20270686532653], [78.56118983243589, 18.20710755896027], [78.56757104543777, 18.22319133901887], [78.56484768630753, 18.22646592954293], [78.56372081723036, 18.23041477726942], [78.55954094397752, 18.23603984993539], [78.55770621338071, 18.24219222913365], [78.55620083576639, 18.24470484115266], [78.55578770468571, 18.24772010202117], [78.5535270111784, 18.25102124892588], [78.55335302271396, 18.2580518740088], [78.55217497435024, 18.25950089605215], [78.54370869730305, 18.26462095191995], [78.54191043771765, 18.26752401587142], [78.5432972921003, 18.27028441557204], [78.54033046256262, 18.27319034283962], [78.53778942157727, 18.27326651155083], [78.53189872744043, 18.27149971598666], [78.52940177997029, 18.2742380755552], [78.5255354353659, 18.27532777998533], [78.5247882008444, 18.2767083038209], [78.52120571352839, 18.27871344738157], [78.52375199345094, 18.281882311743], [78.52392761066778, 18.28810863032248], [78.528626300954, 18.29175817191777], [78.5339499893488, 18.29113368229068], [78.54122640968991, 18.30005765703329], [78.53818907996538, 18.30902273071591], [78.53726328642614, 18.31782174118679], [78.54910175632769, 18.33437883106429], [78.54954519767001, 18.33641182455835], [78.54451581295764, 18.34297264269228], [78.54624388528167, 18.34534333234755], [78.5438892330157, 18.3510926975484], [78.53336402324248, 18.36052710563404], [78.53539908922558, 18.37009274541175], [78.53021359112903, 18.37980121321795], [78.53154207046764, 18.38754067126699], [78.541389483804, 18.3889751206308], [78.54516866561829, 18.38736020794882], [78.54971362358111, 18.38774051933409], [78.5629371988158, 18.38547875558528], [78.56497516043434, 18.39051543565953], [78.54747942853946, 18.4049024943406], [78.54468246095468, 18.40768762326949], [78.54190846646897, 18.41242046557348], [78.54146652937948, 18.42001584437418], [78.54897337094552, 18.42585025246536], [78.55178857727886, 18.42696939188237], [78.55355998387985, 18.42878847305547], [78.5540746925836, 18.43082656410771], [78.54736453781412, 18.45277183222687], [78.54339318108185, 18.45974407914904], [78.53300669685677, 18.46282571507688], [78.53162253751191, 18.46343213648117], [78.53017642965692, 18.46549292818018], [78.52495604171543, 18.46336635379707], [78.52098662650091, 18.46444134506539], [78.52131500550938, 18.46147556712847], [78.51843219409511, 18.45857962735613], [78.51818438345147, 18.45640833198643], [78.50617470408491, 18.45147112156246], [78.49862626984053, 18.44556719402132], [78.49709333245734, 18.44221800914305], [78.49208250507097, 18.43776989171794], [78.48767611099595, 18.43945926543913], [78.4771491225117, 18.44056681672238], [78.46919926313599, 18.44607679120825], [78.4653694285265, 18.45239389853533], [78.46431041657365, 18.46040898773311], [78.46075463133627, 18.46537743206874], [78.45622419601443, 18.46797773429956], [78.45223951960112, 18.4722640326138], [78.45208601361016, 18.47380798862057], [78.45466248333138, 18.47738420963873], [78.45386483829179, 18.48119930938564], [78.45289985549304, 18.48154714211954], [78.45257519389253, 18.48270075273861], [78.44511998228319, 18.48327568727383], [78.44349292031647, 18.47859235356323], [78.44228312122289, 18.47789840541041], [78.42462691652923, 18.47498105482198], [78.4183007730931, 18.47671816193981], [78.41265274393885, 18.48012905504525], [78.40652711633089, 18.48257269835959], [78.40278993985469, 18.48176353083157], [78.39880456180991, 18.48201365018971], [78.39605411563933, 18.47708405592265], [78.3924211086733, 18.46619458049367], [78.38661618847154, 18.45913793168106], [78.38566220707418, 18.45891166879244], [78.38374150616538, 18.45394475589998], [78.38258386531244, 18.45372092349053], [78.36313906923387, 18.45443186158473], [78.35889728091787, 18.45738550463251], [78.3544264756564, 18.45918895717617], [78.35246005209876, 18.45888010609238], [78.35037844586402, 18.45742222859026], [78.34946603261675, 18.45988486593255], [78.34572962692279, 18.46292012699008], [78.34118107465723, 18.46402215402259], [78.33450900851301, 18.46361142549533], [78.32943918637822, 18.46687690791935], [78.32593122753438, 18.46550838348585], [78.32403783523124, 18.46587777310355], [78.3196089459763, 18.46473475980106], [78.3165969930517, 18.46518314484211], [78.3139013722993, 18.4597964727268], [78.30764341551073, 18.4562441370262], [78.30726646467258, 18.45398090156768], [78.29776999104156, 18.4559080383675], [78.29330365192429, 18.45560010923295], [78.2872568271374, 18.45352692948795], [78.28312541965217, 18.45457777812945], [78.28099064480283, 18.45368812486587], [78.27527355496876, 18.45800309717474], [78.27490448481144, 18.45425320560384], [78.27119323798763, 18.45333352038765], [78.2696568449508, 18.45062448123213], [78.268276056826, 18.45295976285293], [78.25975630254094, 18.45268110820881], [78.25591715071964, 18.45589908297971], [78.25605946463878, 18.45751822990496], [78.25452672879021, 18.45822065921156], [78.25686915608503, 18.45958271926866], [78.25736749691862, 18.4607221075043], [78.25365364579727, 18.46661641292597], [78.25526673376646, 18.46675977350762], [78.25476181158041, 18.47196451206036], [78.2581218162304, 18.47586764981149], [78.2558089907951, 18.47973861962838], [78.24997364508204, 18.48641024808255], [78.2425533770273, 18.48634590731251], [78.23857560254623, 18.4908226700958], [78.23641988029176, 18.49212388889107], [78.2248840400052, 18.49083599985361], [78.21687525429854, 18.4989613044534], [78.21243977035328, 18.49836278601571], [78.20950830426098, 18.49915840901871], [78.20755826859435, 18.50066482463544], [78.20226064502386, 18.50129048733665], [78.20158297891406, 18.50454557970573], [78.20049988434947, 18.50522087396253], [78.19286779721223, 18.50379697292745], [78.19216998482615, 18.50873278482533], [78.18595994111821, 18.50718831040293], [78.17847695911529, 18.5023765508132], [78.17759343413576, 18.50099767924459], [78.17576146994521, 18.5009237859589], [78.17438079818021, 18.49834673854108], [78.17279188087413, 18.4977465875148], [78.16645005695767, 18.48389132721126], [78.15958690359469, 18.4772554533467], [78.14088387212297, 18.48096823937832], [78.13844957951032, 18.48215259557339], [78.13489604605212, 18.48229866436482], [78.1333524397471, 18.48463132319327], [78.12127032720569, 18.48822110105036], [78.11806182856873, 18.49267703422992], [78.11242341919836, 18.4917332326466], [78.10802030156407, 18.49239363007618], [78.10592299642774, 18.49155681684103], [78.10695483714869, 18.49779956762386], [78.10508989675925, 18.50234259173781], [78.10354248924604, 18.50416894851542], [78.09122969210557, 18.50865358157744], [78.08483490309477, 18.50909225372222], [78.07624633751306, 18.51455332823598], [78.07492955338391, 18.51456103679577], [78.06976157899544, 18.51116778718179], [78.06986784566578, 18.50834041822875], [78.06541949999242, 18.51069385255749], [78.06215500732475, 18.51381073843241], [78.05535509275309, 18.51480885841631], [78.0472877266342, 18.51715684256238], [78.03947896332706, 18.51776339360645], [78.03763383510385, 18.51571328063815], [78.0369043782843, 18.5130886467783], [78.03416716926542, 18.50892729292863], [78.0341963685086, 18.50773911485886], [78.03941982876289, 18.50065058158418], [78.03739029093062, 18.50047363911626], [78.03727742728539, 18.49890443895357], [78.03616425024045, 18.49891872369044], [78.03638821763508, 18.49393267840532], [78.03881617500367, 18.49255531232597], [78.04135686031765, 18.48937614714298], [78.03822380458156, 18.48732940756719], [78.03755415979533, 18.48297473096248], [78.03643704746713, 18.47278571763454], [78.03783892277194, 18.46488952782533], [78.0221390285784, 18.43614857379422], [78.0132549377259, 18.43870852092506], [78.00112153394504, 18.44005875877535], [77.99087739994887, 18.44359937329084], [77.97485806677446, 18.44627637457229], [77.97654919530596, 18.45098681663741], [77.97848565374687, 18.45319672736343], [77.9815234979444, 18.45923341427873], [77.98086191260951, 18.46170187924924], [77.9763054880501, 18.46618075051271], [77.97493807802937, 18.47049357513902], [77.97084963932646, 18.47427735854557], [77.95294308315334, 18.48201845427053], [77.95191004664912, 18.4853320386136], [77.94991538196042, 18.48721523253277], [77.94363524139084, 18.48868130717669], [77.93754164194912, 18.49145991321179], [77.92367551617401, 18.49138875210134], [77.90766794426965, 18.4931661312801], [77.90005106462479, 18.49184031031488], [77.89521906630932, 18.49477759831735], [77.88928766767243, 18.49243262428779], [77.8851485029165, 18.4952516059447], [77.88131530300289, 18.50173883449956], [77.87633394060008, 18.50269927618463], [77.87141397218845, 18.50580209881633], [77.86469701001361, 18.50796544412663], [77.85754967395262, 18.50411354699613], [77.85370537157343, 18.50329345448758], [77.8510979921698, 18.50313472388077], [77.84347246960745, 18.50592339792005], [77.83744001640832, 18.50649481559347], [77.83035360945917, 18.50447270158615], [77.82842692580782, 18.50543380641496], [77.82416715293162, 18.50383529925268], [77.82155931864723, 18.50473820663566], [77.8196412773799, 18.50231026279049], [77.81823100487712, 18.50291620480697], [77.81629368822446, 18.50223677387997], [77.81142894323985, 18.50262319795895], [77.80668109369434, 18.50071100354094], [77.80384297810507, 18.5014797217318], [77.80006477252675, 18.50103910663715], [77.79329332293531, 18.49786307382033], [77.78946319580065, 18.49707353663909], [77.78630002316855, 18.49941487886163], [77.783683577025, 18.50399090637543], [77.77836107037582, 18.5056088843274], [77.77397476521303, 18.50496130117842], [77.7730234693618, 18.50287059747722], [77.75668720161781, 18.50249009325213], [77.75711959810279, 18.5055236459664], [77.76068794718132, 18.51214399266352], [77.76173595927504, 18.51745771427225], [77.76147001410659, 18.52561497174431], [77.75771396890633, 18.53031613180822], [77.75684149028234, 18.53611134474671], [77.75069608290504, 18.54159063134264], [77.74857333033204, 18.54262521381609], [77.73849960730969, 18.55678870935365], [77.7305618700687, 18.55559849988387], [77.7232513734159, 18.55332903311044], [77.71685445826677, 18.55430524200536], [77.71097152785579, 18.55630332837184], [77.70156143248511, 18.55517113056833], [77.69750518797679, 18.55289794060486], [77.68832766365229, 18.54495231569461], [77.68678476841256, 18.5444335573273], [77.68068531623071, 18.54525320106067], [77.66459829231621, 18.53580023827877], [77.66166366598195, 18.53185700202684], [77.6558604002904, 18.53089895132911], [77.65429713159135, 18.5308362464672], [77.65135150410414, 18.53226343195256], [77.64832597422863, 18.53733611434721], [77.64589690697608, 18.5388368454446], [77.64624594818214, 18.54004071260472], [77.64922325883988, 18.54119256753548]]]}}, {"type": "Feature", "properties": {"dtname": "Karimnagar", "stname": "Telangana", "_state": "TG"}, "geometry": {"type": "Polygon", "coordinates": [[[79.01225223371887, 18.67483281721107], [79.00956666601537, 18.67705041920615], [79.00429075883427, 18.67831481654274], [78.99865366804887, 18.67291306663105], [78.99247607210928, 18.67493440279249], [78.98794337427937, 18.67143297241769], [78.98446210873745, 18.66498887052795], [78.98321530846727, 18.66441989589338], [78.98194249266083, 18.66108585325545], [78.98634795953369, 18.65590356482751], [78.98598462727286, 18.65508331756216], [78.98841315915917, 18.64995020446274], [78.98733820538034, 18.6479999949326], [78.98505356475017, 18.64742375594515], [78.98080040883237, 18.64340450352882], [78.98187580902618, 18.64285197815449], [78.98180625689632, 18.64204724526373], [78.97979912364632, 18.63992332714511], [78.97704748722803, 18.62815754406445], [78.97264606975627, 18.62075773897413], [78.97074969478894, 18.61301423827128], [78.96852052124949, 18.61206769650583], [78.96772487906703, 18.60899436051169], [78.97098750978942, 18.60564282136004], [78.97502981697168, 18.59586769498946], [78.98096674506799, 18.59585552416851], [78.98000192416322, 18.59197687703963], [78.98299122385168, 18.58349523599257], [78.98873747318352, 18.57746358504619], [78.98948622048444, 18.57621739799068], [78.98839648567638, 18.57561787020958], [78.98939540300226, 18.57387645669639], [78.98320219231438, 18.56853763226165], [78.98087705996153, 18.57085706223897], [78.9767286043475, 18.573082116814], [78.9757449688937, 18.57466548430081], [78.96907267851549, 18.57610892723087], [78.96771660332762, 18.57745920593508], [78.9570864161525, 18.57670986091968], [78.95601588674204, 18.56950493858217], [78.95298707356045, 18.56372263456377], [78.95204033775134, 18.55944625562925], [78.94900032779994, 18.5539167890703], [78.9529147612779, 18.55251735895867], [78.95618421535056, 18.54820804805943], [78.95599667777581, 18.54676998511351], [78.95682591458568, 18.54554247813189], [78.95636589737023, 18.54380867536601], [78.95919767528943, 18.54271307294254], [78.9592810409552, 18.53815489370041], [78.96074079562494, 18.5362406155971], [78.96058061544242, 18.53492927486134], [78.95802761133814, 18.53252534562243], [78.9568856576156, 18.5277865977897], [78.95735710503722, 18.52746923165644], [78.95472777928454, 18.52394873464361], [78.95403772133999, 18.51299614953639], [78.95105350047965, 18.50708279358161], [78.94756317710927, 18.50230893532055], [78.94682283745801, 18.49952486469176], [78.93497084935956, 18.49281942734402], [78.93001411742465, 18.49205127219337], [78.92790041497318, 18.49048595841422], [78.92295591930495, 18.47882856919728], [78.92265863535403, 18.47576289867788], [78.92378763727442, 18.47375604248633], [78.93066046765479, 18.46759819738043], [78.93570623436712, 18.46426428239763], [78.93844770037401, 18.45716326234174], [78.94288814350308, 18.4525098979817], [78.94495196190246, 18.44780765260175], [78.94797590208111, 18.44381711899807], [78.95758353767214, 18.4526205650098], [78.95969813747236, 18.45224721883362], [78.9603219606161, 18.45298363298448], [78.97082389987749, 18.45473511366673], [78.98743838599738, 18.46204170729546], [78.98799795803689, 18.45456319026777], [78.98910139935096, 18.45391127265988], [78.99117380338167, 18.44796600180437], [78.99147435047276, 18.44092381899976], [78.97830463621223, 18.44198301436657], [78.97414365460452, 18.42735870464069], [78.97607462209207, 18.4256011407236], [78.97819940330709, 18.42023017497993], [78.9810840945994, 18.42000210283332], [78.98637466939753, 18.41718376087183], [78.98937412698575, 18.41741278490021], [78.98860348173478, 18.41545085228772], [78.99029862899943, 18.41294587995768], [78.9910075795417, 18.40941283054477], [78.99559451569388, 18.40385559396993], [78.99708783304821, 18.39986704050686], [79.00602410194723, 18.40053047054057], [79.01665906771582, 18.39939784091584], [79.03140878221008, 18.40119383853283], [79.03976649532814, 18.40519117131289], [79.04759141027522, 18.41276771758222], [79.05512014250782, 18.41821818018607], [79.064879482695, 18.42296494454313], [79.07146167279961, 18.42462195733419], [79.07552322135042, 18.42465348641753], [79.07993799374435, 18.4229702705072], [79.0855061888583, 18.41234781692414], [79.09336043344398, 18.40692751255456], [79.10897137345266, 18.40362682813602], [79.11704726707434, 18.39749765599419], [79.11962416696554, 18.39655180464359], [79.12662428562346, 18.39659675873852], [79.1278074758818, 18.3851495715586], [79.15354248840572, 18.37801508121709], [79.15488004469465, 18.36452163196606], [79.15752896545298, 18.35505347785737], [79.15295823686189, 18.35222315105644], [79.1389471467088, 18.34869591681955], [79.1361756403086, 18.34713284823482], [79.13029152246905, 18.3487943908472], [79.1223506848183, 18.34212806766745], [79.11692312848909, 18.33879885428943], [79.11251798247524, 18.33742834030649], [79.10689223127464, 18.33737827680958], [79.10523219869464, 18.33261368707455], [79.10693331290793, 18.3309527955715], [79.10432578240462, 18.32570758489914], [79.10296877751752, 18.32491245201125], [79.10186502798867, 18.32045418483841], [79.10459259375739, 18.31814466658925], [79.11026630813897, 18.31603060866641], [79.11044664949827, 18.31262448187707], [79.1087285253882, 18.31006468054817], [79.10898992324984, 18.30837891654729], [79.11472988923724, 18.30440068123152], [79.11917367390451, 18.30420792084759], [79.11736138006285, 18.30225317727934], [79.11471563547714, 18.29038743682034], [79.11688591910695, 18.28920388945407], [79.11800748872724, 18.28713688131802], [79.11979134329827, 18.27702132207778], [79.1215589386645, 18.27590749357147], [79.12739478239844, 18.27542981550265], [79.13368751843201, 18.27125352195458], [79.13004325426222, 18.26132025847475], [79.12711947877887, 18.25871213817789], [79.12389016728433, 18.25787345935786], [79.12034150150362, 18.255360625283], [79.12051000448379, 18.25092395752762], [79.12305268388002, 18.24551302829503], [79.12328356458754, 18.24313898834604], [79.11715850737839, 18.24262586651658], [79.11303744559301, 18.23967038987324], [79.11023386538706, 18.23944070004596], [79.10849111864958, 18.23726365854169], [79.10817487879432, 18.22135785944095], [79.10915571437806, 18.22112494063706], [79.11216775228276, 18.21565127950439], [79.11336587722035, 18.21494627037232], [79.12053910891285, 18.21487643122457], [79.12324604314323, 18.21699654648321], [79.12847153867558, 18.21462176551098], [79.13398988629508, 18.20829892745189], [79.1371597706327, 18.20627147087558], [79.1378408714421, 18.20492540308599], [79.13785627400875, 18.20065871538792], [79.14023017962307, 18.19639481980335], [79.14002318025315, 18.19262041982951], [79.14093425256966, 18.18786597215954], [79.14620044142968, 18.18342281359303], [79.14585827369798, 18.17099212068002], [79.15484963160964, 18.16876890353428], [79.16016177795863, 18.1664726300556], [79.16124185994948, 18.16466804087067], [79.16248336047659, 18.15719174342706], [79.17080444393781, 18.16223415825419], [79.18784263238217, 18.17022180173663], [79.19132307597727, 18.16464488047575], [79.19252106230216, 18.16386558143685], [79.20626299928654, 18.16169636118831], [79.2122596941423, 18.16162564599564], [79.21062649441888, 18.17490944756769], [79.22346744053861, 18.17778281124804], [79.22642618466868, 18.17906069486209], [79.2290615451882, 18.18143185931875], [79.24448139671853, 18.18398920506012], [79.24218936329335, 18.1772023850718], [79.24429695830594, 18.16922392617549], [79.25046613897433, 18.16311105755688], [79.25088984705836, 18.1541688595606], [79.25658374510908, 18.1546675065557], [79.28741713892053, 18.15354904949901], [79.29067328290745, 18.15089762307495], [79.29083964071253, 18.14235057103487], [79.2963755102635, 18.13737957813344], [79.29676318955713, 18.13500342253564], [79.3012096012299, 18.12998705122578], [79.31392393523384, 18.13415247868945], [79.31735899427478, 18.1398828707998], [79.32734133572099, 18.14815164128547], [79.33634739357967, 18.14656960655857], [79.34629626674433, 18.146793894944], [79.35386911910416, 18.13991457028052], [79.36560365560082, 18.13977390365081], [79.37937099771575, 18.15669806159768], [79.38229452564569, 18.15388680693578], [79.3863023109552, 18.15157497646808], [79.39691618039006, 18.14804250469203], [79.40003564055262, 18.15537952600226], [79.40092286215251, 18.16107851620936], [79.3976169790377, 18.16276061828319], [79.39905751449986, 18.16620099441469], [79.40600699630299, 18.16464366819439], [79.41009683776377, 18.16578275538505], [79.41317815653935, 18.16488862874068], [79.41518153790946, 18.16734638574815], [79.41644343883034, 18.16608394069254], [79.41918171967997, 18.16918767160246], [79.42447955472244, 18.16563062229604], [79.42767216186792, 18.15724637730433], [79.43116668432664, 18.15682635560914], [79.4376712694865, 18.1592568691825], [79.44748616896482, 18.1589019400463], [79.44721241251322, 18.16364306802763], [79.46202032682162, 18.16441196046519], [79.46260968766546, 18.1714997707331], [79.4614786195044, 18.17727331677411], [79.46288504708997, 18.18047822831251], [79.4610522629161, 18.18733598698232], [79.46663202628372, 18.1894651855742], [79.46812145551291, 18.19289603609088], [79.47352193892414, 18.19562816016126], [79.46539085553103, 18.2007070860504], [79.46807008708113, 18.21022045139849], [79.47325513966554, 18.21972426301054], [79.47383635393652, 18.22994950052644], [79.48131328607384, 18.23182940913071], [79.48235735304779, 18.22914582744875], [79.48627460969198, 18.23123639762117], [79.49152150561123, 18.22940313188056], [79.49788410495155, 18.23465729992932], [79.51323378433266, 18.23869546514181], [79.51950913501851, 18.24121992893246], [79.53235040052117, 18.23679073074117], [79.53467192390893, 18.23519646919195], [79.54045575609284, 18.23788727456235], [79.55000259815114, 18.24725733844826], [79.549893645648, 18.25040149172017], [79.5487229930145, 18.25263826449301], [79.55049031164333, 18.25881450480339], [79.55002755938102, 18.26254968868634], [79.55182939274054, 18.26455055740397], [79.55188926286395, 18.26781808564231], [79.55749022293618, 18.2647653133697], [79.56308558299499, 18.2628286684414], [79.567185492391, 18.27493480535601], [79.56739845574008, 18.27987490911508], [79.56655627147056, 18.28089702862651], [79.56718258095036, 18.28149175834015], [79.5666899510526, 18.28362257102101], [79.56100551213319, 18.28722644158186], [79.56091222748842, 18.29582546256825], [79.56286432767439, 18.29815217746604], [79.55977089243994, 18.30001396922592], [79.56502532891626, 18.30924191785986], [79.56586952588356, 18.30881626242341], [79.56694773639599, 18.30989642101834], [79.57077048717436, 18.30889633047584], [79.57253174186968, 18.30763866465547], [79.5765222002794, 18.30917426870103], [79.57391600735133, 18.31702571644159], [79.57541162227399, 18.31892563106494], [79.57500787698591, 18.32224968546187], [79.57616910106913, 18.32883408829344], [79.57461120751576, 18.33108229391927], [79.5764483438111, 18.3358393190161], [79.57950104691291, 18.34874439615921], [79.57942573128626, 18.35066005969389], [79.57670884762378, 18.35380243812584], [79.57776445336958, 18.35675312321182], [79.5765908165917, 18.35875434702393], [79.57546286929443, 18.35910646875846], [79.57680827004003, 18.36682114014014], [79.57479502612802, 18.36923448992483], [79.57560047275409, 18.37804924313251], [79.57931232675621, 18.38781637923677], [79.58039975652413, 18.38805598860088], [79.57941129347135, 18.39091647727932], [79.57580479621156, 18.39088743188355], [79.57825628640433, 18.40900382380725], [79.58047993561377, 18.41326974990706], [79.56878450331679, 18.41598006644521], [79.57095123986322, 18.42022785741055], [79.56706166368224, 18.42387546093441], [79.5489839847645, 18.41103587886419], [79.54586077081105, 18.40696886212001], [79.53371650203508, 18.3999107900455], [79.51907802184918, 18.3967852323723], [79.50664598100349, 18.39916359005246], [79.498236996058, 18.39508037166213], [79.49645520187393, 18.39273138323244], [79.48873928607316, 18.38742193799765], [79.48276746838212, 18.38537391837556], [79.47737651347512, 18.38540245522864], [79.474561998243, 18.38601261202058], [79.45851334596306, 18.3938608957552], [79.44386757930238, 18.4081491850373], [79.43936663946475, 18.41066189210807], [79.41672649093925, 18.42083730676749], [79.37278412895768, 18.43535466137737], [79.33328921717123, 18.46750868384804], [79.3269914322709, 18.47150919588216], [79.31069914564956, 18.47913228726138], [79.3062872761143, 18.48046327744413], [79.297818055005, 18.48241303954758], [79.29273163692392, 18.48252912371762], [79.28207775197787, 18.4801645803894], [79.24862932783903, 18.45333642159217], [79.2365949517291, 18.44757333289127], [79.23557450950875, 18.45064829982483], [79.22886314385676, 18.45686211063573], [79.22817336482579, 18.46171979025308], [79.22546332492102, 18.46996769836861], [79.22062794909516, 18.47807192978776], [79.22034064504261, 18.48578291573936], [79.21834748362222, 18.48931790946989], [79.21565480942513, 18.49193147348678], [79.21625666181694, 18.49618219855623], [79.21921446463637, 18.50298624562631], [79.2198793314692, 18.50848435644838], [79.21913281431074, 18.51038206251051], [79.21642643150284, 18.51286896993178], [79.215501288304, 18.5159945332071], [79.2183534784134, 18.52449668572432], [79.219745403993, 18.52385889943658], [79.221319534474, 18.52794364263262], [79.2174874253372, 18.53160304999172], [79.21550593805881, 18.53473128985519], [79.22050363681598, 18.54548255855199], [79.22562817860948, 18.54486696246936], [79.22781950017337, 18.54660134378257], [79.23024634555838, 18.56675706892691], [79.22939713218544, 18.56767371369449], [79.22119696973617, 18.56980720647233], [79.2052779605823, 18.57785316194053], [79.20563895663327, 18.58485814234207], [79.20442820724571, 18.59524654185109], [79.20238116202431, 18.59741631764948], [79.18620011420354, 18.60874358461065], [79.18485076508614, 18.61069154689029], [79.18194648176599, 18.61975906686672], [79.18261944060684, 18.62536525355723], [79.18040734619427, 18.63504226542758], [79.17925630504504, 18.64476636852456], [79.17620020011168, 18.65444250919411], [79.17391257706085, 18.65491178767926], [79.17153762851727, 18.65428270920587], [79.1709753372074, 18.64985642194547], [79.16779701306292, 18.64751011955509], [79.16099476211593, 18.6470115307642], [79.1591567922063, 18.64481349513501], [79.1566492529135, 18.63868535188345], [79.15325042736664, 18.63606636523933], [79.14773759649057, 18.62804884594898], [79.14466952891881, 18.62970559605484], [79.1435813043169, 18.62673054872583], [79.13785204090749, 18.62469742333539], [79.13585483690774, 18.62636536057547], [79.12981506397792, 18.6267244740382], [79.12718294883291, 18.62836568846193], [79.12494812669588, 18.62674758002153], [79.12214478283755, 18.62645854304298], [79.1200232595603, 18.62424024028969], [79.11710421459536, 18.62289774924556], [79.11515886280462, 18.62057208932544], [79.11270080437419, 18.62098927250596], [79.11059946632606, 18.62268858674879], [79.11285266594011, 18.62969220364394], [79.11169045584855, 18.63452321796061], [79.11251156252631, 18.63968324764171], [79.11109409969056, 18.64506823265801], [79.11265040795591, 18.64747272342866], [79.1177111040102, 18.65162548198913], [79.11594146388053, 18.65923085713187], [79.11250135304077, 18.65844518340263], [79.10995930639864, 18.66333040189381], [79.10670488121093, 18.66374752802544], [79.106799686841, 18.65777128593081], [79.10322328451008, 18.64954846354129], [79.09723610289099, 18.6484161580506], [79.09515973231863, 18.65178182266505], [79.09189194464898, 18.65078911986933], [79.08917169049344, 18.64683183037096], [79.08628268302148, 18.64590477224709], [79.077240276155, 18.65173163018896], [79.06463267832926, 18.65375750355666], [79.06411763286938, 18.65483378769167], [79.06482754587421, 18.65948270384675], [79.06287241702371, 18.6610959899917], [79.06207647838487, 18.66555410148767], [79.0594949974411, 18.66596598157587], [79.05729951813134, 18.65904375022602], [79.05260899212679, 18.65561941718322], [79.04978046359463, 18.64719741517339], [79.0479217977606, 18.64603735662213], [79.04190930479557, 18.64581139358684], [79.03908579486107, 18.64439622886148], [79.03592767152479, 18.64463223290107], [79.03557193334196, 18.6484608345093], [79.0362629449544, 18.65111292043033], [79.03351327876754, 18.65058818343052], [79.02754000966644, 18.65142826524144], [79.02256326590486, 18.6546016526803], [79.01793158749285, 18.65413152509736], [79.01750577827706, 18.66151951019102], [79.01225223371887, 18.67483281721107]]]}}, {"type": "Feature", "properties": {"dtname": "Khammam", "stname": "Telangana", "_state": "TG"}, "geometry": {"type": "Polygon", "coordinates": [[[80.31734918483887, 17.56548334121018], [80.30493531943641, 17.56982598397165], [80.29597456018492, 17.57078051670067], [80.2859800086875, 17.5730899446071], [80.28456923722094, 17.57009123364739], [80.28469084159967, 17.56663741437533], [80.28251232853948, 17.56335300774555], [80.29233282270008, 17.5558401081292], [80.28076810892469, 17.54259129540757], [80.26696450793646, 17.55100373096065], [80.26062297706756, 17.55337470917561], [80.25643338432094, 17.55704541280063], [80.24801000701599, 17.56185941331197], [80.2420979949664, 17.5597411363975], [80.2379512060354, 17.55922976537965], [80.2337424308014, 17.56628164949554], [80.23250980475984, 17.56466608750259], [80.23189221315702, 17.55786595317987], [80.23021723736264, 17.55237092975659], [80.21863283281277, 17.55593201709], [80.20571339372292, 17.55692277777882], [80.20189883103696, 17.55810197142267], [80.20150879853026, 17.55737810414067], [80.2049434111716, 17.54555615282826], [80.22827276663021, 17.53056408367199], [80.22881162563759, 17.52254460063427], [80.22638709848259, 17.50736910363556], [80.22770564021994, 17.50454965496703], [80.22486184652085, 17.49632682497655], [80.22196696689987, 17.49447849866939], [80.22098573069519, 17.49205401503697], [80.21703180214826, 17.47971992579853], [80.21773806702431, 17.47670529534982], [80.21656237115862, 17.47527502026493], [80.20986037187299, 17.47097107658488], [80.20947495647935, 17.47357468412681], [80.20863526187162, 17.47432856316356], [80.20409366455884, 17.47452570202644], [80.20154622720018, 17.47992933037805], [80.20122278912606, 17.48505576861996], [80.2002402019902, 17.48681761999428], [80.19581426745202, 17.4760286447382], [80.19525227248141, 17.47081961348091], [80.19822611292132, 17.46382969680532], [80.2007360469746, 17.44892708749653], [80.2035319016568, 17.44403013864283], [80.20316755514169, 17.44203579155959], [80.19165919686986, 17.44295082360485], [80.1809119546234, 17.43921864834681], [80.17011296724631, 17.43852860702152], [80.16249010682343, 17.42047729233247], [80.16634086383628, 17.4076069974878], [80.16027343017822, 17.40317110504244], [80.16213802777838, 17.38961488546571], [80.16073805684037, 17.37682202232629], [80.14372796427203, 17.39387104517818], [80.12993188497187, 17.38824578673353], [80.12910332631166, 17.38063958521858], [80.12830022809662, 17.37953948561968], [80.12463684530906, 17.38202433412896], [80.12386978005866, 17.38176525627315], [80.12377893434774, 17.38251106387075], [80.1203836661952, 17.3826678490547], [80.12017466634445, 17.3787204327414], [80.11979940459581, 17.37798728343258], [80.11808964970454, 17.3782600794414], [80.11702075292878, 17.37585737666031], [80.1163586607048, 17.37008697920469], [80.11266999336203, 17.37347125619669], [80.11243920537912, 17.3711153140777], [80.11146128254121, 17.37039007841677], [80.11265915682401, 17.3670239091813], [80.10844770842675, 17.35866999407175], [80.10043582761857, 17.35799047423779], [80.0858166423734, 17.36713630272266], [80.07662744404921, 17.36426983305627], [80.0729005764066, 17.35679771569194], [80.07493837302657, 17.35278236215379], [80.07396303970701, 17.35096286373066], [80.07024811258617, 17.3532883921457], [80.06856770492531, 17.35311763743089], [80.05728345807039, 17.3464888535066], [80.05359941717212, 17.34756179980313], [80.05232105350727, 17.34660516134109], [80.04850134757532, 17.35141226881881], [80.0466161312089, 17.35231708904939], [80.03657263964334, 17.3548862105837], [80.027961854824, 17.35475878969714], [80.01522353631695, 17.35978958369648], [79.99938074600192, 17.36342882717261], [79.99246730530012, 17.36406355342957], [79.99215115764834, 17.37344446751889], [79.99340346840164, 17.38630595154853], [79.99273488293441, 17.38811737323074], [79.99255573551663, 17.39731322605743], [79.99150029441955, 17.39936782814745], [79.97976636001727, 17.40602193877164], [79.97404545132889, 17.4057275398723], [79.96970127200986, 17.40655328812867], [79.96892823411248, 17.39983730983063], [79.96476921968535, 17.3983891937979], [79.95652103573103, 17.39589968721917], [79.93661370280115, 17.39506589427988], [79.94035168896187, 17.38215847271328], [79.93748606102413, 17.37814512062865], [79.93699214172092, 17.37470761103352], [79.93222722629157, 17.3697622917452], [79.93057502714991, 17.36636231907113], [79.92952699140449, 17.36730450027854], [79.9301523160418, 17.37250112657797], [79.91559572726679, 17.37337507436887], [79.908467712652, 17.37473895563312], [79.90672723758517, 17.37573329127994], [79.90310594293858, 17.37586792067653], [79.9024876086839, 17.37325733252611], [79.89936484162301, 17.37206857273527], [79.89729402303296, 17.36712541755169], [79.8963002826025, 17.36111833908776], [79.89688352750751, 17.35821724325039], [79.89584366697443, 17.35647364150173], [79.89133849245894, 17.35328681592079], [79.88233869989675, 17.35715833657641], [79.8802903211518, 17.3542768114292], [79.87887079042144, 17.35354025994276], [79.879157906354, 17.3431375411905], [79.87641822828391, 17.33711157937065], [79.8754363369838, 17.33648926512824], [79.87542690678326, 17.33054821118235], [79.87293689808256, 17.33046855082448], [79.86803490413388, 17.33241625467349], [79.85601966521163, 17.33433816726448], [79.8551722253374, 17.33291585738401], [79.85215919344681, 17.33442588894552], [79.84985181285582, 17.33463135824518], [79.8456003711546, 17.33193267438331], [79.84352410557283, 17.32919992559214], [79.83146423014222, 17.33593546134504], [79.81510710326252, 17.3313395996163], [79.81108889557902, 17.32673743151849], [79.80844123803716, 17.32599636608499], [79.80622266755051, 17.3264006405114], [79.80612161972465, 17.32568135584246], [79.80429199502687, 17.32522781719674], [79.80168747786273, 17.31235136203109], [79.80464610964462, 17.30763621083309], [79.80769728548456, 17.30464839147492], [79.80908293347535, 17.30146074508995], [79.81311659277912, 17.29742254460623], [79.81490948852375, 17.29345853623712], [79.81879052043267, 17.28995781857033], [79.819077628297, 17.28769729532063], [79.81741930482593, 17.28407920475856], [79.81773721512901, 17.2819821892681], [79.83046132943997, 17.27020746154745], [79.83227765546839, 17.27170075147712], [79.83278252999645, 17.27129545589922], [79.83444171967938, 17.27472353007851], [79.83606241613842, 17.27419498110372], [79.83653546283882, 17.27767362758247], [79.83810001943563, 17.27846522842475], [79.83820178561315, 17.27968287937865], [79.84040570677492, 17.27925562490189], [79.84514157755478, 17.27744355835073], [79.84590377282484, 17.27608948376495], [79.86812368363546, 17.2622800335825], [79.86972582111902, 17.26306248880723], [79.86985334480495, 17.26439218076174], [79.87149505534047, 17.26607898381929], [79.8728176951163, 17.26600150587183], [79.87428862392153, 17.26513770550172], [79.87482709788867, 17.26302324847093], [79.88139481090798, 17.25909058125997], [79.88698460690757, 17.25929661102294], [79.89004505802099, 17.25631580991252], [79.88953459083979, 17.25937451977423], [79.89429250474956, 17.2562590909914], [79.90067634171993, 17.25384897389358], [79.9002286486848, 17.24629430654485], [79.9022285617159, 17.24634281667216], [79.89970094459613, 17.23575945186612], [79.8973178797255, 17.2364761386984], [79.89573512167948, 17.23090089300261], [79.9018731578899, 17.21154701998567], [79.88624194993766, 17.20910607627603], [79.88194796054472, 17.19814635639268], [79.87656162251892, 17.19358630999688], [79.87760421614603, 17.1926804691057], [79.8810464896438, 17.17362643603568], [79.88503633359194, 17.17335769904494], [79.88867273608973, 17.1717266983476], [79.89073704458451, 17.16741426243119], [79.89893033909225, 17.15528728619387], [79.90976161651298, 17.15087714343313], [79.91251968603454, 17.14865097195149], [79.91838501921005, 17.12945798904012], [79.9218449195082, 17.12831890013751], [79.92524209495427, 17.12935006304649], [79.9318881161448, 17.12741891680154], [79.93927248871883, 17.13038223113386], [79.94350343259127, 17.13429574457001], [79.94618684458533, 17.13499461158607], [79.95100389270759, 17.12949936793671], [79.95866331764557, 17.12662496210395], [79.96205543926305, 17.12440426892801], [79.9643976864186, 17.11909692272656], [79.96979685542163, 17.11190700622503], [79.9856990901364, 17.09623218659144], [79.99135366246709, 17.08607133994925], [79.99234337796288, 17.08152461368348], [79.99657043085767, 17.0759273973547], [80.00596055956804, 17.06800870694171], [80.00887848283948, 17.06677192414737], [80.01297202494773, 17.06729232504715], [80.01568296980356, 17.0661182874397], [80.02257618095109, 17.05790376828368], [80.0294088339986, 17.05317080747209], [80.03596520760647, 17.05384090398113], [80.03791764762, 17.05320760553649], [80.03976520969222, 17.05117669229439], [80.04073448182682, 17.04836712159458], [80.03976286513743, 17.04375269725539], [80.04034872307147, 17.03881470170653], [80.03812451287877, 17.03277000784471], [80.0368717497497, 17.02416469330505], [80.03929488807101, 17.02298397946347], [80.0392766870831, 17.02087336874911], [80.04156801416609, 17.01986988759138], [80.04358001690754, 17.01772162876863], [80.04633131357595, 17.016967800838], [80.04579667442532, 17.01441172310204], [80.04967146337039, 17.01357888626387], [80.05132937198086, 17.01205838136688], [80.05096033157787, 17.01107636742424], [80.05513656940802, 17.00989580755422], [80.06014079882574, 17.01049407714024], [80.06199983642989, 17.00934930681024], [80.05955511105343, 17.00336146627511], [80.05993539270412, 17.00065198227215], [80.05615139969315, 16.99893936277429], [80.05759359494772, 16.99708835316858], [80.05642740840216, 16.99532693230541], [80.06052263440546, 16.99020297043709], [80.06118716914494, 16.98725605275769], [80.05940522691937, 16.98133310607718], [80.05630755561442, 16.97551601861973], [80.05543804915779, 16.97142183116931], [80.07231967248207, 16.96993251894652], [80.08338029038543, 16.97017595588708], [80.08754254203826, 16.96838885005157], [80.09155613139444, 16.96831558235082], [80.09410911360557, 16.97557848431271], [80.09395634181602, 16.98359587887787], [80.09516057857917, 16.99065150074686], [80.10254731112984, 16.99095934796402], [80.10962730868506, 16.9872147595777], [80.12039669752073, 16.98789437583904], [80.1204795310815, 16.99122270764025], [80.12785564183945, 16.99226672961936], [80.1362305008925, 16.99197371083116], [80.14023685018702, 16.99059227321639], [80.14637099416198, 17.00025685434094], [80.1533568738448, 17.00694270241479], [80.15728502265766, 17.00741479107391], [80.16202196220559, 17.00493986612613], [80.16776380585453, 17.00559096839739], [80.17016538645076, 17.01682717783531], [80.17772798632542, 17.01660362099671], [80.17909992066024, 17.01687247103159], [80.18038422633816, 17.01902230755071], [80.18469672863591, 17.02034458158865], [80.18728708012405, 17.01995501818736], [80.19263457979493, 17.02674564638003], [80.19200356577358, 17.03353656620315], [80.1966925946428, 17.04394357606774], [80.20409048237364, 17.03828811035916], [80.2037069124276, 17.03568146795248], [80.20036336640567, 17.03044468605851], [80.19958190284173, 17.02649322373237], [80.20141874262082, 17.02260943783472], [80.20205695621682, 17.0170255689088], [80.21142960730835, 17.01027347378083], [80.2162212133335, 17.00864298216263], [80.22286815978136, 17.00783774892706], [80.2261617746633, 17.01532159971202], [80.22882797653358, 17.01440692632351], [80.23582183622221, 17.00733414628015], [80.24007343650266, 17.00511904122273], [80.24040171849856, 17.00214841722762], [80.25607199081354, 17.00110424709578], [80.25685962190245, 16.99893002583679], [80.2648793744802, 16.99723873831], [80.26689545944858, 17.00133792202755], [80.27047361082589, 17.00398724503816], [80.27766760162423, 17.00526109036146], [80.28079997308816, 17.00744398755155], [80.28266093923263, 17.00767195158896], [80.285544445534, 17.00540930342301], [80.2935907915508, 16.99633237020675], [80.29436414678797, 16.99383238834599], [80.29117224838046, 16.98577529211643], [80.29027493346685, 16.98107602863057], [80.29239641455797, 16.97906125130919], [80.29351739069244, 16.97666110967219], [80.30128125494502, 16.97586357473054], [80.30658862456617, 16.97379278396752], [80.30660075035371, 16.96618652323026], [80.30501544053165, 16.9536994317832], [80.30827403088456, 16.95123325333279], [80.31647446455871, 16.94843541650693], [80.31309323432203, 16.94052528468917], [80.31272026542251, 16.93534331635486], [80.313871453608, 16.92482872399675], [80.31158666709246, 16.9166595445243], [80.31561372175275, 16.91550089522], [80.32019310126292, 16.91137137647569], [80.3238052323366, 16.90642725033344], [80.3249729560747, 16.9003346206464], [80.32169886517931, 16.87962986272552], [80.32389802393277, 16.87837900952555], [80.33132870331917, 16.87780624789546], [80.34400759568526, 16.87437006753477], [80.34089501454486, 16.85970064181798], [80.3493827922557, 16.8591208766543], [80.35550844172992, 16.85666963788977], [80.36449299002315, 16.85540027349793], [80.37406560683657, 16.85239445238724], [80.37305953952567, 16.84684522107694], [80.37339284887679, 16.83949669728506], [80.378073387338, 16.8416203876539], [80.37961400377738, 16.84107853563733], [80.37845189789014, 16.83698071807349], [80.37435107844436, 16.8317278868286], [80.37369586349043, 16.82823180108869], [80.37864604540569, 16.81909505109923], [80.38043134616511, 16.81744988922661], [80.3831649841839, 16.81580525245001], [80.38601485585819, 16.8162499889422], [80.38733267713269, 16.8189595971781], [80.3857620987079, 16.82295650395197], [80.38606578820433, 16.82490203591666], [80.38724390525137, 16.82549966775512], [80.39083637161724, 16.8247372599004], [80.39236529467048, 16.82793071283429], [80.39413118615276, 16.82723064040142], [80.3966806445916, 16.82750321701538], [80.39970712501844, 16.83354572982653], [80.4042157998386, 16.83204639686147], [80.40659307806875, 16.83952281593411], [80.40779586843654, 16.84822878662543], [80.40779421379256, 16.84898390669562], [80.38347321327943, 16.85002563605416], [80.37836742001576, 16.8519899201712], [80.38278027254192, 16.85490043730982], [80.3824926714043, 16.85623397538906], [80.38061375173488, 16.85715547971207], [80.37883402610102, 16.86155993751658], [80.3803140818403, 16.8636542624953], [80.38293949383139, 16.86354267841509], [80.38270802237935, 16.86528740068407], [80.38403714367809, 16.86525647423554], [80.38525931346159, 16.86328998149334], [80.39385984630322, 16.86042741400605], [80.40231984484116, 16.85609930685573], [80.41206103745695, 16.8529425500973], [80.41212255124441, 16.85190250325174], [80.42770944325486, 16.84979651950994], [80.42794336232237, 16.8468823948902], [80.42970639727224, 16.84672667224531], [80.42858753797863, 16.83811623876657], [80.43440063197671, 16.83742610118457], [80.43820043250558, 16.83424822786048], [80.44087693246848, 16.83427154142344], [80.44141367530678, 16.83077729716494], [80.45006803699003, 16.82722846807167], [80.45172164047325, 16.82401355633296], [80.45327127853948, 16.82301000469657], [80.45674136355977, 16.82207013280573], [80.46015993701936, 16.82004032895314], [80.46424021780217, 16.81997775839672], [80.46614131138405, 16.81635011736679], [80.46596362416538, 16.81213976333713], [80.46383308255973, 16.80536491105251], [80.46445492734152, 16.79544865651693], [80.48115512161475, 16.7927428594096], [80.48629580416127, 16.79111070547863], [80.49074175502221, 16.78769669299308], [80.49404685436902, 16.7836901199553], [80.49847363578321, 16.78230642193686], [80.50439316322496, 16.77868858401841], [80.52619291597624, 16.77458531211715], [80.52858706851298, 16.77535384453462], [80.55158393361343, 16.77501029765471], [80.56223355382552, 16.77039022193368], [80.56790839120409, 16.76929409250386], [80.57024080111638, 16.76800901746627], [80.57321315093498, 16.77066704779092], [80.57687239377687, 16.77714612642392], [80.58345079533048, 16.78132662337973], [80.58495395663203, 16.78355095558267], [80.58716448728887, 16.78224768163163], [80.58879380801113, 16.78531518383556], [80.59317936980358, 16.78695495731492], [80.59300164336076, 16.7883614351717], [80.59685219096338, 16.79019579779846], [80.5971073819699, 16.79220570818366], [80.5994781928046, 16.7922136486061], [80.60086362934248, 16.79334354478069], [80.60986377076706, 16.79418478406276], [80.61054373493208, 16.79294987741546], [80.6129665615699, 16.79354099634578], [80.61254444513435, 16.79431000850342], [80.60766751725441, 16.79587263597899], [80.6053213530421, 16.79795403243538], [80.59991386088645, 16.79974741262118], [80.59852497347161, 16.80126758649148], [80.5943989921867, 16.80280696001785], [80.59097289041893, 16.80719797140658], [80.58865415795765, 16.80842009892996], [80.5861721433409, 16.81249116678083], [80.58454769355745, 16.81294856010865], [80.57741025937334, 16.82333461146016], [80.56553165449621, 16.82684334353365], [80.56284769437046, 16.83284078016389], [80.57014113019174, 16.8485218510996], [80.57118529581295, 16.86112001337119], [80.56830613863497, 16.86938808156469], [80.57755905646769, 16.87895434438282], [80.58507993752443, 16.88183205925741], [80.59286309978944, 16.88265628401842], [80.59591241335245, 16.88462204086963], [80.5962624121528, 16.88947884531114], [80.59497786014447, 16.89476147584878], [80.59577258578577, 16.89652927821108], [80.59482022471308, 16.89889034762789], [80.58767707522549, 16.90229412426012], [80.58712000603795, 16.9041778084133], [80.58816825990841, 16.90588220977035], [80.5913157568425, 16.90649130939749], [80.59234018216, 16.90744501533783], [80.59456390133316, 16.91127876123893], [80.60194160733089, 16.9185897041868], [80.59958050654404, 16.92115554056389], [80.59822282303202, 16.92106130973563], [80.59691350250411, 16.92385655123278], [80.59171244483628, 16.92299057546192], [80.59122072018351, 16.92637337542287], [80.5904036399837, 16.92709274861321], [80.58405729809222, 16.92880478224751], [80.58132089112432, 16.93252381906466], [80.5819079791691, 16.93448102983943], [80.58097847912772, 16.93615454416994], [80.57827770879938, 16.93791923673374], [80.57760565118679, 16.93741748126916], [80.57547290933086, 16.93814170032613], [80.57348674727716, 16.94132159402664], [80.57098252089861, 16.94128181130261], [80.5670224056231, 16.94316428977295], [80.55777280286499, 16.94851221404294], [80.54577002104486, 16.95692638464321], [80.5346961498778, 16.96141445412962], [80.53186062707344, 16.95808219806874], [80.52610348398719, 16.94788137874478], [80.5201698162398, 16.95115146120667], [80.51085308761293, 16.95402812611256], [80.50545934382541, 16.95653805797035], [80.50170054172303, 16.95737923834219], [80.4992290299687, 16.95633461735368], [80.49559256865571, 16.94999479050034], [80.49625511022215, 16.94641338842887], [80.493986016544, 16.93779441501074], [80.49344611597228, 16.92742858789615], [80.48202948097094, 16.93212654745757], [80.47301756391046, 16.93848380026175], [80.46743484440134, 16.94544720225561], [80.45647676417384, 16.95180340298428], [80.44966770735583, 16.95476394431133], [80.41939863102665, 16.96256890618565], [80.40765132299752, 16.96396589640272], [80.37630500221786, 16.97349589522317], [80.37135549204703, 16.97580817753975], [80.36693416595415, 16.97517240015001], [80.36340456862649, 16.97606555807735], [80.36661509046816, 16.98143513372962], [80.36807179744272, 16.98147675527084], [80.37156476433161, 16.98634900524371], [80.3737449909154, 16.98666235221748], [80.37576440033224, 16.98869832567175], [80.38110188798267, 16.99799393402952], [80.38692082168059, 17.00458558047623], [80.38785339312267, 17.00926626429249], [80.39994896845396, 17.01257777480969], [80.40703486361322, 17.01579603601906], [80.40739812961255, 17.02561274017618], [80.40364100492725, 17.02884736556144], [80.40003955933243, 17.03071331111967], [80.40073817259919, 17.03218947849145], [80.39575856405871, 17.03572781069128], [80.3965317398167, 17.04039470261136], [80.3959324421408, 17.0463304369809], [80.39824852833284, 17.04909000211126], [80.39849494757154, 17.05260467192241], [80.39542022750142, 17.05341258552036], [80.39522704126306, 17.05428971438398], [80.39381652226241, 17.05476828397521], [80.39363671742727, 17.05697936778826], [80.39165990686523, 17.06129675069608], [80.38577568700327, 17.06690069632322], [80.38726398143069, 17.07129201492872], [80.39102329124562, 17.07466736311288], [80.39687966972205, 17.0779351360982], [80.40063419648743, 17.08196151994457], [80.40381728905, 17.08196293562459], [80.40497286332766, 17.0840299952951], [80.40443437976548, 17.08676058779285], [80.40785194104102, 17.08785184439837], [80.40938762730413, 17.09175929753398], [80.41206261815468, 17.09246128497716], [80.41896487902709, 17.09230131254318], [80.41778941249198, 17.08788095093119], [80.41855389664205, 17.07842838597418], [80.41704663579891, 17.07361191801512], [80.4235000312688, 17.06612590014736], [80.42528797629659, 17.06237324111017], [80.43172156084593, 17.05552454924022], [80.43862848063692, 17.0375832934797], [80.45329975436637, 17.03476057985766], [80.45879510967906, 17.03274044381537], [80.45868715129127, 17.03189483191359], [80.46485931186874, 17.03002378057716], [80.46797849081759, 17.04170467347826], [80.47137592697156, 17.05036937394958], [80.48599580063477, 17.05208467706228], [80.49093186086732, 17.05096803068208], [80.49387448787702, 17.05780995984367], [80.49767296962152, 17.06265303500849], [80.50539715938612, 17.06846371546825], [80.51008069365889, 17.08690420579526], [80.50969937925596, 17.0878940172005], [80.50515761957517, 17.0906615641131], [80.50403394315147, 17.09264204839315], [80.50549638180121, 17.09824002755853], [80.51288378898299, 17.10924559457929], [80.51382933899764, 17.11385320107247], [80.51407991036461, 17.12205293547562], [80.52758556770361, 17.11891337016893], [80.53134777062729, 17.11983537389566], [80.53579231044256, 17.12268790888264], [80.54234352325079, 17.12460399385013], [80.54882067401694, 17.1307886995073], [80.5542909236663, 17.13359983988705], [80.55732393763545, 17.13212503172933], [80.56318397428186, 17.13310447596182], [80.57657017276689, 17.1492431555164], [80.57820720403176, 17.15002034898946], [80.58001924778824, 17.15307199650042], [80.6005393051741, 17.1422830952651], [80.6042481992609, 17.13859602375336], [80.60640034770483, 17.13518081254252], [80.61698930887138, 17.1315803802186], [80.61863103233124, 17.12935599417408], [80.61825226635277, 17.12842133223412], [80.61943713659845, 17.12804992462669], [80.62790300576319, 17.12989882667591], [80.63629639050602, 17.1285281148099], [80.6454815533009, 17.12351646805799], [80.64204268536929, 17.11590480517024], [80.64923902343094, 17.11136393724085], [80.6558115820224, 17.10983990029389], [80.66559756530727, 17.10512085336702], [80.67055477336908, 17.10118754081476], [80.6680527231559, 17.09492683405214], [80.6588908190456, 17.09156065736435], [80.6570931644331, 17.08955882018821], [80.64991534217859, 17.07136814644485], [80.65381076209474, 17.06861151219806], [80.66640474592454, 17.06748056532787], [80.67106598081581, 17.07003630147518], [80.67173617046126, 17.06758026812449], [80.67346542494683, 17.06663827537321], [80.6764026643582, 17.07075087318419], [80.67897958654004, 17.07121905123448], [80.67966670178919, 17.07202785385711], [80.68119904378807, 17.07167383892358], [80.68266214222, 17.07269906981541], [80.69074917373125, 17.07312155505172], [80.69496264768743, 17.07413522597165], [80.69729256881199, 17.07678749135352], [80.69633818730136, 17.08005756550411], [80.69779267144416, 17.08176543567455], [80.69898198489649, 17.08160155661067], [80.69944968499334, 17.08379422714725], [80.70535641146552, 17.08077702683034], [80.71058091394444, 17.08188433912804], [80.72106309818751, 17.07988402911093], [80.7269963656979, 17.07994562569049], [80.73680092728443, 17.07768761022109], [80.73888132595037, 17.07958891251685], [80.74464668955159, 17.07693713376307], [80.74646719915773, 17.07777157356576], [80.75089404574344, 17.07262059391239], [80.76498041763784, 17.06661207284582], [80.77933141772604, 17.06541349679281], [80.78228210338638, 17.06432440012928], [80.79046076032107, 17.06346329319668], [80.79873598878523, 17.06123607099861], [80.80406589649824, 17.05750256413834], [80.81041343823556, 17.05532288884189], [80.82882256150522, 17.05276752398249], [80.84078973339906, 17.04670745171889], [80.84530945311967, 17.03996715525208], [80.85584105593382, 17.0465154406787], [80.8591097448428, 17.05260996824787], [80.8655091851458, 17.05855883616742], [80.86792706744633, 17.06440590334677], [80.87149134441074, 17.06983498257044], [80.87432631047365, 17.06989777031632], [80.87547543447204, 17.07098101493788], [80.87716091594588, 17.07043435157119], [80.87610814587232, 17.07487774168564], [80.86870943613256, 17.07799714406428], [80.8675809669521, 17.08044990974177], [80.86832981834628, 17.08365906233611], [80.8752075831412, 17.09545225003111], [80.87433925568256, 17.09601649034374], [80.87389177241523, 17.09853964055434], [80.87643022341886, 17.10558913971228], [80.87348491597254, 17.11410118181321], [80.8683331249599, 17.12027355883135], [80.86774061542731, 17.12313061196923], [80.8692991515519, 17.12668652708846], [80.87363890085318, 17.1287724439541], [80.87825039431955, 17.13513990705764], [80.87770006642985, 17.1498138572653], [80.8794380542388, 17.16083009539865], [80.88157510846263, 17.16114617485598], [80.8876248657085, 17.15921337231584], [80.89240397224386, 17.15937193728099], [80.90702532268297, 17.15385043817546], [80.91659180787786, 17.15369175688792], [80.92399459423426, 17.15784625704609], [80.92309140652073, 17.16129034398973], [80.9236093376444, 17.16593303675112], [80.92519839046548, 17.1677475586947], [80.92461253187504, 17.16959733225895], [80.9264348354535, 17.18348021068635], [80.92267035724824, 17.18858840288427], [80.9184452699118, 17.18973842569841], [80.91901017346669, 17.19379105869359], [80.9206214784301, 17.19490925245298], [80.92017287542728, 17.19632100104301], [80.92104698315971, 17.20027579703718], [80.92066451289645, 17.20185015337803], [80.9188561427922, 17.20320574840267], [80.91676026979856, 17.21096020007437], [80.91675694991535, 17.21609236302415], [80.91884229086838, 17.2200075087582], [80.91471408431659, 17.21901174126298], [80.8996476327643, 17.22285676019514], [80.88939507170949, 17.22731142386077], [80.87792173989492, 17.23084995041761], [80.87523260838509, 17.2320031727576], [80.87455801300888, 17.23353717112401], [80.87190934866352, 17.23374068203597], [80.87123503793661, 17.2329596637325], [80.86798462123654, 17.23339934471113], [80.86525532169901, 17.23576884666318], [80.86633351530241, 17.24621175088458], [80.86977021076778, 17.2571252579679], [80.87273805439507, 17.26134763950875], [80.87298125533857, 17.26302919553781], [80.87564625235576, 17.2637886661062], [80.87619395119633, 17.26473266391605], [80.86888743466636, 17.2831975647932], [80.87199370239556, 17.32300773904474], [80.8675859808327, 17.32969798463411], [80.86773249580601, 17.33503296899827], [80.86551771720697, 17.34141643776077], [80.8652841362038, 17.34493896247816], [80.86223017035702, 17.34820852123418], [80.8607140078446, 17.36090244817477], [80.85993470252252, 17.36470166317945], [80.85920550231627, 17.36505108176603], [80.85190121080244, 17.36671799240831], [80.84513627548814, 17.36725811205559], [80.8316587510569, 17.36314247584792], [80.82659141402593, 17.35957398403296], [80.8192849558789, 17.35125683047653], [80.81279833052768, 17.33707855193119], [80.80372880929737, 17.33843445780796], [80.77871079605471, 17.3373247756213], [80.77623166796421, 17.32861989511197], [80.77735226247876, 17.31542957020801], [80.77539167173285, 17.30821314876887], [80.76100714472364, 17.31389041686375], [80.7500181677766, 17.30066035779767], [80.74845772679049, 17.29130283484876], [80.74751756220248, 17.29280325758658], [80.74163740506458, 17.29429608888612], [80.73657826174502, 17.29744267777053], [80.73274305019665, 17.30165573482359], [80.72565613791723, 17.30542149179437], [80.72242283853592, 17.30528432276088], [80.70882846230687, 17.29991761636431], [80.69836490856062, 17.29013427208258], [80.69436281891525, 17.28851927756765], [80.6872162886588, 17.29122043814958], [80.68497310548811, 17.29319376842121], [80.68294314617914, 17.29674024880286], [80.68189355428807, 17.30688724115849], [80.6851571052236, 17.30867040316742], [80.68735994894104, 17.30862777241001], [80.68750811058499, 17.31094706522725], [80.68604826753786, 17.31525274021444], [80.68365597876698, 17.31910700390285], [80.6838408406382, 17.32554530352233], [80.6821442225921, 17.32840879915558], [80.68284417905772, 17.33199358409055], [80.6815435690069, 17.33555301227019], [80.67974726966624, 17.33781069651938], [80.67546509748387, 17.33978104302874], [80.67135963141476, 17.33935490835755], [80.66633765581152, 17.34071530283193], [80.65988731753816, 17.33967579271731], [80.66034218749786, 17.34328804416699], [80.65250898275282, 17.34394939539549], [80.64578801645463, 17.34632777636374], [80.64656132258936, 17.34793228519398], [80.64518464135999, 17.35166329517822], [80.64623129433456, 17.35357064513284], [80.64489560728583, 17.35553829999081], [80.64606670572597, 17.36018085412949], [80.64240008632511, 17.3616166150568], [80.63778095782669, 17.36110425119618], [80.6343592577943, 17.3628290496034], [80.63191498934826, 17.36183138139599], [80.63051910361942, 17.35843673758263], [80.63097722101112, 17.35348560574307], [80.63293073886696, 17.34611014917347], [80.6291954210037, 17.34301532742787], [80.62927348867798, 17.34006732786165], [80.62851936894208, 17.33874307277819], [80.62537813289481, 17.33677365723094], [80.61966098566926, 17.34111739340349], [80.61485074441337, 17.34288342386624], [80.61415574834508, 17.34579547621866], [80.61689683949243, 17.34769745730988], [80.61727408206241, 17.34881401560351], [80.61619132418373, 17.34884173381879], [80.61570780004293, 17.35119761333098], [80.61323208538305, 17.35241522373416], [80.61253593838, 17.3535775795464], [80.61290836222081, 17.35441377171255], [80.61113857960991, 17.35504322777663], [80.61091769820734, 17.35590689249029], [80.60950514235326, 17.35555491522776], [80.60943494648838, 17.35628740484508], [80.61007620689075, 17.35807751809687], [80.61886646334727, 17.36611168535694], [80.61947232548829, 17.37141480569404], [80.61439867879356, 17.3749125219157], [80.61298310444506, 17.37776614695381], [80.61037937552203, 17.3781337898734], [80.6078145138133, 17.38040476612433], [80.60724106682544, 17.38228588072953], [80.60477888368035, 17.38324115449922], [80.59770122695761, 17.38237187909073], [80.59606332087297, 17.38372903623799], [80.59224848431616, 17.38215726103488], [80.58212367105193, 17.35698700236423], [80.5761481176492, 17.35462003876451], [80.5693776490619, 17.35379044459535], [80.56018453839296, 17.34376494406164], [80.55628568445537, 17.34108937801305], [80.55596396714039, 17.36817210749665], [80.55531390446225, 17.36804974815447], [80.55959624474168, 17.37510227037177], [80.5645982920649, 17.38007418176061], [80.56715315779309, 17.38803980271381], [80.56602144725751, 17.39735391662263], [80.56732410502069, 17.40590765280983], [80.56605535275332, 17.41414112634614], [80.56642374204336, 17.41731941018334], [80.56765799692162, 17.41825942332734], [80.59256038738681, 17.42445306152809], [80.58509413197133, 17.43211502526584], [80.58556683589393, 17.43613870281851], [80.5879005123636, 17.44110646863014], [80.58702150728895, 17.44492713552596], [80.5851041997666, 17.44434925608143], [80.58209460532531, 17.44503760938526], [80.57896654396554, 17.44375484349843], [80.57750648249021, 17.44397687277899], [80.57521804450118, 17.4458132771699], [80.57114991687286, 17.44991537029205], [80.57090069623537, 17.45112259851168], [80.57280664789614, 17.45909261833727], [80.56854849910569, 17.45952810267426], [80.56480735727665, 17.4566900425938], [80.5616090757868, 17.45719732710671], [80.55924517173877, 17.45978409725371], [80.55680284082206, 17.46813064407725], [80.55304958742191, 17.47263007029865], [80.54835298151265, 17.4732461027513], [80.54161242193966, 17.47662472950675], [80.53697680985444, 17.47628649627192], [80.53228029737484, 17.4783082279695], [80.52862916411766, 17.47746326052429], [80.51699718811642, 17.47159167670562], [80.51359598910886, 17.47169144418957], [80.50587983435167, 17.47859087648182], [80.50171530617202, 17.47622194820883], [80.49385751479109, 17.47416537472328], [80.49154449548176, 17.4726100037147], [80.4890668166985, 17.46843698699244], [80.48355568123947, 17.46247784770665], [80.47600063775973, 17.45571359494718], [80.47401288313914, 17.45541045788788], [80.47210020688884, 17.4571236640407], [80.46957535980687, 17.45704643603575], [80.45051426217515, 17.44794193330063], [80.4502136615962, 17.44444708950367], [80.44673379094165, 17.44090165425041], [80.43821851460952, 17.42385010183164], [80.43810263864769, 17.41809005910146], [80.4339833735031, 17.41336422366276], [80.43408718388991, 17.41257077051609], [80.42967966891524, 17.41112488489918], [80.42831824050803, 17.41243099046516], [80.41166333149006, 17.4175879909042], [80.40799792264214, 17.42066085603535], [80.40620345634659, 17.42105925707047], [80.39931910789409, 17.41855457879597], [80.39116731847844, 17.41767353717123], [80.38508437332685, 17.41469535996698], [80.3758900330741, 17.41689207798003], [80.39071154683585, 17.43280559509229], [80.40007242334597, 17.44696585153821], [80.40257086613023, 17.4523742305901], [80.40124451261782, 17.45778087545803], [80.40155874571651, 17.46059773366444], [80.40581098489461, 17.46343882443245], [80.41134785789494, 17.46987924403275], [80.42858076137543, 17.49374325713165], [80.43047915919561, 17.49454864378023], [80.43131687707525, 17.49731574260106], [80.42364046121367, 17.5009796478447], [80.42399245731838, 17.5044881278025], [80.41591901421624, 17.51010919125864], [80.41171547439842, 17.5116446547406], [80.40739452772743, 17.51203611540904], [80.40579657926884, 17.51345957340144], [80.40372660300896, 17.51646506893696], [80.40200921286414, 17.52101244185302], [80.40067219180672, 17.52788363032662], [80.39681277362348, 17.52821180614858], [80.37923660255491, 17.51219839032654], [80.37681225353465, 17.50867522840258], [80.37113219978335, 17.50514998330807], [80.36101926202633, 17.50097978074236], [80.35967926480863, 17.49698690620671], [80.36047360653231, 17.48637656403988], [80.34649173249198, 17.48515982602881], [80.34828857642356, 17.50098018891785], [80.34778274654917, 17.50933012589937], [80.34524439371296, 17.51368650379635], [80.34037757285408, 17.51888656974959], [80.33966771081494, 17.52262035107323], [80.3435688292352, 17.5350784446547], [80.35596518616563, 17.53123990174901], [80.36659985278028, 17.56033885842005], [80.36848473822505, 17.56784011212037], [80.35642837182866, 17.56800417884305], [80.34882666437191, 17.56726205287897], [80.3461444201274, 17.56782523356702], [80.33966298708141, 17.56312775184761], [80.32537024364211, 17.56096468770193], [80.3239516524335, 17.56090472973378], [80.31734918483887, 17.56548334121018]]]}}, {"type": "Feature", "properties": {"dtname": "Kumuram Bheem", "stname": "Telangana", "_state": "TG"}, "geometry": {"type": "Polygon", "coordinates": [[[79.28331894234071, 19.59559876302028], [79.27194527628961, 19.5994387227185], [79.25109771743087, 19.61587049287563], [79.24857277316632, 19.61667742492049], [79.24355707047555, 19.61668894373983], [79.23864324880498, 19.60617069503953], [79.24441283947736, 19.59486609840334], [79.2485701083964, 19.59346394756479], [79.2531242627444, 19.59328715879616], [79.25102563366956, 19.57749961740576], [79.24621834817788, 19.56751889751249], [79.23712382455504, 19.55713830296682], [79.23708226771599, 19.550362721961], [79.23884553170745, 19.54793552566961], [79.23853836401985, 19.54244933101608], [79.24002309179137, 19.53524020667263], [79.23372823903988, 19.52000920852832], [79.23198074798857, 19.51931738923523], [79.22116274424125, 19.52099149189537], [79.214029240777, 19.51119417966559], [79.20746481860964, 19.50613085136595], [79.20738336697292, 19.49763476799836], [79.20579701824965, 19.49709711900659], [79.20524943346675, 19.49426346029735], [79.20385114222658, 19.49408347403865], [79.20444641724475, 19.49047571435929], [79.20650714629458, 19.48767576531467], [79.20685270823753, 19.48581800018026], [79.21074966212079, 19.48173787740155], [79.21576704000033, 19.48094168571544], [79.22318713009996, 19.47234544504619], [79.22358933629334, 19.46907490377599], [79.2224141787844, 19.46756926091852], [79.21776654303319, 19.4664717605666], [79.21568456496549, 19.46463558459165], [79.20820525090132, 19.46497014506538], [79.1983347543312, 19.46132204389666], [79.19445718011775, 19.46112702209276], [79.19086933637169, 19.45890234812124], [79.18007405306993, 19.46188369152235], [79.17411914664797, 19.46828465354322], [79.16783240340386, 19.47235847615267], [79.16524508573627, 19.47623380128702], [79.16390350711451, 19.48375071543036], [79.16135438082834, 19.48826271141923], [79.15754878672277, 19.48928632931576], [79.14298531183066, 19.50053495535023], [79.13860619776165, 19.5004847568418], [79.13761072167581, 19.50123230563534], [79.13566251892932, 19.50615399419461], [79.13310868460535, 19.50782610638587], [79.12767036043311, 19.510102789641], [79.12329644839976, 19.51062120293021], [79.1209301985176, 19.51200093472031], [79.11710745090893, 19.517334660797], [79.11434321417475, 19.51975910268213], [79.10538835543446, 19.52237824149069], [79.09986044238059, 19.53102300015424], [79.09627307651323, 19.53266082697772], [79.08188242422307, 19.53300461317427], [79.07690195577341, 19.53239862144487], [79.07313470917417, 19.5345043446735], [79.06769369544544, 19.5356555190476], [79.06533612149826, 19.53962569279181], [79.04601146037491, 19.54832571282803], [79.03945071737064, 19.54760430151127], [79.02402493743483, 19.54177578711882], [79.00686783593211, 19.54202347214387], [78.99803139159447, 19.54008433923535], [78.99774767855268, 19.54906511875012], [78.98125194182883, 19.56083938124795], [78.97985310200498, 19.55765624753885], [78.97680173283412, 19.55693509817775], [78.97422311491562, 19.54938322791969], [78.97236394919884, 19.5502638545527], [78.96926409875586, 19.55026444938749], [78.95209553228237, 19.54886461916039], [78.94564687433494, 19.54964883892988], [78.94044360064083, 19.55186830141212], [78.93540233103575, 19.54994505034004], [78.93669812934547, 19.54513352278845], [78.9447613363526, 19.5371478511198], [78.95025363321525, 19.53325559332721], [78.9421442373703, 19.51381390496344], [78.94893355797478, 19.51017023705457], [78.94906603254454, 19.50134146372907], [78.95222638277086, 19.50379727462119], [78.95458152685836, 19.50335823834762], [78.95545348462588, 19.5020643923651], [78.95877919771327, 19.50288266146138], [78.96880640772946, 19.49662971096152], [78.97756554319672, 19.4923534560109], [78.97592685283196, 19.4900757963573], [78.96052864203621, 19.47798117029383], [78.95762750689744, 19.47349128096115], [78.94247991721862, 19.46842128866076], [78.92682471479908, 19.4620778878612], [78.92410729710686, 19.46205355688205], [78.9210859134623, 19.4631194770527], [78.91808647724719, 19.46674510466032], [78.91459549415187, 19.47342328987398], [78.90579234821978, 19.47488427375706], [78.90380870654617, 19.47416090291575], [78.89327447134231, 19.45471605606567], [78.88719522852317, 19.45033686456952], [78.88449923002791, 19.4454636418823], [78.86540457322236, 19.44450279302862], [78.86206210958453, 19.44526293853515], [78.85993589794178, 19.4479509532871], [78.85501455016332, 19.44800377584546], [78.85300319087531, 19.44724811819122], [78.84536676301242, 19.43975430311578], [78.84134287922821, 19.43394030983768], [78.84122761015037, 19.43127592527211], [78.84471033003217, 19.42353308015232], [78.8445044845083, 19.42256090502337], [78.83425613851819, 19.41240538685732], [78.82940484510044, 19.40940173991355], [78.82970254239274, 19.40687587821887], [78.82177505177998, 19.39702202835955], [78.82183739578646, 19.39146039813691], [78.82086054230699, 19.38777771365771], [78.81952858569527, 19.38665672162558], [78.81257518681366, 19.38858893267746], [78.80986169122605, 19.38659474035535], [78.81046877435824, 19.38407578362634], [78.80898478803614, 19.38323857269204], [78.81060142936626, 19.38085776924534], [78.81339211875265, 19.37998570323909], [78.81551207993743, 19.38074270974193], [78.81739260395567, 19.37895147501395], [78.82109874992942, 19.37893519698278], [78.82131335478446, 19.37721674429843], [78.82477083237393, 19.37458883186078], [78.82864902530345, 19.37502532500033], [78.83465787139299, 19.37220935507401], [78.84062811581136, 19.37055779524651], [78.84604781330167, 19.37096516879445], [78.85210448288069, 19.36975182523718], [78.85414151250188, 19.36852583255408], [78.85502047060525, 19.35292456634217], [78.85829852686062, 19.33144930176585], [78.85743612983315, 19.32656650069882], [78.85835633584202, 19.32404959283773], [78.84985001951111, 19.29465447950189], [78.85256604476645, 19.28895000269777], [78.85467758057621, 19.27881589019932], [78.86879763767888, 19.28246761621233], [78.87505846433271, 19.27696565349299], [78.88371411539357, 19.27447512161286], [78.88547843312868, 19.27272731974986], [78.88810209610055, 19.27513554042814], [78.888055081022, 19.27736119905613], [78.89299196362269, 19.28124054947164], [78.89394101823763, 19.2901065000393], [78.89799353825855, 19.28535505198789], [78.90793944026905, 19.27802370885416], [78.91634506068583, 19.27057227165533], [78.92088572572835, 19.26766161062469], [78.92828533006406, 19.26513743522587], [78.93475757633819, 19.26026283613417], [78.94170187052951, 19.2522080976654], [78.94506794593468, 19.2522098366562], [78.94799081084459, 19.25411831096794], [78.9506516463382, 19.25371748495736], [78.95436073173046, 19.25064654529767], [78.95321738288243, 19.2497353512481], [78.96291953834566, 19.24688781202288], [78.96637346527736, 19.24477212561458], [78.96619797751208, 19.24110431220447], [78.96799876443282, 19.23941932240773], [78.96799448469118, 19.23392849557081], [78.97131874749476, 19.23193827749243], [78.97278712916682, 19.2326169444276], [78.9754204165983, 19.23204855869136], [78.97876455747183, 19.22994086899723], [78.98420235128178, 19.23488300231238], [78.9881123385154, 19.23458078722874], [78.99091667500647, 19.23586479277007], [78.99264024861259, 19.23429193929736], [78.99440206167986, 19.23453455627703], [78.99773194330754, 19.23179429684786], [78.9982507681139, 19.22493445866057], [78.99901572851472, 19.22436176252969], [78.99781309963892, 19.22190604450289], [78.99858559368505, 19.22036253935643], [79.01579067408626, 19.21384396242443], [79.05776321453682, 19.20863350342154], [79.06996946557611, 19.187297364326], [79.07442752600672, 19.18599026061813], [79.07883885035572, 19.18327393874118], [79.08338189198754, 19.17876553382639], [79.08598017601399, 19.18025471460312], [79.08920922809375, 19.17865028244323], [79.09075418690595, 19.17925190121883], [79.09278267015857, 19.17870522828551], [79.10461535366075, 19.16956115439955], [79.1066745701438, 19.16205579989953], [79.11347781684367, 19.15428740081808], [79.11551004158257, 19.15051165627942], [79.12053532413013, 19.14812347049461], [79.12248207652925, 19.14295625187343], [79.122277480623, 19.14097698281914], [79.12451130451666, 19.13686835648075], [79.12996518826172, 19.13225172321167], [79.13322703511902, 19.13190209464425], [79.13651086272057, 19.12842315876296], [79.1351384669016, 19.1113803567745], [79.14108141549762, 19.1114314151087], [79.14079511869625, 19.10412724024479], [79.1466493890321, 19.098442303096], [79.14870554419021, 19.09444949758194], [79.15056128700974, 19.09263672610766], [79.15274320355057, 19.09105164591695], [79.1620717177998, 19.08983181423928], [79.19560629575464, 19.08239175585367], [79.19824467383397, 19.07852389622353], [79.19870694919636, 19.07191055994384], [79.20124828005044, 19.07045813110604], [79.20304513841302, 19.0666799061017], [79.20532627427714, 19.06505434562448], [79.20890827030844, 19.06423127939906], [79.21300317256896, 19.06125702241764], [79.2237204255532, 19.04932578612893], [79.22441939110024, 19.0455679206939], [79.22336852862372, 19.04069314122425], [79.2240384349674, 19.03702990958762], [79.22606226077454, 19.03313967452497], [79.2356121181117, 19.03258185912654], [79.24429635237783, 19.0298596883657], [79.24857278636061, 19.029473645532], [79.25336900239482, 19.03022860733331], [79.26719438790344, 19.03372256758855], [79.26236537317227, 19.04184223069039], [79.26213962572649, 19.04448289379597], [79.26438765687908, 19.04870944691051], [79.27372997508873, 19.05994054649177], [79.27379638583083, 19.0818170085026], [79.27687376320608, 19.11669365544054], [79.28323943170447, 19.11071443255557], [79.30385844805703, 19.09514140824031], [79.31081275827012, 19.09284966471936], [79.31603128057516, 19.09241321665011], [79.31711027150436, 19.12591408165172], [79.32237128850556, 19.13822607142394], [79.32618536975237, 19.14395931937493], [79.3262634179332, 19.14521064533418], [79.32548213368295, 19.14947381935854], [79.32171515022559, 19.15477734811198], [79.32293957766046, 19.15550139805606], [79.31738531115626, 19.16118856781075], [79.31739143095113, 19.16330643743979], [79.32213551259737, 19.16540067260771], [79.3345654243526, 19.16885048793655], [79.34828282066474, 19.17723767387547], [79.34341622118137, 19.17726121616335], [79.343337766978, 19.17927031480705], [79.34672680925793, 19.18799009045246], [79.35094943642002, 19.19242882486909], [79.3509180164804, 19.2106263786475], [79.35073412038766, 19.21117623458672], [79.34632544282567, 19.21079593403363], [79.34374743604714, 19.21187945095773], [79.34112539380737, 19.21080416486165], [79.33937040916771, 19.21097991833718], [79.34030289351762, 19.22119892301476], [79.34973999977694, 19.21852671277004], [79.36941487872934, 19.2069943735575], [79.37983109898259, 19.20743712580436], [79.38724787659542, 19.20628342231993], [79.38733913894463, 19.20693407997301], [79.38901115121358, 19.20712332946577], [79.39356405512706, 19.20472194442307], [79.39463531146293, 19.20524226268327], [79.39477722607181, 19.20452947821526], [79.39856383592983, 19.2031310017884], [79.40791982150735, 19.20106985123405], [79.41336024379031, 19.19796807049723], [79.41958756204245, 19.19607579360077], [79.42282784920735, 19.19200086754635], [79.4380134271081, 19.17970348879876], [79.46229401246968, 19.17161685704713], [79.4658665321241, 19.17719280281425], [79.47228207544573, 19.1745231890904], [79.47796629111082, 19.18348665446869], [79.4779036232786, 19.18456557962359], [79.47047865210128, 19.18754213331344], [79.47264172176186, 19.19012178668343], [79.475685527412, 19.19061498778188], [79.47731646545346, 19.19318755981164], [79.47909865768884, 19.19410816683585], [79.47574093493739, 19.19725312706981], [79.47579134079145, 19.19849967774073], [79.48066214772423, 19.20139463884281], [79.49752787905469, 19.20281483375409], [79.50223513637626, 19.20255090918357], [79.50394282231775, 19.20320901258127], [79.50666455120279, 19.20729007887345], [79.52391070340036, 19.20311974460202], [79.53042252757793, 19.20402517518896], [79.53657722651758, 19.20028683131067], [79.53989966010595, 19.20314195424023], [79.5440433760595, 19.20139930248293], [79.54774645915444, 19.2022646507118], [79.5490498076759, 19.21274177404571], [79.54562629829384, 19.21491212003188], [79.5437857704697, 19.22091857373721], [79.54160676875726, 19.22324334852341], [79.53874073035195, 19.22510446168155], [79.5343312739397, 19.22569885109596], [79.53456464542091, 19.22847688890771], [79.53241316996309, 19.23000699262764], [79.53056449175885, 19.23275763793628], [79.53033124000306, 19.23473884501024], [79.53178614451836, 19.23754033524823], [79.5305096817717, 19.23899311345193], [79.53082133822646, 19.245130809361], [79.53202703426776, 19.24931289495351], [79.52407722509787, 19.25130121384684], [79.52497711831917, 19.25387901458008], [79.53207825426443, 19.25327887188546], [79.53095039378466, 19.25731498091885], [79.5326284741576, 19.25830236711249], [79.53524894321566, 19.25814254395302], [79.53747233007897, 19.2594302953248], [79.53925939472451, 19.26243182721316], [79.54032405591444, 19.26249527237236], [79.54060275552867, 19.26479928006792], [79.54153926390539, 19.26482154815109], [79.54253747619946, 19.2629430635493], [79.54471848077117, 19.26223488133523], [79.54968255010876, 19.26408997311658], [79.55777980149331, 19.25911361735224], [79.5605743003846, 19.25836267927212], [79.56062831199374, 19.25406889998504], [79.55990134209638, 19.25200229365865], [79.55257516936443, 19.24427929753143], [79.55246709263291, 19.24207533798129], [79.5555051131617, 19.23907240036108], [79.56854259777224, 19.23560716122325], [79.57966817775764, 19.23425066650674], [79.58453223056569, 19.2370663838818], [79.59170524000547, 19.23717800487417], [79.59454095730348, 19.23869363070884], [79.60474762956686, 19.23969797049342], [79.61184875317315, 19.24205272950029], [79.61687717777642, 19.24127424507652], [79.62164927632506, 19.2425083020144], [79.62235830727361, 19.24131013057949], [79.62126786888734, 19.23539510539867], [79.6224104249874, 19.23186873683859], [79.62553372130365, 19.22655333125379], [79.63419857840991, 19.21928231734235], [79.63715844534666, 19.21853561866047], [79.6409144970482, 19.2194040203983], [79.6465522861967, 19.21500583539055], [79.64810914569888, 19.21659686202971], [79.65635307416393, 19.21730666240954], [79.6625520171463, 19.21387652427325], [79.66555275806911, 19.21352685563449], [79.66372448851524, 19.20870631140026], [79.65414480188481, 19.20481727252804], [79.65338178660237, 19.20322928848167], [79.65391283657785, 19.20133488741585], [79.65603831328508, 19.20002467899441], [79.65909216409192, 19.19946316590631], [79.66593873707524, 19.20001357046931], [79.67110149730924, 19.19862014539503], [79.67609991699887, 19.19900051901403], [79.67626221393915, 19.19098151654953], [79.67400155317068, 19.187256617908], [79.6749041722299, 19.18509709272612], [79.68134769941445, 19.17965778397048], [79.68547646403867, 19.17993533192426], [79.69094753690818, 19.18195184188667], [79.69312523388261, 19.18400555505663], [79.69744501864199, 19.18406684092198], [79.69979218403603, 19.18883047352643], [79.70447221424108, 19.19380139980999], [79.70721033099805, 19.19365788703253], [79.70875922018968, 19.18912101868516], [79.71149943510845, 19.18844919824189], [79.71231921884295, 19.18903916387955], [79.71258797891107, 19.19426915975769], [79.71687944747798, 19.19787921291366], [79.72304177467525, 19.19723320868978], [79.7295249769423, 19.18873559646311], [79.73212270811403, 19.18681678753968], [79.73618542604675, 19.18580615268455], [79.74375655226355, 19.18571545691997], [79.75154513239028, 19.18216309849527], [79.75601380348907, 19.18179468643969], [79.75932853820073, 19.18245190575119], [79.76039323449523, 19.18365671962685], [79.76021214228687, 19.1887947794447], [79.76083101113768, 19.18977676941604], [79.76715890236726, 19.1892248810392], [79.77250272269602, 19.19000617540377], [79.77917605024021, 19.18599613277885], [79.78338800449922, 19.18437108224883], [79.78726292820664, 19.18394136456995], [79.78714046746734, 19.17584901186977], [79.7817794831047, 19.16951386305515], [79.783809289783, 19.16159567539016], [79.79551906614311, 19.15477944509936], [79.7992225833734, 19.15162598010276], [79.8030963500064, 19.15130439081252], [79.81421146136508, 19.15105555017406], [79.82031037860467, 19.15713492365213], [79.83347840056159, 19.15833658271866], [79.8360041028222, 19.16179889694371], [79.83865121588563, 19.16870699346397], [79.85094157492723, 19.16830185680303], [79.85219057663598, 19.17284380008326], [79.85287920900954, 19.17296329187785], [79.87433468744337, 19.17325241693658], [79.88283288990203, 19.16686918514732], [79.88449965909781, 19.16426392307988], [79.88782147753021, 19.16418758842484], [79.89487431353719, 19.16240131033995], [79.89736224861447, 19.16308560046751], [79.90015782196383, 19.16263282620763], [79.90351438281687, 19.16362655105736], [79.90951866972017, 19.16124071830588], [79.92399091655194, 19.16517693162648], [79.93102565543496, 19.15553116320437], [79.94501162936659, 19.167665985215], [79.94627118505038, 19.17092050604999], [79.94649935821853, 19.17424913072892], [79.94528304949448, 19.17914090113846], [79.9297174003836, 19.20238693067951], [79.92545341947903, 19.21063892657667], [79.92422232167712, 19.2154626212867], [79.92450569438815, 19.22571788148974], [79.92965967920655, 19.24345056652522], [79.93084496743819, 19.25080315456055], [79.93635519915715, 19.26412694785169], [79.95056628034116, 19.28904422309473], [79.95481828629941, 19.29376421012727], [79.96226928996491, 19.29735439472456], [79.96460701435562, 19.29974415203069], [79.96619753882335, 19.30414567343692], [79.96556900569009, 19.31306574369627], [79.95982415314505, 19.32849703295899], [79.95887137452394, 19.33419243343051], [79.96289475860071, 19.34633844226553], [79.96566747779025, 19.34993004703097], [79.96796559582044, 19.35663117197723], [79.96757496749136, 19.36031870017834], [79.97023333512215, 19.37102969967073], [79.96952879995933, 19.37468931896981], [79.97141641103234, 19.37681139562936], [79.97182692131503, 19.38155728739106], [79.97403785669984, 19.38550394458768], [79.97846254030047, 19.3871986620048], [79.97967172155927, 19.38865976476642], [79.97961495448483, 19.39032550652506], [79.97698114421435, 19.39494667281793], [79.97793712760752, 19.40035740803872], [79.97470052680511, 19.4043584619334], [79.97445666036047, 19.41184744279944], [79.96792120484675, 19.42321240416165], [79.95425494691123, 19.43855887836487], [79.9476086971423, 19.44967887997915], [79.94697362622789, 19.45208787430689], [79.94821540502251, 19.46060044243948], [79.94644345056855, 19.46782327709925], [79.94481948357814, 19.46981440343878], [79.93701342123835, 19.47327461330649], [79.93241086682072, 19.47654439301584], [79.92435706511588, 19.48631877572673], [79.92054492672638, 19.48934210251234], [79.91450339921403, 19.49603827146099], [79.90196441209333, 19.50090165712777], [79.88085367887447, 19.50356868358366], [79.87095353032839, 19.50905620286399], [79.86458394968635, 19.51051365107803], [79.85531851600614, 19.52102636098319], [79.84817311573654, 19.52653450868617], [79.84563830902253, 19.53279666929392], [79.8328684270614, 19.53855342299289], [79.82841892049089, 19.54340564999081], [79.82490411020534, 19.55053105050963], [79.82411099321082, 19.55679368416109], [79.82125159233874, 19.56021076323663], [79.82115185611359, 19.56421859750936], [79.81789354222029, 19.5686182813654], [79.81632687116536, 19.57402977534205], [79.81446382741706, 19.57569846918535], [79.81076598549203, 19.5763682889339], [79.80326015232926, 19.58056898592091], [79.79858335640002, 19.58196661497325], [79.78085987327837, 19.5982296387557], [79.77211468987717, 19.60228511590341], [79.76122915389233, 19.60548443290113], [79.7534482772959, 19.60753391198122], [79.74308000888267, 19.6086262514208], [79.73524511750507, 19.60496072071459], [79.72651887561564, 19.59799680381206], [79.71797570992472, 19.589453424676], [79.71440958737797, 19.58685860283768], [79.70899970440138, 19.58447829208474], [79.69641348612355, 19.58319508505015], [79.68895286430137, 19.5838668423146], [79.67758224779318, 19.58008199917483], [79.65828730910026, 19.57971423803241], [79.64040301492831, 19.57698977975782], [79.6294302690135, 19.57397132538561], [79.62311186772712, 19.56956741538618], [79.61413784004293, 19.55967725623413], [79.61271637814002, 19.55603325462751], [79.61166021880587, 19.54751586606247], [79.60604271529199, 19.53282709216542], [79.60576467605068, 19.52600987208105], [79.6029658006954, 19.5145507811147], [79.60046132596472, 19.50950719345606], [79.59486059156886, 19.50694688970937], [79.5840440894329, 19.50913115907167], [79.5690000615531, 19.51826644635147], [79.55293237396705, 19.52416859913134], [79.55078714207669, 19.52669605716261], [79.548387250321, 19.53162373527776], [79.54505764029011, 19.55132573423497], [79.54168938719603, 19.55458329664463], [79.53746362229647, 19.55406800584852], [79.52921743650819, 19.55104745999911], [79.51861081963318, 19.54310924896948], [79.51990241734445, 19.54095754732482], [79.52080911105872, 19.53488585607081], [79.5185885976798, 19.52018282718753], [79.51482663270225, 19.5194434579483], [79.50225549090264, 19.51163519254153], [79.5007634995326, 19.50738961931699], [79.49838723085888, 19.50569486377924], [79.49662883282271, 19.50513594772696], [79.49455615059702, 19.50641279896678], [79.48263199742144, 19.50628022700497], [79.47142489033297, 19.50019172476384], [79.46896155654662, 19.50957380505842], [79.45848850576216, 19.51666023651985], [79.45676143941603, 19.51912565335969], [79.45327125676994, 19.52010181265972], [79.44604551395508, 19.52692341719501], [79.44220718866065, 19.52797895814849], [79.43333414714259, 19.53725659720885], [79.42255991707947, 19.53804273798721], [79.42299885030336, 19.53015909758156], [79.42047299523098, 19.52975823366593], [79.40531870324685, 19.53566747376034], [79.40171305384696, 19.53844777347352], [79.40048164088851, 19.54233706329124], [79.39621147646625, 19.54805689327901], [79.39174630448554, 19.55287293146043], [79.38944051464212, 19.55307770805523], [79.38732177039351, 19.55471434217118], [79.3856773430391, 19.55833052566063], [79.37680305461787, 19.55888484671133], [79.37275288601018, 19.5609897684793], [79.36947037373382, 19.5726994430771], [79.36707843783056, 19.57294421044367], [79.36573002849128, 19.57633139478293], [79.35904727507541, 19.57656705286545], [79.35738884444726, 19.57757840512535], [79.3515552944185, 19.57594509473445], [79.34181065457106, 19.57536499025836], [79.33985825389833, 19.57615795288648], [79.33481372239686, 19.57479472001837], [79.3261831089493, 19.57742915071268], [79.31844411531205, 19.57672337918218], [79.31853712054237, 19.56770087946919], [79.31393055191381, 19.56642080597998], [79.30985171729031, 19.57151252362921], [79.31026455621452, 19.57796040330492], [79.30684049358662, 19.59655601663369], [79.28331894234071, 19.59559876302028]]]}}, {"type": "Feature", "properties": {"dtname": "Mahabubabad", "stname": "Telangana", "_state": "TG"}, "geometry": {"type": "Polygon", "coordinates": [[[80.0361913755695, 18.11541744185309], [80.01806656777, 18.11702708716801], [80.0147581583085, 18.1151033370817], [80.00297707610731, 18.11072866533792], [79.9918928252868, 18.10754351637762], [79.98122736161157, 18.06059629430035], [79.98486943108782, 18.05375793309373], [79.98078817109865, 18.03910439429644], [79.97935005170791, 18.02024938415807], [79.98824323994295, 18.00481333471798], [79.99230568501672, 18.00296093098142], [79.9939548218423, 18.0009082774021], [79.99215385160812, 17.99959327751956], [79.9863646753045, 17.99165180423746], [79.98528222222649, 17.97756094044076], [79.98387806183352, 17.97094055549415], [79.98801919246257, 17.96942729300651], [79.98764811092332, 17.96502860603205], [79.98584827162485, 17.96163884290414], [79.98635173669796, 17.95692136394866], [79.9856944300733, 17.95366994044175], [79.98090864970186, 17.94905716603814], [79.97672994195192, 17.95237802953198], [79.97924796988876, 17.9466755956807], [79.98351985802607, 17.94195357953496], [79.98584151230826, 17.93539179142789], [79.98562116740936, 17.93118764363116], [79.9893851880724, 17.92730495782705], [79.99058920570548, 17.9200713710293], [79.99424218010608, 17.91701099032876], [79.99346193807914, 17.91228298078932], [79.9887402794116, 17.90483902483132], [79.9910817356822, 17.89949293364286], [79.9909670741226, 17.89637383647543], [79.99424354882251, 17.8908399714883], [79.99418981439, 17.88947370180219], [79.99178527093142, 17.88668471657103], [79.9911663870788, 17.8814128306766], [79.98890938526277, 17.88161089092364], [79.98856042716723, 17.87965734419602], [79.98647939286307, 17.87935396546672], [79.98467276189096, 17.87704438313657], [79.98126543099785, 17.87667912457998], [79.98285982990575, 17.87354595534048], [79.98011453268192, 17.87099001939423], [79.97538194288343, 17.86140476590474], [79.9608782300108, 17.86428418976145], [79.9527503011851, 17.86073786678609], [79.95213018630437, 17.85630198277778], [79.9528460036198, 17.85180177631758], [79.95138330386361, 17.84657265248823], [79.95155533729394, 17.8441140722741], [79.94720861129353, 17.83567728354538], [79.94281820029869, 17.83942665071536], [79.93941526673667, 17.84103151748192], [79.93868031615835, 17.84061367377752], [79.93439940348917, 17.83409329448794], [79.93471909330943, 17.82635552820791], [79.93093269557959, 17.81870626122904], [79.92339553184716, 17.81410246183537], [79.91777488369594, 17.80940437578174], [79.91537607260226, 17.7988473044931], [79.90995235347872, 17.8041799879727], [79.91097473298741, 17.80472070986208], [79.90918821769687, 17.80880208373746], [79.90894094511577, 17.81254871365505], [79.91068905585797, 17.81343503131956], [79.9014228440002, 17.81429077246602], [79.89488859459277, 17.81373443691767], [79.89283913389941, 17.81267088266932], [79.89127633341268, 17.80986840179372], [79.88649843812878, 17.80909977392185], [79.88744401824466, 17.81152544957859], [79.88308884668152, 17.80988103339836], [79.87556657981172, 17.8084533879467], [79.87789528853874, 17.80031005289086], [79.8826206714047, 17.79071353814905], [79.88344437300306, 17.7793608254522], [79.89498537462704, 17.76860367335028], [79.89808672363232, 17.76807896300459], [79.90035075200514, 17.76671571663276], [79.90287811214239, 17.76408283463014], [79.90372525680465, 17.76168034818384], [79.90212558851874, 17.75096248535028], [79.90367122185762, 17.74685314487066], [79.89895204963285, 17.74124366990225], [79.8966545138223, 17.73516612616059], [79.89337752674703, 17.73010293415629], [79.88960938688047, 17.7313625436432], [79.88873279596277, 17.73264377408886], [79.88409973755972, 17.73440708832868], [79.88214178804652, 17.73601072721137], [79.87874716360518, 17.73695019095033], [79.87625180224212, 17.73986316292168], [79.87330716330787, 17.74168527802912], [79.86922922508472, 17.74236495955718], [79.8688910731372, 17.74188031364518], [79.87208843118641, 17.73926314272807], [79.8642896765483, 17.73521242641114], [79.8641711615201, 17.7339463624075], [79.86688540281199, 17.7304375409404], [79.86133636608571, 17.72806132603576], [79.86131486533397, 17.72309769801216], [79.86353309086911, 17.72270200199085], [79.86358097848786, 17.71956494769476], [79.85247695159444, 17.71832014333117], [79.8446127805593, 17.71870745324463], [79.82485814561437, 17.71342472939115], [79.82150475628787, 17.71337344226381], [79.81897281938573, 17.70900753426792], [79.82441622316213, 17.69516479974503], [79.82217549967338, 17.69533845275184], [79.81901119615502, 17.69930654205838], [79.80929139704995, 17.70049137909938], [79.8054154502554, 17.70024823899349], [79.79104687166965, 17.70877201908736], [79.78383618594302, 17.70590912738566], [79.78186567536407, 17.70307709960928], [79.77885630586711, 17.70316193149376], [79.77129446363652, 17.69719172639123], [79.77144708264431, 17.6890958097894], [79.76776810437565, 17.68667826575136], [79.76234673262796, 17.68991445211053], [79.75959942481389, 17.69057402456578], [79.75324571729628, 17.69082761576151], [79.74983790134398, 17.68791349253394], [79.74154766656824, 17.68894207924379], [79.73300557504699, 17.69167364724362], [79.72526831397431, 17.69594929414095], [79.72284442973255, 17.69589080091345], [79.72441155808751, 17.69913321718333], [79.72154196952755, 17.7008406386061], [79.71544149659161, 17.69784378868144], [79.7167164089117, 17.69509996713934], [79.71363577469928, 17.68945145177282], [79.71412983470076, 17.68384315834876], [79.70813889538942, 17.68308412624743], [79.70818073586723, 17.68207173860275], [79.7052279130321, 17.68222799476424], [79.70526731271946, 17.68296051806793], [79.6989549204162, 17.68356981959833], [79.69137361268092, 17.68652935844691], [79.6836847992194, 17.66992296309396], [79.68051942468377, 17.66117239484412], [79.68071477691716, 17.65725820894699], [79.68253145072849, 17.65471097318463], [79.68005811109568, 17.65419066308519], [79.67808662632855, 17.6509101404357], [79.67687626204524, 17.6505934978374], [79.67047372271725, 17.64932105280478], [79.66587718118433, 17.65026155431688], [79.66143391530055, 17.64952083369029], [79.65786107389181, 17.64373380682586], [79.65350631763106, 17.62796178192899], [79.63548833043477, 17.62339141616011], [79.63104527223794, 17.62383455035928], [79.62685268666581, 17.62308053143846], [79.62148256699959, 17.62418872899898], [79.61640614849591, 17.62183504868889], [79.6138711549056, 17.63615985796358], [79.58701333037789, 17.62950971303228], [79.57769734653279, 17.62847511383697], [79.57728152454074, 17.62364965598611], [79.57833470932844, 17.61521839898887], [79.58448585390774, 17.60937238572195], [79.58551667147016, 17.60566070362887], [79.58557899146113, 17.60140237131843], [79.58792443757973, 17.59983006817142], [79.59089619738285, 17.5943137945742], [79.59035425470904, 17.59021102904309], [79.58602760423594, 17.58299990103181], [79.58503344368226, 17.58291421582428], [79.57929561150871, 17.57618512553502], [79.58186594523916, 17.5748579809073], [79.58604122034666, 17.57096081430567], [79.59108971441992, 17.56370372210266], [79.5909361770838, 17.56124368007637], [79.59242455497697, 17.5573620131335], [79.59495022263259, 17.55644145655965], [79.60031500938307, 17.55200192636858], [79.60009260716707, 17.55014746746007], [79.60209949021225, 17.54926980548134], [79.60259567404603, 17.547951667313], [79.59968221050838, 17.54200798451842], [79.5941685670248, 17.53788871108483], [79.59246733927596, 17.53382611802642], [79.59196155205325, 17.53008059575732], [79.58968151764158, 17.52890903476207], [79.59402964087205, 17.52815900134429], [79.59510830155342, 17.52724126893902], [79.59916015958815, 17.51607791156556], [79.59923187767394, 17.51174272758884], [79.60282645798691, 17.50774761989925], [79.60363810337333, 17.49874378047801], [79.60960839927655, 17.4965624130361], [79.61280186842934, 17.49992139424236], [79.61627496424649, 17.49875577158552], [79.62077246307389, 17.50028437659985], [79.62638707119824, 17.4964734806972], [79.62958848185353, 17.4906586591441], [79.63913890345397, 17.48631179458324], [79.64199957459778, 17.4872004487158], [79.65020041139694, 17.49307474273981], [79.65413952671787, 17.49300447872528], [79.65543564577251, 17.49401036796946], [79.65871688663309, 17.48801936405854], [79.65910486127291, 17.48434532134767], [79.65789005768374, 17.48087727551512], [79.65647767300385, 17.47078716503406], [79.66119592075755, 17.46908767203536], [79.66294729565266, 17.46713686423099], [79.67087552957132, 17.46498856043889], [79.69024708259771, 17.45462782698539], [79.69250464555995, 17.45548185051753], [79.69736956539055, 17.45464567200825], [79.6970610665354, 17.45597229929744], [79.69986783252239, 17.4561320619023], [79.70068183345217, 17.45057847146094], [79.70027075190556, 17.44782484735377], [79.70257268719938, 17.44704223430237], [79.70473958327152, 17.44469472834326], [79.706930517, 17.44701466337135], [79.71012496623166, 17.44551945698684], [79.71834737732853, 17.43418761014788], [79.71983944031537, 17.43445983979355], [79.72956162085596, 17.42835069654839], [79.73274965979545, 17.42852490641496], [79.7376284180587, 17.43032787691418], [79.74362886547432, 17.42910139324731], [79.74854976197925, 17.43427293912329], [79.7520093792942, 17.43982802769495], [79.75432907129267, 17.4379553756181], [79.76200385442246, 17.4298574958994], [79.76100078604905, 17.42589831040691], [79.76221785588812, 17.4078350376695], [79.76726446764928, 17.40584940199889], [79.77246421550342, 17.39935184345197], [79.77553999898105, 17.40301559896386], [79.78271979719682, 17.39973018417736], [79.79312733166473, 17.39693991556028], [79.7969822611578, 17.39348941045616], [79.79452887687853, 17.38825925679224], [79.79143182285323, 17.38394472492734], [79.7876827068152, 17.38420349228652], [79.78669924927647, 17.38270822360656], [79.78116770788658, 17.38108907598179], [79.77927705491332, 17.37665468161165], [79.77764774700086, 17.36898527035002], [79.79613395777629, 17.3539859171632], [79.79510207923248, 17.35052175723222], [79.79459697962226, 17.34189943708319], [79.79278073291643, 17.33638618108042], [79.79462871170506, 17.33043741516907], [79.79280390163605, 17.32601374617463], [79.80354494422045, 17.32513124006697], [79.80372638874314, 17.32431164622949], [79.80622266755051, 17.3264006405114], [79.80844123803716, 17.32599636608499], [79.81108889557902, 17.32673743151849], [79.81510710326252, 17.3313395996163], [79.83146423014222, 17.33593546134504], [79.84352410557283, 17.32919992559214], [79.8456003711546, 17.33193267438331], [79.84985181285582, 17.33463135824518], [79.85215919344681, 17.33442588894552], [79.8551722253374, 17.33291585738401], [79.85601966521163, 17.33433816726448], [79.86803490413388, 17.33241625467349], [79.87293689808256, 17.33046855082448], [79.87542690678326, 17.33054821118235], [79.8754363369838, 17.33648926512824], [79.87641822828391, 17.33711157937065], [79.879157906354, 17.3431375411905], [79.87887079042144, 17.35354025994276], [79.8802903211518, 17.3542768114292], [79.88233869989675, 17.35715833657641], [79.89133849245894, 17.35328681592079], [79.89584366697443, 17.35647364150173], [79.89688352750751, 17.35821724325039], [79.8963002826025, 17.36111833908776], [79.89729402303296, 17.36712541755169], [79.89936484162301, 17.37206857273527], [79.9024876086839, 17.37325733252611], [79.90310594293858, 17.37586792067653], [79.90672723758517, 17.37573329127994], [79.908467712652, 17.37473895563312], [79.91559572726679, 17.37337507436887], [79.9301523160418, 17.37250112657797], [79.92952699140449, 17.36730450027854], [79.93057502714991, 17.36636231907113], [79.93222722629157, 17.3697622917452], [79.93699214172092, 17.37470761103352], [79.93748606102413, 17.37814512062865], [79.94035168896187, 17.38215847271328], [79.93661370280115, 17.39506589427988], [79.95652103573103, 17.39589968721917], [79.96476921968535, 17.3983891937979], [79.96892823411248, 17.39983730983063], [79.96970127200986, 17.40655328812867], [79.97404545132889, 17.4057275398723], [79.97976636001727, 17.40602193877164], [79.99150029441955, 17.39936782814745], [79.99255573551663, 17.39731322605743], [79.99273488293441, 17.38811737323074], [79.99340346840164, 17.38630595154853], [79.99215115764834, 17.37344446751889], [79.99246730530012, 17.36406355342957], [79.99938074600192, 17.36342882717261], [80.01522353631695, 17.35978958369648], [80.027961854824, 17.35475878969714], [80.03657263964334, 17.3548862105837], [80.0466161312089, 17.35231708904939], [80.04850134757532, 17.35141226881881], [80.05232105350727, 17.34660516134109], [80.05359941717212, 17.34756179980313], [80.05728345807039, 17.3464888535066], [80.06856770492531, 17.35311763743089], [80.07024811258617, 17.3532883921457], [80.07396303970701, 17.35096286373066], [80.07493837302657, 17.35278236215379], [80.0729005764066, 17.35679771569194], [80.07662744404921, 17.36426983305627], [80.0858166423734, 17.36713630272266], [80.10043582761857, 17.35799047423779], [80.10844770842675, 17.35866999407175], [80.11265915682401, 17.3670239091813], [80.11146128254121, 17.37039007841677], [80.11243920537912, 17.3711153140777], [80.11266999336203, 17.37347125619669], [80.1163586607048, 17.37008697920469], [80.11702075292878, 17.37585737666031], [80.11808964970454, 17.3782600794414], [80.11979940459581, 17.37798728343258], [80.12017466634445, 17.3787204327414], [80.1203836661952, 17.3826678490547], [80.12377893434774, 17.38251106387075], [80.12386978005866, 17.38176525627315], [80.12463684530906, 17.38202433412896], [80.12830022809662, 17.37953948561968], [80.12910332631166, 17.38063958521858], [80.12993188497187, 17.38824578673353], [80.14372796427203, 17.39387104517818], [80.16073805684037, 17.37682202232629], [80.16213802777838, 17.38961488546571], [80.16027343017822, 17.40317110504244], [80.16634086383628, 17.4076069974878], [80.16249010682343, 17.42047729233247], [80.17011296724631, 17.43852860702152], [80.1809119546234, 17.43921864834681], [80.19165919686986, 17.44295082360485], [80.20316755514169, 17.44203579155959], [80.2035319016568, 17.44403013864283], [80.2007360469746, 17.44892708749653], [80.19822611292132, 17.46382969680532], [80.19525227248141, 17.47081961348091], [80.19581426745202, 17.4760286447382], [80.2002402019902, 17.48681761999428], [80.20122278912606, 17.48505576861996], [80.20154622720018, 17.47992933037805], [80.20409366455884, 17.47452570202644], [80.20863526187162, 17.47432856316356], [80.20947495647935, 17.47357468412681], [80.20986037187299, 17.47097107658488], [80.21656237115862, 17.47527502026493], [80.21773806702431, 17.47670529534982], [80.21703180214826, 17.47971992579853], [80.22098573069519, 17.49205401503697], [80.22196696689987, 17.49447849866939], [80.22486184652085, 17.49632682497655], [80.22770564021994, 17.50454965496703], [80.22638709848259, 17.50736910363556], [80.22881162563759, 17.52254460063427], [80.22827276663021, 17.53056408367199], [80.2049434111716, 17.54555615282826], [80.20150879853026, 17.55737810414067], [80.21788179490524, 17.58995049931322], [80.22320893389696, 17.60621868025478], [80.2226231286752, 17.60709946732721], [80.21363896275454, 17.60972781117526], [80.20977695444087, 17.6136737688836], [80.20662547894538, 17.62468199016917], [80.20680530581613, 17.65271056233966], [80.20871152351923, 17.65501865720461], [80.21389238499545, 17.65582136016164], [80.21783290814831, 17.66011211003552], [80.22117499483251, 17.66091664309006], [80.22347736300854, 17.66002455979646], [80.2302717635297, 17.66038134579417], [80.23074284112847, 17.65723102526281], [80.23672443556887, 17.65529913613314], [80.23759665505655, 17.65889410589985], [80.2379049328275, 17.6717467149863], [80.23946505460015, 17.67940653283695], [80.24189148713013, 17.68470305597682], [80.24105629765016, 17.69218357852554], [80.2476859961057, 17.70413480267538], [80.24724536285761, 17.70937363006036], [80.24505651120995, 17.71330390506153], [80.24796067732302, 17.71799505776918], [80.24785084507361, 17.71903013023436], [80.24480941713983, 17.72196942816081], [80.2469221256042, 17.72595450030205], [80.24849136350123, 17.73819773309691], [80.24989607444371, 17.74269727991189], [80.25258007204069, 17.74281333240918], [80.25323347791829, 17.74467658650508], [80.25859243727369, 17.74852051489519], [80.25942547678834, 17.75012170681516], [80.25898960611026, 17.75549144097141], [80.25804133667397, 17.75549036433495], [80.25671475575678, 17.76006356590038], [80.25670793333099, 17.76929869816446], [80.25800477876591, 17.77752720524485], [80.25242495095144, 17.77980809675476], [80.25398481217634, 17.78886869153237], [80.25584135476764, 17.79092752534405], [80.25307120413568, 17.79873097748272], [80.25411593229722, 17.800929064404], [80.25401369267661, 17.80346484207208], [80.24784759078045, 17.82440901706356], [80.25783324137326, 17.83625899574367], [80.26311246654244, 17.84578897949973], [80.26630839731463, 17.85326437552852], [80.26595419996814, 17.86128267740111], [80.27267944873893, 17.87028954445046], [80.27275225190499, 17.87674881846796], [80.27696726326452, 17.88128242888795], [80.27700382996956, 17.89900108764989], [80.27780222245131, 17.90686217617329], [80.2738091791219, 17.90998140894006], [80.27255877401124, 17.91337910310831], [80.26995013374612, 17.91542837376076], [80.26765248048399, 17.92592582988356], [80.27025965803244, 17.94542761516593], [80.26846866570416, 17.95052417385977], [80.27502394995905, 17.9663596918236], [80.29431842225848, 17.96447626219646], [80.3096754957831, 17.97529285078919], [80.31046815083108, 17.97616137411213], [80.31131167986075, 17.98307740125007], [80.31502861824367, 17.98827841903041], [80.31617838075539, 17.99596545581876], [80.30456894183044, 18.0000476704329], [80.29446957286859, 18.00045851302664], [80.28547866501145, 17.99789159665598], [80.28117046833249, 17.99826687831349], [80.27678850826292, 18.00125442595325], [80.26797807188495, 18.00989580889402], [80.25883493768224, 18.01589241617364], [80.24754622337586, 18.02937975863854], [80.23749682431315, 18.03712328374063], [80.23303774605624, 18.03991103962765], [80.18577528811348, 18.06253535937641], [80.17222551807845, 18.07561721026696], [80.16415539261381, 18.08071176464412], [80.1494770480747, 18.08378866809467], [80.14488735296173, 18.0948538588423], [80.11317711667795, 18.08277704733275], [80.10748474099073, 18.08185378812838], [80.10072696822839, 18.0819451256833], [80.09561524744561, 18.07903859881356], [80.08907772011264, 18.07332249327406], [80.07938738698044, 18.07050606787528], [80.07740989600951, 18.07158241916522], [80.07625061936348, 18.07450422375697], [80.0545884351418, 18.08540211466166], [80.0361913755695, 18.11541744185309]]]}}, {"type": "Feature", "properties": {"dtname": "Mahabubnagar", "stname": "Telangana", "_state": "TG"}, "geometry": {"type": "Polygon", "coordinates": [[[78.1500265004238, 17.01344284109906], [78.14661921420323, 17.01340525922752], [78.14390966210294, 17.01240290238643], [78.14005570479698, 17.00923980171472], [78.13581082102557, 17.00732039395671], [78.1367831313808, 16.99562721917378], [78.1363402215179, 16.99297674520584], [78.12670994197991, 16.99416290597605], [78.12644709875816, 16.9910124055625], [78.12476885397263, 16.98637177157965], [78.11966430451098, 16.98291833326429], [78.11437476821074, 16.98622377190333], [78.10839115103975, 16.98281452042481], [78.10026968286793, 16.98246529531134], [78.09976056280243, 16.98413283187801], [78.09723261563403, 16.98371079864913], [78.09517052569231, 16.98438849077922], [78.09211188408061, 16.98317353899732], [78.0892324356514, 16.98573679073682], [78.08834485310409, 16.98952110950917], [78.08510349491571, 16.99629962144145], [78.07484871289454, 17.00071318417933], [78.06831532481755, 17.00541547452296], [78.06381725486249, 17.003903290803], [78.05975053010825, 17.00094875159299], [78.0577757760437, 17.00100748713986], [78.04929116619076, 17.00485801882088], [78.0434417732967, 17.00655423086978], [78.038033350525, 17.00943580959741], [78.03060390878845, 17.01079239717744], [78.02100435043495, 17.00903909814052], [78.01191656280821, 17.00325743032254], [78.00978219770555, 17.00069085916693], [78.00875949177124, 16.99014155069052], [78.0138037641518, 16.98630221569564], [78.01434205960362, 16.98498797161563], [78.01263055574015, 16.98133190190322], [78.01052559201274, 16.97831332341737], [77.99968987889936, 16.97970518101039], [77.9964023607995, 16.96582398935254], [77.99519792820207, 16.96371584791272], [77.9922654816214, 16.96224768884377], [77.98783875844542, 16.96188336460323], [77.98631117542658, 16.96117792731037], [77.98546119265406, 16.95966186816347], [77.9877549292248, 16.9529821247372], [77.98995531327881, 16.95104086363973], [77.99404786181775, 16.9492122414001], [77.99868765274506, 16.95238742401633], [78.01079871724386, 16.94963956280201], [78.01215224951092, 16.94328778596223], [78.00841422444164, 16.9438590984814], [78.0055789653933, 16.9362144477982], [78.00455385372862, 16.93591294275511], [78.00722012118065, 16.93388645056421], [78.00891709096419, 16.92824418317095], [78.00999958649152, 16.92363935358475], [78.01116917880472, 16.9091537527424], [78.00862280576645, 16.90246672820302], [78.00428229100515, 16.90133950894765], [78.00309600570165, 16.90005012938992], [77.9996338994365, 16.89892862649473], [77.99235007448003, 16.89986042450093], [77.98798051701006, 16.89880935112383], [77.98545103899322, 16.89787038874882], [77.98152188978223, 16.89323796578923], [77.98050352762012, 16.89022290987402], [77.98018262458073, 16.87968152260406], [77.97846139953448, 16.87653599494911], [77.9828734363626, 16.87385208455034], [77.98324122741549, 16.87263533293852], [77.9903689181624, 16.87061200626955], [77.9889722952639, 16.86373473908098], [77.98704385546786, 16.85952851362056], [77.98397687863819, 16.85621794254956], [77.98008458756878, 16.84877274848594], [77.97743247310518, 16.84682367708071], [77.96694035207706, 16.85013611913021], [77.96009364744846, 16.86027561439289], [77.95944881345382, 16.86293623850544], [77.95481451219395, 16.86827631760299], [77.94818351261573, 16.87181492517551], [77.94276251588646, 16.88235982007038], [77.93631327173449, 16.88848716149199], [77.93366185300393, 16.89549685101498], [77.93177665622584, 16.90678058425], [77.92141725871198, 16.91400890606062], [77.9146398818685, 16.92101798946894], [77.90980853097558, 16.92256926512351], [77.90325357140948, 16.92620232209621], [77.89882382276626, 16.92649642807982], [77.88972912421967, 16.92461661905785], [77.88339972879909, 16.92750563620481], [77.87734261055097, 16.92862947845215], [77.86955411900239, 16.92745695268259], [77.87173301171792, 16.93248137151023], [77.87781998725033, 16.94076931023066], [77.88046247490342, 16.95124000061692], [77.88416616620452, 16.95789300424393], [77.8831275681358, 16.96108666474798], [77.8783418365382, 16.96793820132491], [77.87412266470501, 16.96857811588357], [77.87040921923438, 16.96759606077278], [77.86953825996966, 16.96631439398704], [77.86871639326377, 16.95817726765302], [77.86721047716719, 16.95517376032557], [77.86560828148878, 16.95305538670749], [77.86095046027305, 16.95032946200009], [77.85464638582727, 16.94913405407924], [77.84903516438766, 16.95058381175615], [77.84626653654243, 16.95413097740284], [77.84424719938961, 16.95997167029849], [77.84162809921968, 16.96079365585295], [77.84039988963907, 16.95952559161011], [77.83715258943575, 16.94911026231505], [77.83346052216615, 16.9486660252908], [77.82577207248733, 16.9532457576726], [77.82462284936058, 16.95655528232265], [77.82598382452586, 16.96395318339747], [77.83184705761994, 16.9775944839212], [77.83430480959656, 16.98767430596748], [77.82511313297891, 16.98689404914496], [77.8198756525867, 16.98944660911951], [77.81343733161202, 16.9945799730769], [77.79883844466893, 16.99256801909341], [77.79838010439327, 16.99891174363568], [77.78702627186094, 16.99912904028863], [77.77965708875472, 17.00180265106976], [77.76673850238716, 17.00299840238312], [77.76023927282294, 17.00223184756254], [77.75915639674918, 16.99324527764405], [77.75538542647661, 16.98863341335719], [77.75045512801911, 16.97753034725586], [77.75121574424304, 16.97656778881119], [77.75455201811805, 16.97694104712969], [77.75533659761241, 16.97628634990161], [77.755828078964, 16.96867221764468], [77.75137288759441, 16.96160922433534], [77.75189440598932, 16.95757282451476], [77.75032727374843, 16.95301645812649], [77.7469326398184, 16.95013235097711], [77.74230047245455, 16.94838087059031], [77.74050764302092, 16.94856565429952], [77.73641063987634, 16.94451002900824], [77.73018540090821, 16.94378676685231], [77.73014583001617, 16.9392501275863], [77.74031196758386, 16.93837832338439], [77.73986573241073, 16.93401267462941], [77.74115189565168, 16.93275856126441], [77.74136523907909, 16.92893065444933], [77.74001059661803, 16.92400608916158], [77.7401814204984, 16.91985648203094], [77.74596571777543, 16.91072799498001], [77.74351726295407, 16.90843494327181], [77.74064961526392, 16.90118410919314], [77.74207823164431, 16.89544531938921], [77.74153925005567, 16.89233582527634], [77.73947071603077, 16.8887586940882], [77.73959664511473, 16.88346429049386], [77.73295582831543, 16.87667538416464], [77.7314750405726, 16.87341333645041], [77.73236672604462, 16.86978869013], [77.73493049972417, 16.86649785762654], [77.73425624541278, 16.85998549638068], [77.7300064269913, 16.85625318986139], [77.72739856639446, 16.85032597807021], [77.72840999615049, 16.8478699228865], [77.7320716608977, 16.84497785757895], [77.7339271571451, 16.84126626507976], [77.73985149116443, 16.83607878564004], [77.74368288599571, 16.82739963333215], [77.74320752374739, 16.82445372155511], [77.7350755411229, 16.81530708605795], [77.72952278423561, 16.81113270270672], [77.73064186370334, 16.8090170134632], [77.7377367385604, 16.80266441126665], [77.74153820039295, 16.79307129529957], [77.73532753593639, 16.7893000049655], [77.71646672561246, 16.79265374461957], [77.71114068564077, 16.79276944140445], [77.70820547081222, 16.78320597067036], [77.70178973242717, 16.78667648229872], [77.69448446718576, 16.79325577931187], [77.68910278236115, 16.79134391650489], [77.68674065614196, 16.79137143024133], [77.68190882360297, 16.79238837395601], [77.67938947683844, 16.7948741637387], [77.68089457241517, 16.78779784502411], [77.680454088232, 16.78117057900279], [77.67909189053444, 16.7772764802363], [77.6743724340272, 16.77670270590477], [77.67655789850846, 16.76046775639914], [77.6775393435898, 16.75782115348468], [77.67949483203125, 16.75665320725511], [77.68936107578668, 16.75279937827892], [77.69680508557666, 16.74825729479999], [77.70700644877128, 16.74985249408598], [77.71033912425018, 16.75119429505084], [77.72663989322102, 16.75136250959597], [77.73645247165074, 16.74622586033627], [77.74519808863063, 16.73946920693357], [77.75229003357877, 16.72738557994576], [77.75341496347768, 16.72378633955251], [77.74895111676722, 16.70395013550223], [77.75166534140051, 16.70282743906489], [77.74915524865493, 16.69335110527526], [77.75913618035702, 16.68834222216602], [77.76464293069034, 16.68818254768079], [77.76726442776284, 16.68187513300403], [77.76747709052097, 16.66820969672731], [77.77349163485358, 16.65470024271476], [77.78084513337193, 16.64949814689953], [77.78879113804612, 16.63905684846587], [77.79651852666211, 16.63388614299188], [77.79785933594012, 16.63053365415574], [77.79743701498495, 16.61991746610373], [77.79889796282278, 16.61634480002395], [77.78116567972914, 16.61567522438806], [77.78756229417907, 16.57861442919937], [77.7874745337161, 16.57442057415101], [77.78544399591031, 16.5744036215106], [77.7806517000106, 16.56718687953343], [77.7790095538224, 16.56723826427733], [77.77835764389249, 16.5651990514395], [77.75851698664111, 16.56539609884657], [77.75481647700376, 16.56743331729411], [77.74957685634513, 16.56650151554347], [77.74973513280527, 16.55008957648853], [77.7509739360475, 16.55036799508687], [77.75290660721292, 16.54629063734236], [77.75309446893162, 16.54221334199461], [77.7606544304232, 16.53336902354412], [77.76447421780875, 16.52604569213707], [77.76341848804378, 16.52339517816848], [77.76253063522505, 16.50322452588129], [77.76380617711028, 16.50015627538517], [77.76580257322478, 16.49885678451902], [77.76745060054598, 16.49597420446401], [77.76843069656549, 16.48476508556226], [77.76798050756825, 16.47969343444367], [77.75939372010134, 16.48028375698008], [77.75550503367499, 16.47354618701506], [77.74870798296233, 16.47411738740133], [77.74376376612122, 16.47110128719918], [77.73941290090409, 16.46634839883514], [77.73968336115787, 16.46269955318639], [77.7424971274773, 16.45603227542546], [77.74604582545118, 16.45133765873411], [77.74870810043863, 16.44314764921426], [77.7504314542676, 16.43375188110932], [77.74994913352725, 16.42934006785763], [77.74870827403537, 16.42850892530549], [77.74619676174471, 16.42355579492492], [77.74553934995798, 16.4187496609496], [77.74673588379096, 16.41380221379792], [77.75100532368099, 16.40360216635656], [77.75056102811209, 16.39730300996874], [77.74871316166667, 16.39106454774494], [77.74916184753306, 16.38794329567158], [77.75907803737583, 16.39155903336051], [77.76184255443661, 16.3939240748988], [77.75893171899793, 16.40345756795147], [77.75878101277387, 16.40925432922906], [77.75556286883773, 16.41456345595743], [77.75422300152644, 16.42127196470102], [77.76822087279466, 16.42265584368603], [77.7934120652759, 16.42185713344928], [77.7934693397069, 16.41972752020301], [77.7907329817395, 16.41251448606388], [77.79132660023801, 16.40921102146269], [77.79268189528615, 16.40742360166168], [77.79683480853309, 16.40563574220032], [77.80216505436796, 16.39757550936951], [77.81712582927041, 16.3914420782141], [77.82672151008809, 16.39599132899127], [77.8318044071436, 16.39711380910137], [77.84007496982906, 16.39501941537013], [77.8427093988639, 16.39215765640692], [77.8435863899126, 16.38931003897155], [77.84682520356012, 16.38539302167148], [77.85149537334837, 16.37605228934682], [77.85501808992142, 16.3718942185346], [77.85820340626378, 16.37088911908301], [77.8626564145644, 16.37180851170652], [77.86274931082409, 16.3844833751112], [77.86538321780597, 16.38900760097878], [77.86499945637685, 16.39951442566798], [77.8677057184371, 16.41409884344373], [77.86922375612302, 16.41587720654427], [77.87004180144042, 16.42131497580142], [77.8634623698934, 16.43640368900478], [77.86380956953455, 16.44654875001466], [77.87406729861766, 16.44705588435917], [77.88000895794232, 16.44928692058997], [77.89020699600174, 16.44935372579318], [77.89149308820248, 16.45099336649368], [77.89588768478599, 16.45113333984483], [77.90050024527604, 16.4496701457736], [77.90268782167242, 16.44441855617669], [77.91638613229838, 16.44238310324349], [77.9191346732069, 16.44653709213372], [77.92256230515069, 16.44929261416163], [77.92393935828598, 16.45152558543387], [77.924084048422, 16.45336376146502], [77.92153707983357, 16.46176829897744], [77.91867107490292, 16.46515285648202], [77.91521566280726, 16.46557216715153], [77.91014012496532, 16.46371902541343], [77.90688946024325, 16.46352559915817], [77.89720892157237, 16.46859949398522], [77.8929067633919, 16.47207918199971], [77.89107084786075, 16.47480206094595], [77.89089549134168, 16.4781379047953], [77.8933135791537, 16.49595666224433], [77.89697821311746, 16.50069200139365], [77.8973026842898, 16.50239670572443], [77.89134101361704, 16.51219264051604], [77.89010294119186, 16.51612153726774], [77.89058140936442, 16.51929353253642], [77.89420494876515, 16.52575611412754], [77.89788814687857, 16.52805828748165], [77.9157250958891, 16.52408352259894], [77.92426085434614, 16.5206818988654], [77.92892197388329, 16.52208635912494], [77.93404264891944, 16.52167787313395], [77.93393554614032, 16.51909847446713], [77.93029837218398, 16.51828099546763], [77.92862866258908, 16.51148536334661], [77.92875553491888, 16.50641661505064], [77.92166898575148, 16.49941501004363], [77.92322802278782, 16.4927624620292], [77.91866217210361, 16.4880754485209], [77.91953933614758, 16.48695986784718], [77.91956590023699, 16.48456745128975], [77.9211028950114, 16.48389413921726], [77.93097711875441, 16.48196503415944], [77.93485106906148, 16.49264545765585], [77.94123493782621, 16.50034836163828], [77.9676415992444, 16.50050691017494], [77.96811882002254, 16.50387319309403], [77.97942493074781, 16.50183220738415], [77.98244496272183, 16.50249677542247], [77.98499508793272, 16.50510509308721], [77.98474938477226, 16.50857133669927], [77.98682542722632, 16.51121927315249], [77.98635657461726, 16.51269267007931], [77.98489369786705, 16.51380611484738], [77.98984564324655, 16.51816157506914], [77.99226952404923, 16.51558497306966], [77.99475975674983, 16.51590390687851], [77.9932801405289, 16.51945055638219], [77.99792071980754, 16.53101173051818], [78.00720436816516, 16.5321658201357], [78.01863160619375, 16.52841450778486], [78.01949853301193, 16.52993980993596], [78.01899470352156, 16.5316029313165], [78.02008737015272, 16.53309016377241], [78.01387660069172, 16.54521139215218], [77.9978386173549, 16.55414567763909], [77.99778441326521, 16.55767745193458], [78.00231713488849, 16.56414887291556], [78.00244091618082, 16.56622634384548], [78.00407757763003, 16.5680818772022], [77.99675972364537, 16.58265001222712], [77.99672899366169, 16.58432311382551], [77.99308167023857, 16.58641942645239], [77.98891234442833, 16.59229521806774], [77.99602280646626, 16.59304856259901], [78.0003495002111, 16.59435691588856], [78.00005568011647, 16.59792657457209], [77.99834847816811, 16.59865725248066], [77.99802558154568, 16.6004445278375], [77.99856143164976, 16.60221020275793], [77.99994678151359, 16.6024526957919], [78.00004846248582, 16.60701749103882], [78.00833930559907, 16.61538287153981], [78.0121849471506, 16.61694310304656], [78.02138057136948, 16.61571641854878], [78.02544171220774, 16.61619344705951], [78.0309874014845, 16.62173068157354], [78.03746174973178, 16.62468708536016], [78.03805483292605, 16.62565722395162], [78.05111609801214, 16.6248131769385], [78.05594542929434, 16.62312300747004], [78.05785406283508, 16.62621154095832], [78.06269447111335, 16.62400125563827], [78.06903529272624, 16.62451714638571], [78.06884953374696, 16.61788447993384], [78.07017666557012, 16.6144940491482], [78.07678600253911, 16.60877115912932], [78.08956038757209, 16.60404545330415], [78.10160018864768, 16.59795830559482], [78.11133755636787, 16.59834848352422], [78.11316048973625, 16.59732873023957], [78.11607242005664, 16.59778207686357], [78.11894283519545, 16.59196173424762], [78.12517310833749, 16.5914480158912], [78.1261519753084, 16.59351688114164], [78.12563372293191, 16.59994717404047], [78.12778126975017, 16.60703586675773], [78.12740584657682, 16.60939260487355], [78.12953618999201, 16.61362271656292], [78.13023971353128, 16.62574728940868], [78.1349263629513, 16.63081533580838], [78.14088458654761, 16.63511052422456], [78.150218481095, 16.64591048368634], [78.15077933669204, 16.64766252314605], [78.14006119577965, 16.66080901590134], [78.13943442124709, 16.66769933817509], [78.14024175118563, 16.66887064265378], [78.14029065087765, 16.67456994770316], [78.14188185464168, 16.6753202905674], [78.14175265232019, 16.67828135609641], [78.1426979298917, 16.67888879944923], [78.14232475546629, 16.68145360786484], [78.14445831355641, 16.68236379488571], [78.144585054498, 16.68786481877008], [78.15317886913635, 16.69917196091787], [78.15443151059618, 16.69880592125533], [78.15537515250264, 16.70074300905214], [78.1580621834298, 16.71001262031555], [78.15750393269865, 16.71394584171937], [78.16072572217793, 16.72444244288901], [78.16295899237865, 16.72887213124442], [78.17048225631748, 16.73010803821434], [78.17373409409237, 16.72978637010599], [78.18315120837207, 16.73083456886523], [78.18323815360628, 16.72342731859531], [78.18128167346954, 16.71379055509824], [78.1824422758584, 16.70368587227557], [78.18814104941758, 16.70435854307267], [78.19826542191242, 16.70100404905327], [78.20814200097391, 16.70723920466425], [78.2101912227837, 16.71101970702242], [78.21156562001441, 16.71067724681155], [78.21169254055825, 16.71632298088703], [78.21236668540907, 16.71645686348296], [78.2134575386833, 16.72236618822402], [78.21658476492418, 16.72670552787035], [78.21829500484387, 16.7314229942229], [78.22278715856758, 16.73668138340299], [78.2235598189614, 16.74130728651463], [78.22977043239938, 16.74125620128523], [78.23378203265484, 16.7389562436632], [78.23503732725915, 16.7420405440771], [78.25947500163085, 16.72167614028123], [78.26306596106302, 16.7170781912683], [78.26374413001362, 16.71272994245873], [78.26712649181606, 16.70954080574758], [78.27742289931251, 16.70747792207102], [78.28200577569942, 16.70559009238936], [78.28531873519755, 16.70227331219714], [78.29546996571436, 16.69677973190443], [78.29781801868467, 16.69284671682509], [78.29822878037612, 16.69010115063482], [78.30783146143273, 16.68868988395302], [78.31698113839911, 16.68452823114102], [78.3197091522736, 16.67971242365347], [78.3190635995112, 16.67698308401021], [78.32128127756418, 16.67331535186586], [78.32194179572934, 16.66831531322289], [78.3266510488383, 16.6612221225396], [78.32912583132752, 16.65591515453215], [78.3338019495617, 16.65561916353708], [78.34286576767896, 16.658271255552], [78.35188385221124, 16.65221170838724], [78.3661573363962, 16.64472114871307], [78.36758322400146, 16.6543147149066], [78.3687205204165, 16.65629809028558], [78.37283048986671, 16.65891728726352], [78.3784986081845, 16.66063378296782], [78.38293754472244, 16.6597238327241], [78.38617702021894, 16.66127573038296], [78.39019941729775, 16.66114388328672], [78.39687306817835, 16.65878588034746], [78.3992729982025, 16.6563582776816], [78.40481405642696, 16.65547235384955], [78.40509001895263, 16.65775453097975], [78.40374615110802, 16.65794476064433], [78.4037368706393, 16.66544337162164], [78.40491357826913, 16.67393072399355], [78.42431267145975, 16.68004135690518], [78.42730564342078, 16.68815268577096], [78.43033242606886, 16.70559452906814], [78.43406582825993, 16.70715052023054], [78.43986296072468, 16.70657368110147], [78.44284030872886, 16.70773770311509], [78.4472212095385, 16.7151701703044], [78.45248939196097, 16.72037688893904], [78.4545822516313, 16.72086738114242], [78.46437444542379, 16.73068062672895], [78.46585520934947, 16.73455720229846], [78.46493914318074, 16.74237254230989], [78.46520424697718, 16.75216212972252], [78.48698693988085, 16.75102638079953], [78.49371763025079, 16.75938449838713], [78.48813624896543, 16.76812821867018], [78.48567950683439, 16.76919948480882], [78.47433340327154, 16.77783379316395], [78.46739216931745, 16.77625246883003], [78.46489106925874, 16.77387218541382], [78.45294937463551, 16.7787188393098], [78.43432570713675, 16.77824463682121], [78.43161481250458, 16.78336496551073], [78.4268454971204, 16.78821652993058], [78.42043919360675, 16.79289814450123], [78.41584689707231, 16.79516873020744], [78.41321118636563, 16.79799205113681], [78.39806400267025, 16.79892366315558], [78.39440183627556, 16.79232062566484], [78.39414079517167, 16.78994824288445], [78.39095971193036, 16.78843327876557], [78.38907374530997, 16.78391900142883], [78.38057876240102, 16.78628571082258], [78.37361467903592, 16.79078405292423], [78.36672293136785, 16.79334258373916], [78.3550305838087, 16.7965037562466], [78.35064735353764, 16.79115443416031], [78.34791926596422, 16.79074246844877], [78.3484390718675, 16.78829193623665], [78.34744472064563, 16.78690696145472], [78.34856137029465, 16.78568364883095], [78.34683104100212, 16.7842007429607], [78.34469411732947, 16.78513337891069], [78.342235156144, 16.78803904682856], [78.34042975248292, 16.79297300836453], [78.33671173612252, 16.79421511069641], [78.3332676588613, 16.79787049800105], [78.33256565801749, 16.80150854143084], [78.33476578573497, 16.8059630998648], [78.33435277286095, 16.80722976529794], [78.33286264457536, 16.80823667992358], [78.33181459526274, 16.81259027739695], [78.33022912006396, 16.8137228516106], [78.3253424475427, 16.82296227854626], [78.32287312402775, 16.82502646745654], [78.32423710733677, 16.83972062507098], [78.32652512321006, 16.84857663323582], [78.32831120666727, 16.85143507601749], [78.32047299718012, 16.85608546496946], [78.32201471562708, 16.85767054553494], [78.32022578775195, 16.86187624296542], [78.32031935541033, 16.86445510576632], [78.31831553296156, 16.87066660943798], [78.31621761678694, 16.87433993333663], [78.3049262854738, 16.87515533849551], [78.29927598044294, 16.87892293384537], [78.30301335341021, 16.87990225445505], [78.30408982743529, 16.8895282169872], [78.30376529842363, 16.90136027132151], [78.30068772983509, 16.90857350208524], [78.30156303613569, 16.91897070490106], [78.27559572748326, 16.92321410754297], [78.2748157983882, 16.92446762943682], [78.27185487698078, 16.93286649984853], [78.2726060156694, 16.94080677281478], [78.2770473647479, 16.95612094506398], [78.27633807092963, 16.95735270121781], [78.26945941106815, 16.96476532669416], [78.2643873218102, 16.96366736937886], [78.26166576636619, 16.96083940257225], [78.24054595831221, 16.96347875266837], [78.23385439913909, 16.94712681227519], [78.23305376676245, 16.94034819572664], [78.22541135171525, 16.93893245817545], [78.21946002859522, 16.93877824171245], [78.21125341918155, 16.94631042222051], [78.21118609676994, 16.95210752086064], [78.20678284999383, 16.95375147572268], [78.20285717562037, 16.95393069565601], [78.20101779119723, 16.95732972992274], [78.19861295594046, 16.95763848855496], [78.1962644325655, 16.9611676354371], [78.19441484261425, 16.96141445892015], [78.19120692115251, 16.96369062873038], [78.18641410735779, 16.97086084572393], [78.18121463077846, 16.97342268650244], [78.18155881878499, 16.97971715968744], [78.18492534637925, 16.98357523691745], [78.185842925764, 16.98827497127497], [78.18310647070673, 16.9891767538071], [78.18331120370529, 16.99135427936776], [78.17654572907145, 16.99752595631226], [78.17564437045826, 17.00421376502289], [78.17408907449072, 17.00815838290463], [78.16014382315848, 17.01247805643753], [78.15596987331084, 17.01208391775209], [78.1500265004238, 17.01344284109906]]]}}, {"type": "Feature", "properties": {"dtname": "Mancherial", "stname": "Telangana", "_state": "TG"}, "geometry": {"type": "Polygon", "coordinates": [[[79.54153926390539, 19.26482154815109], [79.54060275552867, 19.26479928006792], [79.54032405591444, 19.26249527237236], [79.53925939472451, 19.26243182721316], [79.53747233007897, 19.2594302953248], [79.53524894321566, 19.25814254395302], [79.5326284741576, 19.25830236711249], [79.53095039378466, 19.25731498091885], [79.53207825426443, 19.25327887188546], [79.52497711831917, 19.25387901458008], [79.52407722509787, 19.25130121384684], [79.53202703426776, 19.24931289495351], [79.53082133822646, 19.245130809361], [79.5305096817717, 19.23899311345193], [79.53178614451836, 19.23754033524823], [79.53033124000306, 19.23473884501024], [79.53056449175885, 19.23275763793628], [79.53241316996309, 19.23000699262764], [79.53456464542091, 19.22847688890771], [79.5343312739397, 19.22569885109596], [79.53874073035195, 19.22510446168155], [79.54160676875726, 19.22324334852341], [79.5437857704697, 19.22091857373721], [79.54562629829384, 19.21491212003188], [79.5490498076759, 19.21274177404571], [79.54774645915444, 19.2022646507118], [79.5440433760595, 19.20139930248293], [79.53989966010595, 19.20314195424023], [79.53657722651758, 19.20028683131067], [79.53042252757793, 19.20402517518896], [79.52391070340036, 19.20311974460202], [79.50666455120279, 19.20729007887345], [79.50394282231775, 19.20320901258127], [79.50223513637626, 19.20255090918357], [79.49752787905469, 19.20281483375409], [79.48066214772423, 19.20139463884281], [79.47579134079145, 19.19849967774073], [79.47574093493739, 19.19725312706981], [79.47909865768884, 19.19410816683585], [79.47731646545346, 19.19318755981164], [79.475685527412, 19.19061498778188], [79.47264172176186, 19.19012178668343], [79.47047865210128, 19.18754213331344], [79.4779036232786, 19.18456557962359], [79.47796629111082, 19.18348665446869], [79.47228207544573, 19.1745231890904], [79.4658665321241, 19.17719280281425], [79.46229401246968, 19.17161685704713], [79.4380134271081, 19.17970348879876], [79.42282784920735, 19.19200086754635], [79.41958756204245, 19.19607579360077], [79.41336024379031, 19.19796807049723], [79.40791982150735, 19.20106985123405], [79.39856383592983, 19.2031310017884], [79.39477722607181, 19.20452947821526], [79.39463531146293, 19.20524226268327], [79.39356405512706, 19.20472194442307], [79.38901115121358, 19.20712332946577], [79.38733913894463, 19.20693407997301], [79.38724787659542, 19.20628342231993], [79.37983109898259, 19.20743712580436], [79.36941487872934, 19.2069943735575], [79.34973999977694, 19.21852671277004], [79.34030289351762, 19.22119892301476], [79.33937040916771, 19.21097991833718], [79.34112539380737, 19.21080416486165], [79.34374743604714, 19.21187945095773], [79.34632544282567, 19.21079593403363], [79.35073412038766, 19.21117623458672], [79.3509180164804, 19.2106263786475], [79.35094943642002, 19.19242882486909], [79.34672680925793, 19.18799009045246], [79.343337766978, 19.17927031480705], [79.34341622118137, 19.17726121616335], [79.34828282066474, 19.17723767387547], [79.3345654243526, 19.16885048793655], [79.32213551259737, 19.16540067260771], [79.31739143095113, 19.16330643743979], [79.31738531115626, 19.16118856781075], [79.32293957766046, 19.15550139805606], [79.32171515022559, 19.15477734811198], [79.32548213368295, 19.14947381935854], [79.3262634179332, 19.14521064533418], [79.32618536975237, 19.14395931937493], [79.32237128850556, 19.13822607142394], [79.31711027150436, 19.12591408165172], [79.31603128057516, 19.09241321665011], [79.31081275827012, 19.09284966471936], [79.30385844805703, 19.09514140824031], [79.28323943170447, 19.11071443255557], [79.27687376320608, 19.11669365544054], [79.27379638583083, 19.0818170085026], [79.27372997508873, 19.05994054649177], [79.26438765687908, 19.04870944691051], [79.26213962572649, 19.04448289379597], [79.26236537317227, 19.04184223069039], [79.26719438790344, 19.03372256758855], [79.25336900239482, 19.03022860733331], [79.24857278636061, 19.029473645532], [79.24429635237783, 19.0298596883657], [79.2356121181117, 19.03258185912654], [79.22606226077454, 19.03313967452497], [79.2240384349674, 19.03702990958762], [79.22336852862372, 19.04069314122425], [79.22441939110024, 19.0455679206939], [79.2237204255532, 19.04932578612893], [79.21300317256896, 19.06125702241764], [79.20890827030844, 19.06423127939906], [79.20532627427714, 19.06505434562448], [79.20304513841302, 19.0666799061017], [79.20124828005044, 19.07045813110604], [79.19870694919636, 19.07191055994384], [79.19824467383397, 19.07852389622353], [79.19560629575464, 19.08239175585367], [79.1620717177998, 19.08983181423928], [79.15274320355057, 19.09105164591695], [79.15056128700974, 19.09263672610766], [79.14870554419021, 19.09444949758194], [79.1466493890321, 19.098442303096], [79.14079511869625, 19.10412724024479], [79.14108141549762, 19.1114314151087], [79.1351384669016, 19.1113803567745], [79.13651086272057, 19.12842315876296], [79.13322703511902, 19.13190209464425], [79.12996518826172, 19.13225172321167], [79.12451130451666, 19.13686835648075], [79.122277480623, 19.14097698281914], [79.12248207652925, 19.14295625187343], [79.12053532413013, 19.14812347049461], [79.11551004158257, 19.15051165627942], [79.11347781684367, 19.15428740081808], [79.1066745701438, 19.16205579989953], [79.10461535366075, 19.16956115439955], [79.09278267015857, 19.17870522828551], [79.09075418690595, 19.17925190121883], [79.08920922809375, 19.17865028244323], [79.08598017601399, 19.18025471460312], [79.08338189198754, 19.17876553382639], [79.07883885035572, 19.18327393874118], [79.07442752600672, 19.18599026061813], [79.06996946557611, 19.187297364326], [79.05776321453682, 19.20863350342154], [79.01579067408626, 19.21384396242443], [79.00769741442902, 19.21671861836892], [78.99858559368505, 19.22036253935643], [78.99781309963892, 19.22190604450289], [78.99901572851472, 19.22436176252969], [78.9982507681139, 19.22493445866057], [78.99807487362433, 19.23109230487991], [78.99440206167986, 19.23453455627703], [78.99264024861259, 19.23429193929736], [78.99091667500647, 19.23586479277007], [78.9881123385154, 19.23458078722874], [78.98474308519475, 19.2350448285073], [78.97876455747183, 19.22994086899723], [78.9754204165983, 19.23204855869136], [78.97278712916682, 19.2326169444276], [78.97131874749476, 19.23193827749243], [78.96799448469118, 19.23392849557081], [78.96799876443282, 19.23941932240773], [78.96619797751208, 19.24110431220447], [78.96637346527736, 19.24477212561458], [78.96291953834566, 19.24688781202288], [78.95321738288243, 19.2497353512481], [78.94805622826514, 19.24413076136387], [78.9475790153267, 19.24138641023892], [78.94639481659122, 19.23966202599984], [78.94112942748531, 19.235257620111], [78.93871273427483, 19.23251273465627], [78.93824800711296, 19.23000328307182], [78.93608329046059, 19.22843876397714], [78.93708373370204, 19.22640509734224], [78.93627037073797, 19.22468782050176], [78.93713837968114, 19.22314980890611], [78.93577178951347, 19.21753160688219], [78.93372585926494, 19.21422491545552], [78.93048332348046, 19.21373621589038], [78.92751082607708, 19.20864359120047], [78.91790619893283, 19.20143863290481], [78.91796536739912, 19.18889917813839], [78.9181339716978, 19.18804242771247], [78.92041190664031, 19.18669988151881], [78.9212530037468, 19.18377993975543], [78.9198911878075, 19.18235204417458], [78.91421835201898, 19.18271226197165], [78.91098039994068, 19.18172652492474], [78.90259087820972, 19.17783065411898], [78.87758305073429, 19.16019937902987], [78.8774698463702, 19.1589611823538], [78.88017291051987, 19.15905378139819], [78.88306350404194, 19.15546291061695], [78.88232987232531, 19.15340269341771], [78.88538436469987, 19.14493124654715], [78.88558071229146, 19.13786538169294], [78.88803995302688, 19.13123634161791], [78.8866826119758, 19.12703988664883], [78.88257313974361, 19.12185189466773], [78.88025952418691, 19.11326315879411], [78.88524471956873, 19.1090825903319], [78.8869653697641, 19.10553689514568], [78.88918667371904, 19.10348513498507], [78.90285325556432, 19.09377352954748], [78.91205500238986, 19.10422848865933], [78.92110692839901, 19.10634540637381], [78.92074269223015, 19.10907038313497], [78.91704023160314, 19.11044315566658], [78.91352896622969, 19.11631521572933], [78.92373927814276, 19.11391091154015], [78.93068650192596, 19.11844602093397], [78.94120895198101, 19.10849691739683], [78.93847265595512, 19.10019012793894], [78.94177762239885, 19.09384644472077], [78.94200306106103, 19.08407975158238], [78.94075248324744, 19.08068814812142], [78.94745043947421, 19.07268301710732], [78.95320617097634, 19.07711301444924], [78.95691845925865, 19.07617771410534], [78.9633471182734, 19.07770047320803], [78.97455419212342, 19.07621305588868], [78.97918369826426, 19.07361063011205], [78.98807019505716, 19.07185771722548], [79.00048079858642, 19.07442389295568], [79.00510581965091, 19.07399091273643], [79.0095652791212, 19.07222888307122], [79.0129051884553, 19.07337202347476], [79.01693354668674, 19.07269526945385], [79.01818889364732, 19.07500261437782], [79.02192299407427, 19.07555215221753], [79.02558452522766, 19.07376178758486], [79.02706925815754, 19.07088164867773], [79.0370380202936, 19.06282043516846], [79.04681922556153, 19.05816115625042], [79.04924680891486, 19.05870588465388], [79.05763961198171, 19.05347853303156], [79.0659275809267, 19.04954171115719], [79.07524788896797, 19.0407610557726], [79.08121941294111, 19.03199400216272], [79.08302131927668, 19.02582775462934], [79.08547641824977, 19.0231929338975], [79.09057041453444, 19.01023316447361], [79.08954522072743, 19.00073081594493], [79.09222037811504, 18.98911554147705], [79.09592069401992, 18.98162425073983], [79.10130322143362, 18.97453667852562], [79.10413660366102, 18.96802859913322], [79.10297101970059, 18.9597737084694], [79.10425312690307, 18.9517785258679], [79.10675220347025, 18.94682186038073], [79.11301209030002, 18.93964909083245], [79.118251987705, 18.93568551765563], [79.13047373271759, 18.9215855007479], [79.15237479265522, 18.90411725430641], [79.16080443412513, 18.89358686438492], [79.17348125576338, 18.88081474292351], [79.17669374393529, 18.87591104604839], [79.17662952522598, 18.87419870157358], [79.17770911246271, 18.87243021277742], [79.18207247395283, 18.86852269026058], [79.18849624360064, 18.86652023652168], [79.19571450452302, 18.86632024772379], [79.20294880276583, 18.86442170440939], [79.21402175197467, 18.86391001029831], [79.2278985391012, 18.86198248737368], [79.23430869813443, 18.86051609739172], [79.24263657391829, 18.85668935049891], [79.24902734533055, 18.85301360192935], [79.25569426500324, 18.84543653978436], [79.2584423613456, 18.84079074586899], [79.26890208275904, 18.82971618305987], [79.28148901589522, 18.82268686007646], [79.30746898279797, 18.8151849310663], [79.31789777496884, 18.81557233926858], [79.32479083793271, 18.81467500711296], [79.334965233348, 18.81476656523712], [79.34395851450729, 18.81643673877379], [79.35299525657526, 18.81963366253895], [79.3574485767956, 18.8238537866141], [79.36250528175013, 18.83118938449395], [79.36710103795225, 18.84118293995823], [79.37268542883636, 18.85012891745318], [79.37937556937857, 18.85416601695884], [79.3950112941385, 18.85706102442175], [79.40562395154417, 18.85642165377125], [79.42040026088951, 18.85342486638864], [79.42773543234686, 18.8507514809252], [79.44001617507185, 18.84415901775923], [79.45068836119115, 18.83659127497664], [79.46291218047662, 18.82610358549709], [79.48054179084157, 18.81749719233987], [79.48756096045712, 18.80949908214641], [79.49527811378285, 18.79846399532489], [79.49807972742029, 18.79227519761123], [79.50047140024049, 18.79018580543987], [79.51118457113, 18.78469740460506], [79.51916948194277, 18.78504113656948], [79.52834812658051, 18.7866005428535], [79.53268183940247, 18.78586575583387], [79.53717947449479, 18.78362284241631], [79.54515718126002, 18.77766878120433], [79.55244028916682, 18.7740240222239], [79.56154632766898, 18.77091095593339], [79.57822271248573, 18.75933327671582], [79.59483846010296, 18.74914978093642], [79.6033961923175, 18.74629463718843], [79.605387023029, 18.74335761529734], [79.61180682893031, 18.73925095956587], [79.61363058393492, 18.73858543529725], [79.61820447505566, 18.73894303842552], [79.62390465859472, 18.73241622365008], [79.6295082519963, 18.7314903848957], [79.63288766621251, 18.72961576354327], [79.63457769516663, 18.7280687054151], [79.63713059929387, 18.72329503367193], [79.64088402386083, 18.72148961822674], [79.64469170702527, 18.71704160209297], [79.65154009062913, 18.71537480920981], [79.6532825140125, 18.70933733047294], [79.66325881680002, 18.69024558336186], [79.66777405818767, 18.68414161769691], [79.67175310161718, 18.68258938410776], [79.67749948419157, 18.6742132858467], [79.67962400922026, 18.67282092374784], [79.68747029726575, 18.67046516581592], [79.69176933576638, 18.67048142189356], [79.69790837383344, 18.67261868776133], [79.70047723505378, 18.67799985600357], [79.70469351280563, 18.67974569406568], [79.70845134421585, 18.68350002819854], [79.71433550510982, 18.68544614105737], [79.73312381727652, 18.68226137176504], [79.74854281350912, 18.68241072867408], [79.75532246570428, 18.68578179207466], [79.75903140902447, 18.68648131958254], [79.7682433721579, 18.69612155173342], [79.77149183120538, 18.69706769535511], [79.78588869709982, 18.69847200478545], [79.79317934057235, 18.69470128097618], [79.79761554940423, 18.69628798169459], [79.80245603836757, 18.70150808596479], [79.80713835810694, 18.70460873855216], [79.80803493079124, 18.7084560823593], [79.81407624404177, 18.71750147226407], [79.82202139728945, 18.72187709915757], [79.82436027225766, 18.72420194637467], [79.82582816257644, 18.73512760993941], [79.82428958465403, 18.73855596590693], [79.82017912755373, 18.74250911436107], [79.81842146248384, 18.7461715310852], [79.81806777334238, 18.7496758309634], [79.8165007065606, 18.75121605670367], [79.81784445954588, 18.75782741106836], [79.82165819187294, 18.76344103865286], [79.82815448139051, 18.7703616272658], [79.84166584021447, 18.78083733136042], [79.8445747778889, 18.78584625163082], [79.84693777088289, 18.79388878170049], [79.84661444890754, 18.79927880464251], [79.83520061565513, 18.81134877232196], [79.83000274142721, 18.81814400438616], [79.82598202276468, 18.82460406737434], [79.82486942606614, 18.82810105362619], [79.82566291346313, 18.85446292291505], [79.82796204759329, 18.86041826646336], [79.83309508431205, 18.86725861650607], [79.83687539539501, 18.87025121868486], [79.84082138808138, 18.87195701621976], [79.85036743035239, 18.86836923676899], [79.85458059562734, 18.86397825283645], [79.85737519550405, 18.85960546212021], [79.85960416283211, 18.85420531374214], [79.86262091636773, 18.84290067455479], [79.86667550198638, 18.83593466015004], [79.86885029033823, 18.83374602640577], [79.87784063553873, 18.82865499407766], [79.88736731879352, 18.82633374920714], [79.90224403328797, 18.83008387796599], [79.90708013197268, 18.82914426785731], [79.91395084748638, 18.82609224394707], [79.91782359355908, 18.83254685635551], [79.92363787566514, 18.83768461335943], [79.92955086621278, 18.84163438204574], [79.94137824163782, 18.84603763242458], [79.94670016192696, 18.84948424209352], [79.95460051331645, 18.8572369965001], [79.95851293676515, 18.85942389134236], [79.96129726755487, 18.86470175472821], [79.96126268849086, 18.87546013161716], [79.95867365888552, 18.8886103530943], [79.95431911529512, 18.90004409437299], [79.95361374127481, 18.9045045241809], [79.9540256070993, 18.9099434635722], [79.95741583524607, 18.92279211000737], [79.95787052084444, 18.93328917804073], [79.95704647102399, 18.942875316946], [79.95481303422912, 18.95231310759455], [79.95062457597852, 18.96152905139865], [79.94498512275608, 18.98003090259309], [79.94422135228457, 18.98651406807055], [79.94162298614695, 18.99208919530918], [79.94095862687008, 19.00022544769776], [79.94239653692735, 19.00065707726925], [79.9426442627976, 19.0020217142734], [79.94232944954958, 19.0124897627068], [79.94026932207261, 19.02382486341993], [79.94037874397259, 19.0320130891649], [79.93809224546446, 19.04105767081157], [79.93153167565333, 19.04832508377203], [79.92242280519781, 19.04988144267658], [79.9075589592502, 19.04481463674536], [79.90017340432964, 19.04039536198626], [79.88674430752262, 19.04005500587992], [79.87703664316074, 19.03879864193245], [79.87175019319743, 19.04054013424041], [79.86859441338676, 19.04423869521885], [79.86635927974699, 19.05246514676498], [79.86363474469658, 19.06652485711454], [79.86319463713346, 19.07909175799194], [79.85836095611363, 19.0958543840095], [79.85941155184975, 19.10862406186083], [79.86395472783137, 19.11542493156087], [79.87375160660828, 19.12405179476142], [79.9174595572834, 19.14682566054023], [79.93102565543496, 19.15553116320437], [79.92399091655194, 19.16517693162648], [79.90951866972017, 19.16124071830588], [79.90351438281687, 19.16362655105736], [79.90015782196383, 19.16263282620763], [79.89736224861447, 19.16308560046751], [79.89487431353719, 19.16240131033995], [79.88782147753021, 19.16418758842484], [79.88449965909781, 19.16426392307988], [79.88283288990203, 19.16686918514732], [79.87433468744337, 19.17325241693658], [79.85480352272155, 19.1730819711853], [79.85219057663598, 19.17284380008326], [79.85094157492723, 19.16830185680303], [79.83865121588563, 19.16870699346397], [79.8360041028222, 19.16179889694371], [79.83347840056159, 19.15833658271866], [79.82031037860467, 19.15713492365213], [79.81421146136508, 19.15105555017406], [79.7992225833734, 19.15162598010276], [79.79551906614311, 19.15477944509936], [79.78356005295767, 19.1621683326648], [79.7817794831047, 19.16951386305515], [79.78714046746734, 19.17584901186977], [79.78726292820664, 19.18394136456995], [79.78338800449922, 19.18437108224883], [79.77917605024021, 19.18599613277885], [79.77250272269602, 19.19000617540377], [79.76715890236726, 19.1892248810392], [79.76211361221131, 19.18994373394352], [79.76037153883716, 19.18936881336214], [79.7606071781334, 19.1849082727099], [79.75932853820073, 19.18245190575119], [79.75601380348907, 19.18179468643969], [79.75154513239028, 19.18216309849527], [79.74375655226355, 19.18571545691997], [79.73618542604675, 19.18580615268455], [79.73212270811403, 19.18681678753968], [79.7295249769423, 19.18873559646311], [79.72304177467525, 19.19723320868978], [79.7195935747993, 19.19782577760927], [79.71687944747798, 19.19787921291366], [79.7128194567315, 19.1946221945088], [79.71231921884295, 19.18903916387955], [79.71149943510845, 19.18844919824189], [79.70875922018968, 19.18912101868516], [79.70721033099805, 19.19365788703253], [79.70447221424108, 19.19380139980999], [79.69979218403603, 19.18883047352643], [79.69744501864199, 19.18406684092198], [79.69312523388261, 19.18400555505663], [79.69094753690818, 19.18195184188667], [79.68547646403867, 19.17993533192426], [79.68134769941445, 19.17965778397048], [79.6749041722299, 19.18509709272612], [79.67400155317068, 19.187256617908], [79.67626221393915, 19.19098151654953], [79.67609991699887, 19.19900051901403], [79.67110149730924, 19.19862014539503], [79.66593873707524, 19.20001357046931], [79.65909216409192, 19.19946316590631], [79.65603831328508, 19.20002467899441], [79.65391283657785, 19.20133488741585], [79.65338178660237, 19.20322928848167], [79.65414480188481, 19.20481727252804], [79.66372448851524, 19.20870631140026], [79.66555275806911, 19.21352685563449], [79.6625520171463, 19.21387652427325], [79.65635307416393, 19.21730666240954], [79.64810914569888, 19.21659686202971], [79.6465522861967, 19.21500583539055], [79.6409144970482, 19.2194040203983], [79.63715844534666, 19.21853561866047], [79.63419857840991, 19.21928231734235], [79.62553372130365, 19.22655333125379], [79.6224104249874, 19.23186873683859], [79.62126786888734, 19.23539510539867], [79.62235830727361, 19.24131013057949], [79.62164927632506, 19.2425083020144], [79.61687717777642, 19.24127424507652], [79.61184875317315, 19.24205272950029], [79.60474762956686, 19.23969797049342], [79.59454095730348, 19.23869363070884], [79.59170524000547, 19.23717800487417], [79.58453223056569, 19.2370663838818], [79.57966817775764, 19.23425066650674], [79.56854259777224, 19.23560716122325], [79.5555051131617, 19.23907240036108], [79.55246709263291, 19.24207533798129], [79.55257516936443, 19.24427929753143], [79.55990134209638, 19.25200229365865], [79.56062831199374, 19.25406889998504], [79.5605743003846, 19.25836267927212], [79.55777980149331, 19.25911361735224], [79.54968255010876, 19.26408997311658], [79.54471848077117, 19.26223488133523], [79.54253747619946, 19.2629430635493], [79.54153926390539, 19.26482154815109]]]}}, {"type": "Feature", "properties": {"dtname": "Medak", "stname": "Telangana", "_state": "TG"}, "geometry": {"type": "Polygon", "coordinates": [[[78.2173815521352, 18.2076154573905], [78.21526040045849, 18.21228866447597], [78.20652106790133, 18.21751488197821], [78.19499751350939, 18.20693284497843], [78.19324197863624, 18.20622245053588], [78.18774526611305, 18.20675523004894], [78.18060703234924, 18.20454480567761], [78.1786814956313, 18.19505080977528], [78.17388238623518, 18.18426447485056], [78.17367174866291, 18.18089517867362], [78.16884514303526, 18.16731519744382], [78.16913428392672, 18.16129802420566], [78.17072628442101, 18.15663744640486], [78.16928573821396, 18.15294725439805], [78.17522576672786, 18.1456129041689], [78.17704088064079, 18.13847325907305], [78.17980963277968, 18.13500947381443], [78.18039762233344, 18.12408232464833], [78.17689284898275, 18.11828602363177], [78.17991786623236, 18.09835897899155], [78.17883708567211, 18.09663419177894], [78.17397019956083, 18.09294281688155], [78.17125516659422, 18.09271892032996], [78.16029955663862, 18.08640713937795], [78.1540978119673, 18.0857109532309], [78.15117492934696, 18.0823431812401], [78.14594800122751, 18.07094055898365], [78.14314425959456, 18.0683061219431], [78.138408148382, 18.06877375895997], [78.13442067485443, 18.07142816163307], [78.12471715873893, 18.06999175679208], [78.11689666814594, 18.07266195117512], [78.11516321649715, 18.07646216125018], [78.11585253192605, 18.08389164930475], [78.1149625430893, 18.08905714545141], [78.11111027962896, 18.09257589135778], [78.10633528166512, 18.09346273818859], [78.103257466238, 18.09277738000807], [78.10113071882263, 18.09045292318876], [78.09951836395398, 18.08357802415234], [78.09889865493095, 18.07398875607171], [78.09715520618266, 18.07048867343499], [78.09388250320285, 18.0683816899127], [78.09160262266613, 18.06778655108176], [78.08970549684828, 18.06833923781166], [78.08535202508028, 18.07225873554144], [78.08405291961787, 18.06724038113741], [78.08354613357051, 18.0673251889332], [78.07888274920788, 18.06879568901082], [78.07669173008611, 18.07209305218065], [78.07431356276736, 18.07217915096447], [78.07311858204902, 18.07021746233529], [78.0742933702212, 18.06579662311588], [78.07156930881864, 18.05986704786211], [78.06890879918716, 18.06215565352126], [78.06889762273418, 18.06533758256363], [78.06607048436014, 18.06847406983149], [78.06759027261438, 18.07015468822426], [78.06405196470831, 18.07081056022673], [78.06407638309815, 18.07188659082464], [78.05950778223053, 18.07178029061776], [78.06034629320375, 18.07389618602936], [78.05988227387455, 18.07510229657324], [78.05543936174207, 18.07931847021397], [78.05360949329271, 18.07900828203427], [78.05234906191332, 18.07360596859512], [78.05057040216371, 18.07374388825385], [78.0468120203077, 18.07988423449807], [78.04403523197823, 18.07971227150607], [78.04403030834213, 18.07784540853434], [78.04045241536528, 18.07524149790055], [78.04290578695792, 18.06916305316504], [78.04508354493782, 18.06810323918942], [78.04214759432, 18.06556998643761], [78.0417165033544, 18.06677637182456], [78.03892344399928, 18.06791952842794], [78.03742500662342, 18.06945263393824], [78.03588571965793, 18.06559738647221], [78.03443675559528, 18.06432864123546], [78.03374215526406, 18.06619648951043], [78.03408610141402, 18.06815759053832], [78.03167231156107, 18.06882135758976], [78.03274402523135, 18.07040669854384], [78.0317825349217, 18.07132224942563], [78.03154037027066, 18.07028886413825], [78.03038641105415, 18.07073209202556], [78.02863267468148, 18.07376737667174], [78.0327415117517, 18.07659464974056], [78.03121353837128, 18.08121460844756], [78.02937482828405, 18.08386469518329], [78.02740853975864, 18.08163612868232], [78.01987328565464, 18.08178405665902], [78.01789417279404, 18.08654784458164], [78.01216748639483, 18.09014706891537], [78.00905333251195, 18.0886282803274], [78.01147063628298, 18.0865952424643], [78.01587996056536, 18.07953643072957], [78.01532406768031, 18.07828251570827], [78.01407928313643, 18.07842159361583], [78.01427274484568, 18.07584306443357], [78.01308243391775, 18.07542236318965], [78.01274602606952, 18.07846953401535], [78.01098273797214, 18.081111324558], [78.00911776548962, 18.08096310884342], [78.0090410984089, 18.08438831031863], [78.00550484421922, 18.08596079211036], [78.00433893352647, 18.08770108885028], [78.0018449588411, 18.08721532137212], [78.00071825356044, 18.08514554777357], [78.00075333307232, 18.08128138070005], [77.99866929233359, 18.08386056313711], [77.99868129399393, 18.09476297366864], [77.9951032439502, 18.10696118717672], [77.99259447871516, 18.10908786085608], [77.9887242086686, 18.11085945472205], [77.97566329786635, 18.11495914097465], [77.95182688563489, 18.11341116848941], [77.93969159933636, 18.11172504919942], [77.93682570332146, 18.11002285658504], [77.93466331630405, 18.10406675426865], [77.93215116018025, 18.10063760472137], [77.92982266344886, 18.09835416529499], [77.9279412851822, 18.09765360122735], [77.91137221272174, 18.10000764160382], [77.90659649473399, 18.09729664460865], [77.9027354125808, 18.09725430516174], [77.89885033229906, 18.09369055898926], [77.89562744721586, 18.09224123161119], [77.89580841264569, 18.09072010723597], [77.8948699011746, 18.08878767795713], [77.89543258833099, 18.08735250877408], [77.89031423237185, 18.0777665419986], [77.8882264620159, 18.07059483877], [77.88086281035805, 18.07383603590388], [77.87562758927437, 18.07446353282614], [77.86787652479744, 18.0734462654881], [77.860932888227, 18.07389861818859], [77.8513372649926, 18.07299817142356], [77.85265714832707, 18.05087492756019], [77.85789011451276, 18.04232415073267], [77.85881184966621, 18.03774754568385], [77.86390408381384, 18.02801950042291], [77.8657765826075, 18.02229282807071], [77.870878100686, 18.01708957393583], [77.86944065236122, 18.01190514383577], [77.87178738500695, 18.00495928656099], [77.87136238425393, 18.00178076657006], [77.874393166062, 18.00158299968767], [77.88332612030791, 18.00444540317358], [77.8912890972611, 18.00495837610372], [77.8992088886183, 18.00373937251689], [77.9049325135219, 18.00069446474161], [77.90386066281434, 18.00029724440323], [77.90290155057504, 17.99745590863504], [77.89742272598374, 17.99595185685968], [77.89199092865482, 17.99234173945318], [77.8898877107053, 17.98958580926432], [77.88797333389986, 17.98471661597703], [77.89112713655537, 17.97420013288679], [77.89061197021726, 17.96428965502027], [77.89580171906657, 17.96367031901083], [77.90668463570404, 17.95898839522081], [77.90708899772955, 17.94877262264018], [77.90296310579096, 17.93757958800643], [77.89967038157938, 17.93624672451114], [77.90252903209125, 17.91974098776939], [77.89828702999075, 17.91060766190566], [77.885715770861, 17.91000228506776], [77.88395939838877, 17.91069953644708], [77.88288033292044, 17.91406322380017], [77.88004949771387, 17.91847220864598], [77.86271536943156, 17.91664980753664], [77.8586525899844, 17.91678048726097], [77.85502893176943, 17.91796073747721], [77.85126359942167, 17.91111071115692], [77.8554852241553, 17.9110951949006], [77.85616104545903, 17.90964795906051], [77.85415418893962, 17.90755720076577], [77.86067310032297, 17.90700493814474], [77.86337435701888, 17.90417219736104], [77.86573888549634, 17.90355037338681], [77.86744314923972, 17.90006340120669], [77.86605258355551, 17.8977769302446], [77.87072857987586, 17.89836787584246], [77.87924554706989, 17.89596359903889], [77.87796817175528, 17.88874654827097], [77.88640230639385, 17.88861935487311], [77.88755559282038, 17.87931638812728], [77.89043452841709, 17.87549094313135], [77.89341184187606, 17.87562220950308], [77.89543902472509, 17.86944003292142], [77.89586162265537, 17.86037677811349], [77.89473640184293, 17.84700892573936], [77.90554484832184, 17.8471087290162], [77.91057609160943, 17.85323640193504], [77.91272882651721, 17.85715937630351], [77.91793479639966, 17.85508410452513], [77.91967709892369, 17.85720268736317], [77.91988526779154, 17.85394132216731], [77.92244440332503, 17.84959158412419], [77.93166345886463, 17.84382563555715], [77.93679156659185, 17.84224617478869], [77.95261862137289, 17.84189293090519], [77.95403124238373, 17.85160671028225], [77.95456922737877, 17.85271159912259], [77.95611828869892, 17.85229608263354], [77.95572916803837, 17.85608877847029], [77.96574054026576, 17.85324667212366], [77.97060301723224, 17.85395979059901], [77.97519455978325, 17.86691149690985], [77.9734841461472, 17.87581504671472], [77.9724565485577, 17.87641766663844], [77.9722405372868, 17.88218791639792], [77.99584706519623, 17.8840117754139], [77.99867852978798, 17.88750840113335], [78.002147786761, 17.88789187612407], [78.00311540799618, 17.88717980639705], [78.00587796967147, 17.88861349821951], [78.00704674716299, 17.88803939743076], [78.00766463004645, 17.88882868504279], [78.01410506522829, 17.88953653685675], [78.0172819925736, 17.88921635308258], [78.03464510042807, 17.87849551143818], [78.03997707194657, 17.8870149724898], [78.04376456523993, 17.88881250841028], [78.04741818459802, 17.89265171857186], [78.04759021742728, 17.89513095402923], [78.04653584578773, 17.89751025553572], [78.04859328434861, 17.90402075524011], [78.04592504561485, 17.91084779952165], [78.04629736088066, 17.91392146823904], [78.0478849222507, 17.91572980765585], [78.05312576337123, 17.91804557369682], [78.05429614102378, 17.91772899620008], [78.05492787933237, 17.91591889817641], [78.05769988639497, 17.91741980241342], [78.06017755168703, 17.91714974843568], [78.06176544394594, 17.92046323071692], [78.05974348050519, 17.9209239064749], [78.05918882083876, 17.92222400608371], [78.06355985443719, 17.92464251599337], [78.06507340485933, 17.92293752779774], [78.06806346103735, 17.92247426945026], [78.07187227482912, 17.91959282370621], [78.0731656803787, 17.91581477036596], [78.07490803688857, 17.9139133646263], [78.07544991882656, 17.91056981810797], [78.07782800632721, 17.90803818526009], [78.07909951379037, 17.90525435303639], [78.07585806007928, 17.89742429830103], [78.07565237276874, 17.88847576368489], [78.07426083987811, 17.88532281285775], [78.07511907560276, 17.88235345075726], [78.07256988140239, 17.87737896219887], [78.07336531835081, 17.86918761335433], [78.0747618872337, 17.86734553364828], [78.08465157751039, 17.86585716818824], [78.09006522533592, 17.86402420152299], [78.09439843837039, 17.86060109198173], [78.0955050635992, 17.85582175005626], [78.09557308348928, 17.84912288928765], [78.09679030089193, 17.84455271968725], [78.09417221210164, 17.83634073734248], [78.09373711267675, 17.83257007935944], [78.09782380109118, 17.82415785075857], [78.0973278688832, 17.81802661636753], [78.10035706481709, 17.813092384396], [78.11075175801749, 17.80824960024627], [78.11393845312068, 17.8027336877649], [78.11509701564036, 17.80292758596092], [78.12003288651174, 17.80064074122047], [78.12042517520723, 17.80136845535834], [78.11906133678951, 17.80370854057006], [78.12200279996347, 17.80709117139083], [78.13146062890344, 17.81137788224531], [78.135548180449, 17.81759854448795], [78.13874856918203, 17.82696918417467], [78.13906924416143, 17.83169682168182], [78.14847440301412, 17.83617207435295], [78.15093573288529, 17.83243793123303], [78.149886639192, 17.82112915346752], [78.15049957106878, 17.81606818372575], [78.14779378874078, 17.80910801526358], [78.14923879981615, 17.80588716228937], [78.16062793278797, 17.81527065361972], [78.1746573160939, 17.82259808242072], [78.17551181170768, 17.82814978358003], [78.18762269447753, 17.83058668620064], [78.18071405887669, 17.82129407946222], [78.16881774357428, 17.81595230279598], [78.16635049448632, 17.81387749802079], [78.16327730702965, 17.79770480003358], [78.16589128271848, 17.78981292933756], [78.16814729160946, 17.7885944161311], [78.17349009635835, 17.78850791821284], [78.17702550799368, 17.78923358623591], [78.19319535164557, 17.79782640071446], [78.19424498950343, 17.80247152506151], [78.1960490461838, 17.80518534232155], [78.20386479027057, 17.8027152734635], [78.20230651407577, 17.79554214650572], [78.20060308964737, 17.79150031406414], [78.19923690387067, 17.7804458777674], [78.1961977670382, 17.77564821565481], [78.19561340681834, 17.77317352966433], [78.196116789848, 17.76366257894413], [78.19815173280914, 17.76273965678204], [78.2044136938818, 17.76509907858949], [78.20487337274498, 17.76008591869056], [78.2042630141679, 17.75499331403539], [78.20228987389989, 17.75305977005214], [78.19913045629995, 17.74607727642937], [78.20122261128436, 17.74026325108888], [78.20143087604464, 17.73576719185225], [78.20784692913746, 17.73940765698699], [78.21522915547656, 17.74152565321135], [78.21777542801794, 17.73879964013636], [78.21811378572012, 17.73201730082859], [78.22102674599618, 17.73223827944771], [78.22283372179358, 17.7334421189143], [78.22656115152525, 17.7329889751402], [78.23494599443944, 17.73529331602507], [78.23370201337671, 17.73108473910255], [78.23687186044691, 17.72825205637592], [78.2353789894737, 17.72639617687489], [78.23520012886694, 17.72390776786248], [78.23225957002263, 17.72200947669402], [78.22632037344498, 17.71469016277187], [78.23420114707413, 17.7095069584317], [78.23803489585485, 17.70512156976833], [78.23809742602641, 17.70296568977752], [78.23273685304434, 17.70234378919713], [78.22986813033349, 17.70282865085484], [78.2293773223392, 17.70203228412172], [78.23174825696219, 17.70013607345172], [78.22994677068631, 17.69847577626966], [78.23082743406006, 17.69411334927282], [78.23021449641806, 17.69245664945429], [78.23109670493086, 17.69162964157207], [78.23608601098113, 17.69211210307806], [78.24830077082663, 17.69057748289029], [78.2519613569704, 17.69093702198267], [78.25661618042425, 17.69303444348706], [78.258740175276, 17.69224296925927], [78.25919456819378, 17.69046124906033], [78.26059799540877, 17.6896600290063], [78.26192492121949, 17.69027230361108], [78.26452654948703, 17.68955318221593], [78.26508329456759, 17.68723709442146], [78.26826495295542, 17.68909943574553], [78.27372800536146, 17.68669792329571], [78.2759516419941, 17.68890430192463], [78.27951756805936, 17.68653693599722], [78.28159335716856, 17.68723227116647], [78.28503647978663, 17.68570370338427], [78.29017247964826, 17.67734781692088], [78.29740963888469, 17.68049243453459], [78.29943678613175, 17.68014706880881], [78.30177019669999, 17.67814577192484], [78.3047041644856, 17.67768301019442], [78.30524020853794, 17.67909907994148], [78.30737304781485, 17.67772850881066], [78.31095040970217, 17.67709163959453], [78.3106654839541, 17.67599462842599], [78.30855139111746, 17.67442229144581], [78.30551215727532, 17.66742853810823], [78.31090267255706, 17.66689089742989], [78.31962221142568, 17.66337860159124], [78.3250906764044, 17.67377111814945], [78.3249719677266, 17.67682523966478], [78.31977739529303, 17.6800766856547], [78.32118430950321, 17.68779362868689], [78.32442450634808, 17.69657275026184], [78.32518646620166, 17.70271728487276], [78.32438460793016, 17.70426670063629], [78.32217400526963, 17.70427511677464], [78.31981975145442, 17.71111453881288], [78.31971929385973, 17.71607066269241], [78.32388632419388, 17.71673131605547], [78.32378501865811, 17.72476410276171], [78.32288453387946, 17.72483610905012], [78.32066522024878, 17.72121221508389], [78.3180484281638, 17.72283335367754], [78.3129090969558, 17.73929490740552], [78.31792048044655, 17.7398249761493], [78.31807960260595, 17.74353872696053], [78.32082368664351, 17.74363888850783], [78.32969207843412, 17.74153473456515], [78.33812158175148, 17.74121334782237], [78.3517614305595, 17.74372891122891], [78.35128893862606, 17.74163548451525], [78.3518255757665, 17.74132449212892], [78.36088530612102, 17.73943977029608], [78.36173988261635, 17.73764895767201], [78.35980782234081, 17.7352878218617], [78.36054498569082, 17.73344166304536], [78.36295208527315, 17.73204178133133], [78.36096772110422, 17.7314431217557], [78.36426106791991, 17.72836566819647], [78.37030030496852, 17.72785185358502], [78.37239697568197, 17.72634917052627], [78.37281644640632, 17.71855029733243], [78.37207550203514, 17.71423447498289], [78.37246650068973, 17.71124094830779], [78.37166512706698, 17.70900866117129], [78.3738013683945, 17.70993416175634], [78.37473990618537, 17.70907996376344], [78.37429173317271, 17.70647149304366], [78.38504116511764, 17.69994589042391], [78.39627549563, 17.69916626612095], [78.40246292941232, 17.70984228045813], [78.40319483978347, 17.71196984207397], [78.40255042099834, 17.71621766711445], [78.40636833238501, 17.72179777211651], [78.41182441717847, 17.72596070204865], [78.41637032856862, 17.73277279673762], [78.42267515962133, 17.73079076614757], [78.4327033281378, 17.72956346121117], [78.44036167822709, 17.72668534200357], [78.44032906785377, 17.72439291103795], [78.4444134461828, 17.71681907207476], [78.45003057858605, 17.71104558803359], [78.44858668689317, 17.70793488212253], [78.45794504444746, 17.70521709023519], [78.4598100912184, 17.69778901530972], [78.47213139388356, 17.69127401776615], [78.47147912585903, 17.6900380868427], [78.47996989317484, 17.69405633900483], [78.4943002717655, 17.69485147097945], [78.49364697948191, 17.68815878528737], [78.49642882924037, 17.68547676957269], [78.4991573557892, 17.68569235457342], [78.5030039948852, 17.690520528704], [78.50451054727013, 17.69449045839998], [78.50495699837593, 17.69929145402692], [78.50420435395898, 17.70373289873421], [78.50720049110693, 17.71432180101721], [78.50614982684249, 17.71931205822092], [78.5115462144272, 17.72443929491893], [78.51445073338375, 17.72597181938578], [78.51934649950262, 17.72792050254193], [78.52548176284182, 17.72860119662376], [78.52187049564007, 17.73913301528329], [78.5230479860785, 17.73979048394057], [78.52558363120984, 17.74379220754773], [78.52459646880527, 17.74577678401506], [78.52654757926503, 17.75067284123438], [78.52524921991778, 17.75169606294003], [78.51299371904241, 17.75198928465066], [78.51082288536735, 17.75529638903564], [78.51511100395409, 17.78567053111604], [78.52026561134812, 17.79999026596105], [78.52019723602076, 17.80676153672267], [78.52108596273911, 17.80848312889489], [78.52365498494963, 17.80924829115392], [78.52657633424754, 17.81253018020784], [78.52743201482609, 17.81754693784935], [78.52919725718846, 17.81941216118773], [78.53033766932026, 17.83273588819426], [78.53107134868533, 17.83393610394748], [78.54000549955676, 17.83636883106351], [78.54220411520589, 17.84307951947715], [78.54278760161048, 17.84610011285793], [78.53963855017044, 17.85371542265465], [78.53866546279623, 17.85756251143555], [78.53913291715486, 17.86038309631041], [78.561023463337, 17.87028377384475], [78.5609901758607, 17.87698738681415], [78.5777438999828, 17.88239143655433], [78.57340644590494, 17.90099916874798], [78.56991128947114, 17.9049501551786], [78.56653333323533, 17.90323800339941], [78.5583770977939, 17.89295700892238], [78.55538997342376, 17.89042559646297], [78.55194490801789, 17.88932741007594], [78.54356946423796, 17.8893232349411], [78.54188157959088, 17.88813249177331], [78.5373495337866, 17.88762977755478], [78.5357559406284, 17.88881766096434], [78.53411524172874, 17.89188997722754], [78.52425343286285, 17.8964641734453], [78.53486424885479, 17.90288152677127], [78.53362875728294, 17.90461506402074], [78.5352117559508, 17.90731465859926], [78.54077036248151, 17.90719847894145], [78.54000731022849, 17.90984488521973], [78.54051631224083, 17.91041914495633], [78.54191119645192, 17.90974479641748], [78.54339198633032, 17.91087497010523], [78.54324698093039, 17.91451703064048], [78.5459056030096, 17.9149753331168], [78.54577962692963, 17.91576518390482], [78.5411632828416, 17.9179605637433], [78.53595661367306, 17.92297562491656], [78.53095607413405, 17.92341778500674], [78.52968070091394, 17.92487967623677], [78.53103012344754, 17.92969270041274], [78.53822097850474, 17.9326292205219], [78.54172404718524, 17.94122729184697], [78.53874074400898, 17.94534511840247], [78.53181794547923, 17.94998707925957], [78.53184489283298, 17.95247351309212], [78.53283160710451, 17.95344991701635], [78.5359303593613, 17.96422760468148], [78.53584902335241, 17.96951546602356], [78.54204901953607, 17.97298509092742], [78.54225700272917, 17.97958200389495], [78.55293517879586, 17.98782024377271], [78.55729325715834, 17.9927733153478], [78.56179723961189, 17.99922828022373], [78.56226471131555, 18.00068345152707], [78.5616087185341, 18.00300081481585], [78.58334673276613, 18.00609858802072], [78.58419528825867, 18.01353725984384], [78.58781839482732, 18.02276348599143], [78.5863721359565, 18.03007758093025], [78.5785404304515, 18.03374544535935], [78.56529897406817, 18.04262095852925], [78.5602749149373, 18.04514741763233], [78.55329404827644, 18.05675915326299], [78.55863945931615, 18.06093443487525], [78.56298446736895, 18.05974887264977], [78.56567381282844, 18.06016191695965], [78.56871874202591, 18.06381438471086], [78.57211824623188, 18.06986558898704], [78.57191174325165, 18.07164456448699], [78.5697999158897, 18.0739759012786], [78.56905640962451, 18.07892755978795], [78.57209015296804, 18.09047153410133], [78.5763396929788, 18.09328504110782], [78.5763463209246, 18.09694162387224], [78.57826292725612, 18.10005487933331], [78.57952176256136, 18.1061453730135], [78.57584287002179, 18.10825463485369], [78.57605294938294, 18.10947696784995], [78.57532192107374, 18.10979581463972], [78.5583147880239, 18.10940263659511], [78.54776664540702, 18.11208642981761], [78.5466995883412, 18.11291283360977], [78.54531723985404, 18.11644371996447], [78.54554917926396, 18.11830798605737], [78.55062466663338, 18.12316329457277], [78.55149827525715, 18.1294221051652], [78.55280560421956, 18.1329639769541], [78.55324458476811, 18.14348527493663], [78.56934225341331, 18.15728959843835], [78.56668524167748, 18.16208353019804], [78.58093351547517, 18.16319696173992], [78.5805523176907, 18.16639794791353], [78.58127554085475, 18.17026421326268], [78.58064686627966, 18.17314663046844], [78.57387131501353, 18.1813249794372], [78.57019421363287, 18.18308167489702], [78.56880953522455, 18.18491813330741], [78.56896544281373, 18.18014640020507], [78.56632716446144, 18.17631256291756], [78.56456591985727, 18.17559164225743], [78.56273313081054, 18.1768496074313], [78.55798589402376, 18.17638626863441], [78.55366611438755, 18.1785752501013], [78.54997321288329, 18.17859133558244], [78.5477156635361, 18.18117853526557], [78.54448578216706, 18.17980227851077], [78.54267560233184, 18.18303536090834], [78.54016379400503, 18.18266888767126], [78.53676610291326, 18.18670533120184], [78.53234386984597, 18.1844819589835], [78.52706067169429, 18.1855586030825], [78.52189631760048, 18.18237890319799], [78.51998758884787, 18.17288363069899], [78.51584056796393, 18.16639570045819], [78.51208898873686, 18.17034722516727], [78.50234368415347, 18.17550833774326], [78.49819692812048, 18.16628571915868], [78.49227168228846, 18.15855598788746], [78.49147045786297, 18.15554284494227], [78.48377731782408, 18.14831583279083], [78.48329767600946, 18.14164925704862], [78.49153278434271, 18.13565224987573], [78.49152229546486, 18.13252885753972], [78.48475625268729, 18.13037263853634], [78.47983278537664, 18.12604599782004], [78.47179531918272, 18.12755647033258], [78.46883339384705, 18.12555324447523], [78.46487365042134, 18.1244987265279], [78.4625699187993, 18.12194116136293], [78.4581875655644, 18.12062939351523], [78.45014406257083, 18.12453006243441], [78.44155360334422, 18.13008367896163], [78.44628871974544, 18.14057431728622], [78.44572727574523, 18.14497116707168], [78.4409977481565, 18.1559447938149], [78.4346913167923, 18.16217992825509], [78.43309978948228, 18.16291484282789], [78.42709218434196, 18.15651571888863], [78.42476775608645, 18.15635768313946], [78.42255100013745, 18.15185255213793], [78.421368462802, 18.14123317352559], [78.41859281195762, 18.13862550759129], [78.41831179144505, 18.13704538294875], [78.41459747016494, 18.13515159062052], [78.41186560313571, 18.13067299401986], [78.40762623651635, 18.12926213518226], [78.40339160960411, 18.12962751786589], [78.40004929694284, 18.13096878249889], [78.39661471045657, 18.12901863691927], [78.38966363301718, 18.1287876498741], [78.38692142475975, 18.12707908824244], [78.38452631240638, 18.12344863888858], [78.37508344957291, 18.13505239195328], [78.375778400488, 18.14158131023937], [78.37439802630524, 18.14462289432939], [78.36703950851647, 18.14529098751677], [78.36317986776119, 18.14677113620139], [78.36615551581546, 18.15092285722928], [78.36538086447, 18.15476134824463], [78.35781400620594, 18.17182896021369], [78.3378408810536, 18.18009353916817], [78.33614086619828, 18.18288765629176], [78.33749129247327, 18.1860514087423], [78.33729599334276, 18.18874772962071], [78.33625902143035, 18.18929763448907], [78.33579098306508, 18.19186004703825], [78.33246604885984, 18.19619686945144], [78.31268790785924, 18.20235032964715], [78.31380905536948, 18.17903609389566], [78.29770331976114, 18.16190414486725], [78.29014743702398, 18.1586082452242], [78.27778963085916, 18.14313589908334], [78.25695389894712, 18.13957838921665], [78.24865952662026, 18.155409989526], [78.2415740964127, 18.1585625299462], [78.2379178871498, 18.1619724308703], [78.23602157968647, 18.16486310828965], [78.22949607658892, 18.17064254058279], [78.22751256521788, 18.17532654617934], [78.21638517289176, 18.1754838343121], [78.22178244334496, 18.18259655555684], [78.21994838172391, 18.19634384785669], [78.2173815521352, 18.2076154573905]]]}}, {"type": "Feature", "properties": {"dtname": "Medchal-Malkajgiri", "stname": "Telangana", "_state": "TG"}, "geometry": {"type": "Polygon", "coordinates": [[[78.47213139388356, 17.69127401776615], [78.4598100912184, 17.69778901530972], [78.45794504444746, 17.70521709023519], [78.44858668689317, 17.70793488212253], [78.44489307176337, 17.70030867842051], [78.44569850137798, 17.69815997952594], [78.44339357783207, 17.69576429248795], [78.43711669481308, 17.69342517382107], [78.43622887687572, 17.69128721930965], [78.43058231531786, 17.68644933505776], [78.42747548698583, 17.67963319674251], [78.42114693181064, 17.67155595963075], [78.4143489427234, 17.67130883581027], [78.41239074385442, 17.66963050162571], [78.4099031792231, 17.66984574178945], [78.40038780427767, 17.67366311289123], [78.4006378791827, 17.67497209278739], [78.39529843140714, 17.67592326803499], [78.38820057191462, 17.66102418773521], [78.3837373031843, 17.64634522058058], [78.38119134533372, 17.64238214359448], [78.38500016633971, 17.64030395158791], [78.38698384927763, 17.63781441431142], [78.38683924491686, 17.63678668494622], [78.39207930023555, 17.62568490198568], [78.3905651253167, 17.62135675207601], [78.38728954671897, 17.62080440365305], [78.38046331573467, 17.61722379456315], [78.37777363903346, 17.61482343099228], [78.3752226055558, 17.61572490118461], [78.37176175810195, 17.61574018720058], [78.37141406439129, 17.61476464214201], [78.38688553733516, 17.60664911001833], [78.38826807829219, 17.60478651268748], [78.38967694384621, 17.59959655061677], [78.38893239157697, 17.59430389243189], [78.38370063052771, 17.59551808129159], [78.38461985269157, 17.59158917890544], [78.38217823280502, 17.58806556292792], [78.38225604364511, 17.58434078722912], [78.38045775608897, 17.57625254034703], [78.38096161440065, 17.57062851052386], [78.37871015598218, 17.56785728911511], [78.37675519056008, 17.56251624206628], [78.37512518877361, 17.56373883015333], [78.3736542099133, 17.563344466998], [78.37338474696969, 17.56644790741429], [78.37086493466256, 17.56758925515105], [78.36300195405681, 17.56808036236283], [78.35922235692311, 17.56326342864749], [78.35791745938025, 17.56232799062844], [78.35512136863531, 17.56199244948057], [78.35518211800081, 17.56031114991277], [78.35743009177442, 17.55990865793838], [78.3581272311789, 17.55692711254304], [78.35993460615443, 17.55672830569997], [78.3591291962375, 17.55407977478727], [78.36118335672889, 17.55156392423566], [78.3614300158124, 17.5496855203842], [78.35553309929269, 17.5406876479057], [78.35138465862106, 17.53647722115197], [78.34853292184901, 17.53523221311147], [78.35136217578622, 17.52862791631902], [78.34763586380001, 17.5224728209663], [78.3554682322328, 17.5198750866807], [78.37147536565624, 17.51910405367086], [78.3749526012487, 17.51130760129548], [78.38213769243548, 17.50877470555638], [78.37967090474261, 17.50071113711805], [78.3746074328992, 17.49573694803346], [78.37291233858508, 17.4804057343124], [78.37340485357396, 17.47799180680008], [78.38193855799238, 17.47175565732486], [78.38816034632673, 17.46228147720899], [78.39313147427397, 17.45955896912617], [78.39481690099672, 17.44823114342348], [78.40399296927829, 17.44782870811432], [78.40485567152945, 17.44466750698993], [78.40890283781526, 17.44150597195177], [78.41447142884896, 17.44587856635089], [78.42491890182242, 17.44371976021171], [78.42781011693398, 17.44426784701714], [78.43207256302294, 17.4510463194108], [78.44624233088588, 17.45107019637853], [78.45003694276045, 17.44857458021532], [78.45204562872749, 17.44522539174217], [78.45400677137735, 17.44463380868535], [78.45757242688377, 17.44783307726149], [78.4604130387029, 17.44645854891942], [78.46370701885634, 17.44906730393359], [78.46402191105062, 17.45732209214841], [78.46287539722039, 17.46748899410944], [78.46365123957627, 17.47264647797083], [78.46543878333988, 17.47472067631064], [78.47184147132167, 17.47744928091869], [78.47491160683637, 17.48127649779847], [78.47713120101031, 17.4826088979297], [78.48007491016858, 17.48270450131727], [78.48275936022294, 17.4759250923417], [78.47950799659749, 17.47139546729726], [78.4779049350593, 17.47151595028429], [78.47645724505014, 17.47057374820788], [78.47590526076283, 17.46343767720174], [78.47643044552063, 17.46228970834236], [78.48544304126598, 17.45625775250335], [78.48838615477108, 17.45636233932735], [78.49388968854895, 17.45899124893332], [78.49577318406102, 17.46599450943103], [78.49716504171671, 17.46763523852083], [78.50044432560667, 17.46666679093926], [78.5031669015799, 17.46716697841398], [78.50471451871586, 17.46851921378709], [78.50387495447302, 17.47089699985701], [78.4994959301085, 17.47297650350897], [78.498033313134, 17.47456788051522], [78.49766206287343, 17.47956514784276], [78.50031233321937, 17.4830217857613], [78.50149410300979, 17.48171257463547], [78.50501990696303, 17.48016761571463], [78.50782497609629, 17.47999027626575], [78.51306199262656, 17.48066766662767], [78.51828206540819, 17.48256551096723], [78.52231720269037, 17.48235423474488], [78.52308651480683, 17.48128081650966], [78.52284922346546, 17.47583994842303], [78.52155133747162, 17.47488888082735], [78.51793863979788, 17.47434891556845], [78.51764648959924, 17.4736433319131], [78.51949928974763, 17.47118280577335], [78.52021095075924, 17.46834539143346], [78.51864912336306, 17.46229751879877], [78.52060593804195, 17.45790264423029], [78.51779261879919, 17.44072264607613], [78.5313722549069, 17.43698713783971], [78.54164333983248, 17.44285550387158], [78.54385387668128, 17.4431877596153], [78.54548587598754, 17.44059841653427], [78.54737803528127, 17.44120802222024], [78.54898250999008, 17.43759211194908], [78.54585768178816, 17.43337482352008], [78.54517073550564, 17.42904861060298], [78.54344030931632, 17.42685791577028], [78.53682826506281, 17.42204049014151], [78.53022998814212, 17.42528033574758], [78.52637437938307, 17.42200261523653], [78.52779342234008, 17.41999445664584], [78.52699746996696, 17.41274834021144], [78.53335692053474, 17.41121996629637], [78.53507929695671, 17.40524025141767], [78.53477659572475, 17.40395332614868], [78.52316736573778, 17.40616266866942], [78.52334535099135, 17.40380734992625], [78.52221338873882, 17.40257152988915], [78.52223699512966, 17.40186598662706], [78.52312360638864, 17.40174754401062], [78.5253177420301, 17.40367604185176], [78.52779502164553, 17.40132511068282], [78.52806891301009, 17.39609166164065], [78.52675557796452, 17.38054764807764], [78.52907465730173, 17.37939344905244], [78.5303298487272, 17.37691098501231], [78.52789111941836, 17.37412542089494], [78.52920334491358, 17.37145181365842], [78.53257850383272, 17.36919509167118], [78.53542466677334, 17.37133741155163], [78.536271885843, 17.37089761230897], [78.53698727073991, 17.37217309623644], [78.54079945525869, 17.37142593289688], [78.54495167928883, 17.37294260855003], [78.54988150012677, 17.37250851597539], [78.55263883562134, 17.37081993424143], [78.55625706653946, 17.36587008643475], [78.55685389204616, 17.3612227805681], [78.56319807663998, 17.36057509429828], [78.57135947913117, 17.36090232416341], [78.58156851693582, 17.36371652549941], [78.57568563800011, 17.36870507237224], [78.57428241070427, 17.36774740384532], [78.57437350503147, 17.37238741539306], [78.57210572375294, 17.37795574498632], [78.57167377663268, 17.38262710736372], [78.57729843485322, 17.38290861143306], [78.5784837388206, 17.38401350126976], [78.57808409985843, 17.38924138676894], [78.5789288789448, 17.38954292761887], [78.58231500611521, 17.38951917286819], [78.59093867003996, 17.38748495284744], [78.61340992181091, 17.38710625008037], [78.6275423973284, 17.38511019491378], [78.63528888359701, 17.38313880441401], [78.64053215837684, 17.38341974031192], [78.64419962228096, 17.3850116325581], [78.6476896184944, 17.38545794636685], [78.65171877396654, 17.38465192656455], [78.65888464031184, 17.37877255070958], [78.66217135230353, 17.378289904387], [78.66969104441615, 17.38087765687716], [78.6724094885942, 17.38276393328599], [78.6742767382774, 17.3860445313763], [78.67374873667656, 17.39421957418712], [78.67526377320415, 17.39842850293992], [78.68108178509112, 17.40331179059924], [78.68677003057392, 17.40495175568149], [78.69256253895368, 17.40345467100735], [78.69853506548954, 17.39514485506671], [78.70198396475575, 17.39393501226405], [78.70528804121155, 17.39465913390014], [78.70972152419648, 17.39908687695618], [78.71319194529013, 17.40069851420172], [78.71874503772199, 17.40011200573381], [78.72294631149526, 17.39590126105583], [78.72616460742864, 17.38839966579135], [78.7285272897259, 17.38540793297642], [78.73158275113938, 17.38497656847294], [78.73383313747706, 17.38608042018642], [78.73754435356159, 17.38603885936991], [78.73755358449615, 17.39236915109976], [78.74087772578135, 17.39979829067704], [78.74243169658918, 17.40086919183507], [78.74905473960105, 17.40123570656463], [78.75156313125707, 17.40354876016245], [78.7547552533672, 17.40471883898932], [78.75596512524771, 17.4175110660161], [78.75719328571999, 17.41923931044795], [78.75944338517256, 17.42682667313656], [78.75886621610925, 17.43029902692986], [78.75267100650662, 17.43414591474087], [78.75139757078166, 17.43593045562766], [78.7511127234909, 17.43829290815798], [78.75197749656638, 17.44380256362508], [78.75850215933472, 17.4538439130129], [78.7606734498609, 17.46028185103335], [78.75765682443114, 17.46257688162224], [78.75701261497943, 17.46191156286871], [78.75703800708557, 17.46276174850225], [78.75435382432279, 17.465303491604], [78.75141627020992, 17.47140588552422], [78.74756302137034, 17.47029370368495], [78.72914100085245, 17.47148443437204], [78.72532868610972, 17.47055297025365], [78.71950976764965, 17.47165288792291], [78.71692125381213, 17.46824473297777], [78.70915020781844, 17.47626848201772], [78.70960232625497, 17.48456002278142], [78.70649526686594, 17.48480969330891], [78.7089299220803, 17.50197522147939], [78.70742373341308, 17.50541236222098], [78.71219892090518, 17.51245140833057], [78.71235979953987, 17.52065450259811], [78.70497219712102, 17.53082414607304], [78.70053072162716, 17.53516338641664], [78.7009548841689, 17.53979226721175], [78.69795487909401, 17.54162517333635], [78.69495352144999, 17.55128437814235], [78.70561831835602, 17.55758639525075], [78.6992170136653, 17.5586899510622], [78.68906463007816, 17.5622617253674], [78.68800379873768, 17.56535429840254], [78.67651324231645, 17.57590393036451], [78.6784838214394, 17.57742170447322], [78.68153011345987, 17.57779583165678], [78.69132537776547, 17.58444833049993], [78.69148423106346, 17.58869510215279], [78.69306864936574, 17.59221688921984], [78.68656580696974, 17.59500107569589], [78.69093848281399, 17.60136327278006], [78.69771429682406, 17.60583763695479], [78.69781636874653, 17.60858735116559], [78.69975321077722, 17.60765427427803], [78.7018590431387, 17.61142002126523], [78.7015889307831, 17.61208692114827], [78.70000068148818, 17.61150838521667], [78.69824973099014, 17.61222603359475], [78.69548086698795, 17.61596871342201], [78.69021447176512, 17.62007000080715], [78.68760062139461, 17.620784698931], [78.68541217096633, 17.61985291275334], [78.68525792418622, 17.6217458873913], [78.7009485744242, 17.63154931629097], [78.6962507113381, 17.6373734555504], [78.70332186020478, 17.63755063371726], [78.71122608839023, 17.63997245042999], [78.7099289951475, 17.64414355002403], [78.7112951727998, 17.65205322972996], [78.71825644779172, 17.65711617020586], [78.72240119179968, 17.666522729192], [78.7237828256371, 17.66810304011684], [78.71797543757805, 17.66937919475576], [78.71277072467012, 17.67591816644528], [78.70841807401848, 17.68415506775238], [78.70517310028761, 17.68622557253785], [78.68522773427877, 17.68824970093594], [78.68584266523425, 17.69316009761005], [78.66945296931361, 17.69818764592419], [78.66638022616229, 17.6953990152963], [78.65906652173261, 17.69722134987462], [78.65015499470633, 17.67640221365515], [78.63934067965296, 17.67194558197706], [78.6379456241151, 17.6703601353954], [78.63406837495945, 17.66894740523402], [78.62332664800357, 17.67226655675213], [78.61688559703374, 17.67215563405139], [78.6139492113957, 17.67982444872368], [78.60531440935044, 17.68611799317527], [78.60002138589219, 17.6886795930606], [78.60006452377594, 17.69299294446449], [78.59568997886966, 17.6937180202049], [78.59547459569552, 17.69549734695372], [78.5926278240539, 17.69673775903609], [78.58759077197443, 17.69621803223397], [78.58187991628004, 17.69708459374915], [78.5751464764543, 17.69545074604439], [78.57186420417645, 17.69011351719487], [78.57228052029895, 17.68711080949163], [78.57399355317689, 17.68652949213258], [78.57395301002857, 17.68489257600929], [78.56398461203564, 17.68373554510864], [78.5601410275193, 17.68418440850889], [78.55351439374427, 17.6865834999707], [78.55458284766577, 17.68822980367046], [78.53589014267293, 17.69638627012383], [78.52148757261885, 17.69617199180706], [78.5188960584008, 17.70198896465271], [78.5137181311362, 17.69488823749912], [78.51011110033835, 17.68826313225983], [78.50882270928211, 17.68368942382109], [78.50170183020612, 17.68593313095969], [78.49642882924037, 17.68547676957269], [78.49364697948191, 17.68815878528737], [78.4943002717655, 17.69485147097945], [78.47996989317484, 17.69405633900483], [78.47147912585903, 17.6900380868427], [78.47213139388356, 17.69127401776615]]]}}, {"type": "Feature", "properties": {"dtname": "Mulugu", "stname": "Telangana", "_state": "TG"}, "geometry": {"type": "Polygon", "coordinates": [[[80.50160366989839, 18.62157218457761], [80.48972870357045, 18.63049690794598], [80.48743577907993, 18.63109459351885], [80.4837576731603, 18.62941182502914], [80.47916576310087, 18.62873230789754], [80.47751508137571, 18.62584215471552], [80.47404213240686, 18.62617830384237], [80.46519465874944, 18.62394224686459], [80.4581607758695, 18.62890993070292], [80.45641259834623, 18.62938956907874], [80.45363554851578, 18.62866794725968], [80.44898594762044, 18.62570657350666], [80.44212404685004, 18.62323822305702], [80.43039003635643, 18.61645712753544], [80.42791575143848, 18.61299760565259], [80.42656537781932, 18.61281729932525], [80.42541917881955, 18.61415021306794], [80.4224061264751, 18.61511765738628], [80.42104603946312, 18.61399321918121], [80.42000269719402, 18.61039774778097], [80.40914349299412, 18.60979470174258], [80.39585334811171, 18.60493157567669], [80.39415205241896, 18.600608775848], [80.38845240241346, 18.59665664293375], [80.37827185587317, 18.60890794606625], [80.3751591601884, 18.61065621213868], [80.36755979502941, 18.60819862709497], [80.36346664188498, 18.60414193707854], [80.36214519614212, 18.59914575989206], [80.35645107236375, 18.59508423081344], [80.35408718964378, 18.59423473969004], [80.34812289525696, 18.59413921977306], [80.34400385324614, 18.59830622669258], [80.3028160438103, 18.58884153960923], [80.26773983716835, 18.58984151976283], [80.24902392612047, 18.57297883485466], [80.24848678346524, 18.57027402633666], [80.24103326661287, 18.56435568461783], [80.22950879688936, 18.5532635408342], [80.22439999148855, 18.42729464832463], [80.22312384303497, 18.41921409083542], [80.21751924812156, 18.40601741496763], [80.21671491339022, 18.38948768323924], [80.17261391168677, 18.34939467527876], [80.16725026483662, 18.35353901336047], [80.1445118956154, 18.37468588800682], [80.14245863896997, 18.37949474371822], [80.14562803597637, 18.38292509658466], [80.14929736019133, 18.4006301782264], [80.15080719093156, 18.41393951223869], [80.12362776371765, 18.42588547464577], [80.0985784668322, 18.43169596181514], [80.08094797308155, 18.42113436742888], [80.07728086387625, 18.39633429914646], [80.07915279882866, 18.39301688109495], [80.07889159070466, 18.39126766015694], [80.07421706818614, 18.38831688350668], [80.05728094581957, 18.40159870966513], [80.04231743399544, 18.40429646588099], [80.00222635530326, 18.39118947872329], [79.99016936013572, 18.38647527938544], [79.9395272569164, 18.39636211388037], [79.92229876057017, 18.40615023100991], [79.91842055994796, 18.40487749274541], [79.90786768252578, 18.39934060060212], [79.89093717829864, 18.39927961356186], [79.89249499919292, 18.39604878094322], [79.89234418075303, 18.39278141116556], [79.89428788019386, 18.39174768094338], [79.89459131482825, 18.39005851684142], [79.89589693309993, 18.38875643190963], [79.89528118725559, 18.38279016085411], [79.89745971558028, 18.38081271007846], [79.8970281438642, 18.3795417984596], [79.89879213944009, 18.37690329753361], [79.89959561108903, 18.37108557995605], [79.9030349555834, 18.36995198726142], [79.90962889426523, 18.37098692496651], [79.91519598382808, 18.36571544497259], [79.91678819498952, 18.36182921961108], [79.9201962452699, 18.35675494405918], [79.92542152615329, 18.35162221914816], [79.93915479047187, 18.34637623672965], [79.9492198553569, 18.34461297447961], [79.95390455662333, 18.33950070603603], [79.9445530332011, 18.31838769767874], [79.93160620084767, 18.31584584012047], [79.92287146833861, 18.31775202412419], [79.91663928847557, 18.31815094458173], [79.90466075426116, 18.31781977150525], [79.89590097653053, 18.31854537256485], [79.89293907314465, 18.31704582195688], [79.89348478072522, 18.31498666196836], [79.89557457429413, 18.31239886065916], [79.89284752484012, 18.30691889362413], [79.89180582380116, 18.30568682617603], [79.88801518246878, 18.30454183572857], [79.88262973546415, 18.30054070403761], [79.8820330840365, 18.29924667042554], [79.88261029241447, 18.29473394626147], [79.88817523246304, 18.28813427218655], [79.88920598826031, 18.28529031751627], [79.88768408038779, 18.28336093893585], [79.881478525796, 18.28311266256571], [79.87229158877136, 18.27737400980276], [79.86867911680828, 18.27105946873041], [79.86675557600483, 18.26615526783979], [79.86656765638645, 18.26285128182473], [79.86483136684711, 18.26004443013273], [79.86056894773525, 18.25887491248085], [79.85699146624084, 18.25939294582859], [79.85670611230024, 18.25843404725165], [79.85341973145147, 18.25963078410934], [79.8574166242912, 18.25091204813159], [79.85414116640789, 18.24021016480363], [79.84322523741149, 18.22206459711365], [79.84416369775609, 18.21436235750782], [79.8444621208954, 18.21280872454166], [79.86307831450813, 18.20285944041949], [79.83872710729507, 18.18874904377158], [79.8363473460682, 18.18639172635087], [79.84429982089193, 18.15821605706141], [79.85869256173703, 18.1502333302811], [79.84072724357823, 18.13113421642049], [79.83535022124671, 18.12776867450246], [79.82946950926981, 18.12246721616214], [79.82410134393812, 18.11255275621527], [79.81976074674013, 18.11309946678856], [79.81584946736463, 18.10029233181723], [79.81622989637485, 18.09692204398173], [79.81449418386336, 18.09189530317129], [79.8232235847193, 18.09438619560652], [79.82333898362545, 18.09380361275089], [79.82704699381098, 18.09431243343352], [79.82722950201493, 18.09348142114597], [79.83100788546149, 18.09275200234561], [79.83722453516224, 18.0949001038118], [79.84959025990564, 18.09403411594318], [79.86294101324478, 18.09540300200716], [79.86384025409085, 18.09353907364287], [79.88715242258145, 18.09819889563798], [79.88449314209356, 18.085721819434], [79.89054296489896, 18.08538221063947], [79.89327997304652, 18.08359574430796], [79.90753855340222, 18.0846751325145], [79.93633001080849, 18.08360486231859], [79.95076024258731, 18.08591568485511], [79.95389179640381, 18.08817447739013], [79.95779628901084, 18.08947690518195], [79.96510021904783, 18.10060876627786], [79.97544656361144, 18.10723275697525], [79.97947977364107, 18.11191117828513], [79.9918928252868, 18.10754351637762], [80.00297707610731, 18.11072866533792], [80.0147581583085, 18.1151033370817], [80.01806656777, 18.11702708716801], [80.02837159633248, 18.11641279106563], [80.03138447112525, 18.1154883255367], [80.0361913755695, 18.11541744185309], [80.0545884351418, 18.08540211466166], [80.07625061936348, 18.07450422375697], [80.07740989600951, 18.07158241916522], [80.07938738698044, 18.07050606787528], [80.08907772011264, 18.07332249327406], [80.09561524744561, 18.07903859881356], [80.10072696822839, 18.0819451256833], [80.10748474099073, 18.08185378812838], [80.11317711667795, 18.08277704733275], [80.14488735296173, 18.0948538588423], [80.1494770480747, 18.08378866809467], [80.16415539261381, 18.08071176464412], [80.17222551807845, 18.07561721026696], [80.18577528811348, 18.06253535937641], [80.23303774605624, 18.03991103962765], [80.23749682431315, 18.03712328374063], [80.24754622337586, 18.02937975863854], [80.25883493768224, 18.01589241617364], [80.26797807188495, 18.00989580889402], [80.27678850826292, 18.00125442595325], [80.28117046833249, 17.99826687831349], [80.28547866501145, 17.99789159665598], [80.29446957286859, 18.00045851302664], [80.30456894183044, 18.0000476704329], [80.31617838075539, 17.99596545581876], [80.32200957490538, 17.99865724700762], [80.33122637875103, 18.0082464922518], [80.34112251271608, 18.01423365962627], [80.3464902539132, 18.03662356206264], [80.35068257990305, 18.04049990269324], [80.35688976392595, 18.04823716531472], [80.3919240556014, 18.08165725978579], [80.43127155326721, 18.06004289761807], [80.43251364160083, 18.06167485211329], [80.43339279164992, 18.060848046646], [80.43605309163387, 18.06050085357842], [80.4366147069703, 18.06248511958504], [80.4431819581293, 18.06459303383867], [80.44537376922493, 18.06698896297624], [80.45105409618996, 18.06437807922173], [80.45571398253016, 18.06023015075343], [80.45918655520624, 18.06134714993362], [80.45879417650868, 18.06245436052295], [80.45953122917638, 18.06285674534309], [80.46969033094312, 18.0612223213758], [80.47197293888989, 18.05832109112748], [80.47447224458962, 18.06024214721369], [80.4771278082647, 18.05946965311088], [80.48233467732162, 18.0597820088279], [80.48943184490308, 18.0551227305772], [80.49197387490334, 18.05470704915935], [80.49642949557467, 18.05099657356349], [80.49939662665395, 18.05067039530813], [80.50469316360386, 18.05155168353345], [80.5055530621439, 18.05218888310919], [80.5059405672434, 18.05417749289983], [80.51399628260845, 18.05183147860888], [80.51679362652492, 18.05535655498779], [80.51714354349076, 18.05789189687798], [80.5249493437002, 18.05959054724127], [80.52644783913922, 18.06445342815122], [80.52724166855042, 18.06466571548925], [80.53476809480678, 18.06087272049596], [80.53585389733986, 18.0556433588696], [80.5378950170011, 18.05515496723798], [80.5437251665524, 18.05395157282506], [80.5489000808119, 18.05850622420152], [80.55850125002678, 18.05888347976706], [80.55861877107871, 18.0567682309265], [80.55959648948446, 18.05566522775034], [80.56583172147911, 18.05093136686118], [80.57391254423685, 18.0547387504776], [80.57688730520421, 18.06178364492805], [80.58276613245765, 18.06380169355901], [80.5856544922067, 18.06236186540642], [80.58846109066718, 18.06646601076954], [80.59175098441773, 18.06905429120656], [80.59235703361192, 18.07166635543759], [80.60032242107452, 18.07798104925531], [80.60488214569416, 18.08621789020598], [80.60781314115394, 18.08832255465474], [80.60892200887496, 18.09364139038143], [80.61367184688918, 18.10245187300622], [80.61562494890006, 18.10465181639076], [80.61434068156818, 18.11474434843337], [80.61643657904774, 18.11839945299199], [80.61947227465855, 18.11277559258163], [80.62368317506832, 18.11251112736646], [80.6350808004417, 18.10943097731213], [80.6431222791764, 18.12538380719734], [80.63104156030018, 18.12593836339938], [80.62337708083999, 18.1292963228456], [80.63226444801114, 18.14236195248337], [80.63818593722408, 18.13624700294125], [80.64235605030649, 18.13750522977193], [80.65020965542875, 18.13438595247771], [80.65124108246273, 18.13574108621997], [80.65483751393732, 18.13487532291664], [80.65714187937168, 18.14372246264043], [80.6470167800764, 18.15645144287272], [80.6501421723035, 18.15727188154128], [80.65529694517362, 18.15381090258246], [80.6553573493048, 18.15841607388987], [80.6598885494879, 18.16141346285558], [80.67336159611925, 18.18248527327957], [80.67888616078227, 18.17462625962192], [80.68004345785948, 18.16847011890125], [80.68159611590706, 18.16552677475311], [80.68612780482562, 18.16339879632817], [80.69204202166704, 18.16354273757916], [80.6940445188639, 18.16151173804041], [80.69613559979727, 18.1583192153747], [80.70424791132744, 18.13587776816561], [80.70740618679555, 18.13208753475792], [80.71454694081451, 18.12655326261948], [80.72267351070174, 18.11137334820873], [80.73110850422036, 18.10217186230439], [80.73665053455453, 18.09304549255831], [80.74462840801186, 18.08229370881578], [80.74717649276498, 18.07937116294355], [80.75024557679517, 18.07875844680769], [80.75307130748764, 18.0770345618768], [80.75498642908003, 18.07376058551786], [80.75474691791398, 18.08230651767484], [80.75307711919204, 18.09121519548177], [80.75118919130506, 18.09731969656028], [80.74868390773378, 18.10158915097348], [80.74936895028878, 18.11561362795474], [80.74873756791048, 18.12941860486823], [80.74928484830245, 18.13181461637163], [80.75219642963413, 18.13634666370577], [80.7529655322693, 18.1401566348784], [80.75199855623426, 18.14910178365266], [80.75278759162556, 18.16182884104319], [80.75419140630218, 18.1687088151909], [80.74496541049406, 18.17032735614696], [80.73682022900341, 18.17732507556756], [80.73770633385699, 18.1806535199091], [80.73720230669439, 18.22209291649253], [80.7656550897142, 18.23637188123645], [80.776775523382, 18.24284686457926], [80.78455147966575, 18.24522681471251], [80.79265306864978, 18.24945428083064], [80.79424167259742, 18.25247644340016], [80.79415183525849, 18.25962872008115], [80.79186452629118, 18.26273659742407], [80.78983105771921, 18.26411577186025], [80.78420746552565, 18.26470861899615], [80.78062974962296, 18.26604735338737], [80.7770913061323, 18.27244165068011], [80.7754789530718, 18.2782047383376], [80.76914332638025, 18.28763171023046], [80.76550312655534, 18.28883458650533], [80.76186280269656, 18.28823235228472], [80.75949482654715, 18.28986520348813], [80.75683189473453, 18.29506108231044], [80.7587441613306, 18.29930424874222], [80.75772383677052, 18.3019079280891], [80.74936862303588, 18.30765403636969], [80.7487237365308, 18.3089247304431], [80.74913102993936, 18.31452912993178], [80.74777517669985, 18.31645714657508], [80.74765361782296, 18.3299623373226], [80.74603426027706, 18.33144112565811], [80.74402610050731, 18.33796982008063], [80.74214459346426, 18.34109795144769], [80.73696071548567, 18.34652006011002], [80.7314978263863, 18.35491326602846], [80.72689919365905, 18.36912547952788], [80.72732173266411, 18.37195401200212], [80.73022955730983, 18.37592243257891], [80.72940162779184, 18.37883825761473], [80.72698686631918, 18.38158721132836], [80.72276362161051, 18.38455853357776], [80.71967596781683, 18.39079511808427], [80.72067027228583, 18.39231410397202], [80.72949715042421, 18.39832730426879], [80.7321727645439, 18.40122169997814], [80.73487357466934, 18.41284051294428], [80.73041912652371, 18.4145806409618], [80.72286321092167, 18.41517947643409], [80.72083160500802, 18.41103644341208], [80.71827240498344, 18.4097288682118], [80.69895283355476, 18.4214303970132], [80.69620397498598, 18.4247338728548], [80.69824337885872, 18.43755632297637], [80.70531358640166, 18.43986202233861], [80.70171857330824, 18.4445897474472], [80.6957574422296, 18.4445666022321], [80.68806232693085, 18.44735939598764], [80.6861041011043, 18.45825963949848], [80.67873207647644, 18.46076899570023], [80.67333943182369, 18.46655967452971], [80.6690628023788, 18.46775367498318], [80.65530846550007, 18.47586259932574], [80.65129802541458, 18.48589827432708], [80.64577004286834, 18.49150431493457], [80.64193707310515, 18.49846674608962], [80.6372056877293, 18.50434577325287], [80.63684949073, 18.50701691606649], [80.63901933937457, 18.50860931295887], [80.64093853469295, 18.51150845989535], [80.63986425610763, 18.51295714738696], [80.63952814129364, 18.51716936183952], [80.63756920797549, 18.52252929605071], [80.6337222412709, 18.52140517323192], [80.63109140015398, 18.52190183311674], [80.62276477165068, 18.52856285126595], [80.61849902471772, 18.52767065137359], [80.61064050541994, 18.54237469701534], [80.60711179269045, 18.54700065045105], [80.59991204559533, 18.55303707944867], [80.59828420720709, 18.55321357671028], [80.59096328961694, 18.55790306920093], [80.57140974573976, 18.56467883587854], [80.56749282395971, 18.57124721078924], [80.56274577204964, 18.57416582093268], [80.55643148476919, 18.57973582525678], [80.54228353554471, 18.58691224535859], [80.53856196653955, 18.58812004469634], [80.53450809609801, 18.58835321402646], [80.5352506730224, 18.59073890650147], [80.53073690475505, 18.59893497262606], [80.52813469414342, 18.60266285313227], [80.51928874321901, 18.60864588123302], [80.5185149618233, 18.61131861649121], [80.518832005454, 18.6143079370015], [80.51466073815516, 18.61933249968122], [80.50160366989839, 18.62157218457761]]]}}, {"type": "Feature", "properties": {"dtname": "Nagarkurnool", "stname": "Telangana", "_state": "TG"}, "geometry": {"type": "Polygon", "coordinates": [[[78.6595064179615, 16.77868610156725], [78.67552431322882, 16.78481208947703], [78.68308363191703, 16.78880692707267], [78.68377602667256, 16.79315454079383], [78.6818936256089, 16.80737524421909], [78.68254640090595, 16.81143769091777], [78.67618958323351, 16.82404174050628], [78.6666829170307, 16.83240794247528], [78.66527902054816, 16.82329657747636], [78.66718606279579, 16.81463882386968], [78.66779482545574, 16.80723623978617], [78.66729551062734, 16.80387616436767], [78.66246844907016, 16.79937074307518], [78.65233251558958, 16.79277039315824], [78.65011005666008, 16.7894451391676], [78.64575948566511, 16.78677959591668], [78.64483218090761, 16.78503478240568], [78.6391214260492, 16.78175580282731], [78.63295103759698, 16.77645546264934], [78.62916073508062, 16.77762514481435], [78.62353417476847, 16.78182226461298], [78.61595097409587, 16.78391696384018], [78.61634327538184, 16.79003495203443], [78.61614755824839, 16.7918467222277], [78.61531864574486, 16.79211525494005], [78.61586702593912, 16.79417331716637], [78.6018786052979, 16.79437450793209], [78.59078608889537, 16.79612033797439], [78.58719152405602, 16.79931267601938], [78.5841614750026, 16.799488800074], [78.58171445101141, 16.80294911775355], [78.57056035178967, 16.80612250934374], [78.56651667232312, 16.81244446816446], [78.56671123052307, 16.81463058217448], [78.56038015736566, 16.81812308105541], [78.5535167774961, 16.81891521483386], [78.55050429679373, 16.81822726704617], [78.54736712017045, 16.82017022301988], [78.54485492974193, 16.82016977753091], [78.54334299442422, 16.81921965322748], [78.5368406297253, 16.82146167785679], [78.52961660706431, 16.81649701102863], [78.5262558515751, 16.81590045687103], [78.52137746641698, 16.81820230152352], [78.52141102260329, 16.819070958281], [78.51914029345302, 16.82073680285033], [78.51638040649277, 16.82063403645142], [78.51403079058393, 16.82174274913864], [78.48268990068506, 16.82098178930749], [78.48028685895618, 16.81720077891375], [78.47855916797538, 16.81717523530816], [78.47337140207604, 16.80063661500886], [78.47342471124564, 16.78723210524652], [78.47254707066982, 16.78536954151636], [78.4715802754515, 16.77758136548939], [78.47433340327154, 16.77783379316395], [78.48567950683439, 16.76919948480882], [78.48813624896543, 16.76812821867018], [78.49371763025079, 16.75938449838713], [78.48698693988085, 16.75102638079953], [78.46520424697718, 16.75216212972252], [78.46493914318074, 16.74237254230989], [78.46585520934947, 16.73455720229846], [78.46437444542379, 16.73068062672895], [78.4545822516313, 16.72086738114242], [78.45248939196097, 16.72037688893904], [78.4472212095385, 16.7151701703044], [78.44284030872886, 16.70773770311509], [78.43986296072468, 16.70657368110147], [78.43406582825993, 16.70715052023054], [78.43033242606886, 16.70559452906814], [78.42730564342078, 16.68815268577096], [78.42431267145975, 16.68004135690518], [78.40491357826913, 16.67393072399355], [78.4037368706393, 16.66544337162164], [78.40374615110802, 16.65794476064433], [78.40509001895263, 16.65775453097975], [78.40481405642696, 16.65547235384955], [78.3992729982025, 16.6563582776816], [78.39687306817835, 16.65878588034746], [78.39019941729775, 16.66114388328672], [78.38617702021894, 16.66127573038296], [78.38293754472244, 16.6597238327241], [78.3784986081845, 16.66063378296782], [78.37283048986671, 16.65891728726352], [78.3687205204165, 16.65629809028558], [78.36758322400146, 16.6543147149066], [78.3661573363962, 16.64472114871307], [78.35188385221124, 16.65221170838724], [78.34286576767896, 16.658271255552], [78.3338019495617, 16.65561916353708], [78.32912583132752, 16.65591515453215], [78.3266510488383, 16.6612221225396], [78.32194179572934, 16.66831531322289], [78.32128127756418, 16.67331535186586], [78.3190635995112, 16.67698308401021], [78.3197091522736, 16.67971242365347], [78.31698113839911, 16.68452823114102], [78.30783146143273, 16.68868988395302], [78.29822878037612, 16.69010115063482], [78.29781801868467, 16.69284671682509], [78.29546996571436, 16.69677973190443], [78.28531873519755, 16.70227331219714], [78.28200577569942, 16.70559009238936], [78.27742289931251, 16.70747792207102], [78.26712649181606, 16.70954080574758], [78.26374413001362, 16.71272994245873], [78.26306596106302, 16.7170781912683], [78.25947500163085, 16.72167614028123], [78.23503732725915, 16.7420405440771], [78.23378203265484, 16.7389562436632], [78.22977043239938, 16.74125620128523], [78.2235598189614, 16.74130728651463], [78.22278715856758, 16.73668138340299], [78.21829500484387, 16.7314229942229], [78.21658476492418, 16.72670552787035], [78.2134575386833, 16.72236618822402], [78.21236668540907, 16.71645686348296], [78.21169254055825, 16.71632298088703], [78.21156562001441, 16.71067724681155], [78.2101912227837, 16.71101970702242], [78.20814200097391, 16.70723920466425], [78.19826542191242, 16.70100404905327], [78.18814104941758, 16.70435854307267], [78.1824422758584, 16.70368587227557], [78.18128167346954, 16.71379055509824], [78.18323815360628, 16.72342731859531], [78.18315120837207, 16.73083456886523], [78.17373409409237, 16.72978637010599], [78.17048225631748, 16.73010803821434], [78.16295899237865, 16.72887213124442], [78.16072572217793, 16.72444244288901], [78.15750393269865, 16.71394584171937], [78.1580621834298, 16.71001262031555], [78.15537515250264, 16.70074300905214], [78.15443151059618, 16.69880592125533], [78.15317886913635, 16.69917196091787], [78.144585054498, 16.68786481877008], [78.14445831355641, 16.68236379488571], [78.14232475546629, 16.68145360786484], [78.1426979298917, 16.67888879944923], [78.14175265232019, 16.67828135609641], [78.14188185464168, 16.6753202905674], [78.14029065087765, 16.67456994770316], [78.14024175118563, 16.66887064265378], [78.13943442124709, 16.66769933817509], [78.14006119577965, 16.66080901590134], [78.15077933669204, 16.64766252314605], [78.150218481095, 16.64591048368634], [78.14088458654761, 16.63511052422456], [78.1349263629513, 16.63081533580838], [78.13023971353128, 16.62574728940868], [78.12953618999201, 16.61362271656292], [78.12740584657682, 16.60939260487355], [78.12778126975017, 16.60703586675773], [78.12563372293191, 16.59994717404047], [78.1261519753084, 16.59351688114164], [78.1228932933704, 16.5856242353561], [78.11615590492745, 16.57300657650044], [78.11853652929592, 16.57315553907236], [78.11961855481275, 16.56315399588848], [78.12224878150568, 16.56282161272604], [78.1229960512468, 16.56346773086224], [78.12261572065063, 16.55221040786365], [78.11639569150725, 16.54420744583146], [78.11230586228343, 16.54079194833152], [78.1111164871565, 16.53755373953241], [78.10852362688964, 16.52941031559799], [78.10677630414263, 16.51534679982593], [78.10421067703358, 16.50538107633502], [78.10414976280656, 16.50073984935864], [78.10306868986511, 16.49904053853142], [78.10366691061625, 16.49532944019084], [78.10258943571847, 16.49141390333605], [78.09989305233593, 16.48722681212042], [78.12397357543831, 16.4744536439445], [78.12493486138324, 16.47169629451747], [78.13123578893112, 16.46966359626791], [78.13009331634758, 16.46643037588025], [78.1335946997177, 16.46526645562503], [78.14783601261693, 16.45611199781787], [78.15644596089432, 16.453760357145], [78.16220971301406, 16.45348022203105], [78.1760314349542, 16.44952977954816], [78.19251993473677, 16.45035203494277], [78.1958518786746, 16.44636734522331], [78.20077293118321, 16.44718961647679], [78.20085999497184, 16.43929793516396], [78.19850449203749, 16.43270506029157], [78.19900719866149, 16.42736433792026], [78.20166640080139, 16.41671889294165], [78.20139294938951, 16.40920782881898], [78.20977233082967, 16.40953816811486], [78.22220937585858, 16.4123495778456], [78.2302330675001, 16.41756468035691], [78.23317113043271, 16.41838324817896], [78.24679866540511, 16.4155025517512], [78.25814587454114, 16.40787949770759], [78.26284442121016, 16.40180042082831], [78.26453435158707, 16.40070556750807], [78.27398540029287, 16.3994661547542], [78.27751077103996, 16.40348343535817], [78.28147824772923, 16.39985225615992], [78.28536448337508, 16.40053971563175], [78.2887349737601, 16.39998683145515], [78.29661328968938, 16.39270555087364], [78.30302324103924, 16.39142859525803], [78.30964526098715, 16.38834908428752], [78.31420451395375, 16.38154386886418], [78.31481109415107, 16.37923427616517], [78.31472806925575, 16.36809331969517], [78.31358389096867, 16.3626855536614], [78.31194052870804, 16.36005885322412], [78.30860757004062, 16.34841391826717], [78.304502116471, 16.34899556440646], [78.30348258718844, 16.35010676207941], [78.30147763599065, 16.3475756748586], [78.30095577440443, 16.34522283998351], [78.29866628373235, 16.34173900456288], [78.29727424276872, 16.33383188033794], [78.29544583086512, 16.33271375791525], [78.29171543275403, 16.33287846514491], [78.29092436240605, 16.3319836676614], [78.2906401672637, 16.33017153458304], [78.29234351947782, 16.32947917147768], [78.29281320438075, 16.32601034697931], [78.28866257945072, 16.32607110510864], [78.28121628880099, 16.32887455174064], [78.26368139720962, 16.33281528917997], [78.25910909237815, 16.31303749940977], [78.25838339466743, 16.30598744867225], [78.2596189814936, 16.3027575387606], [78.25522636416433, 16.29735120002475], [78.25638864119527, 16.28943911935484], [78.25431453970451, 16.2881597731328], [78.24866435284964, 16.29083624280177], [78.2437651422207, 16.29581379348907], [78.23989043490866, 16.29718823406806], [78.23477885991633, 16.29695729170951], [78.22771080390363, 16.30192932304375], [78.221172031084, 16.3036140696039], [78.22190840155567, 16.30636749732348], [78.21889555225202, 16.31297949560042], [78.21782354988807, 16.31982036078082], [78.21330364001636, 16.3214406627698], [78.20950164647417, 16.3184958443658], [78.20794954363951, 16.31985852291755], [78.19427305143302, 16.32062389883911], [78.18978089872392, 16.32185505615637], [78.1887610498154, 16.31654289659825], [78.17990888856023, 16.31133057562745], [78.17403210791447, 16.30923974662068], [78.16849318906877, 16.30829251198544], [78.16274384788015, 16.2962294994586], [78.16193951809474, 16.29216338414064], [78.16186341810567, 16.2795929773727], [78.16422183488474, 16.26705384185826], [78.18156279403928, 16.26296541413506], [78.19787288721712, 16.26047007676128], [78.19884646063481, 16.25970266409147], [78.20039877652012, 16.25184031025205], [78.20126412976354, 16.25071894235215], [78.19925577198921, 16.24827726510349], [78.20061174276144, 16.24157977712575], [78.20004533181513, 16.23553529372015], [78.19247195571641, 16.22775010914063], [78.19632161254417, 16.22401524619204], [78.19986749974375, 16.2218374015463], [78.20082973868703, 16.21437115981375], [78.20026277736622, 16.21241103220497], [78.19665574673968, 16.20859506145342], [78.20212248716285, 16.20423988071254], [78.21119280499892, 16.20074674870493], [78.21028814565324, 16.19600579468088], [78.2108887856453, 16.18293146486054], [78.20918161333674, 16.17999563468473], [78.22718428763572, 16.17458993074554], [78.2264464022867, 16.16304354045713], [78.22177406093101, 16.15505075495072], [78.21494403089774, 16.13738680805399], [78.22412393396229, 16.13465875251688], [78.2253021896936, 16.12986330123137], [78.22890420587227, 16.12424810828999], [78.22924241137692, 16.12169161174329], [78.23689037562298, 16.10594710965557], [78.23507905491651, 16.08965808777952], [78.23299212986615, 16.08518941041034], [78.23265115724872, 16.08268452757439], [78.23360911437027, 16.07870994554145], [78.23203125309419, 16.07636817182263], [78.23219844119784, 16.07402245532343], [78.23028360188432, 16.07048748697679], [78.22864035251435, 16.0595871473322], [78.23123334706263, 16.05577929768597], [78.23376611030561, 16.05436362550588], [78.23990413019703, 16.05304975276788], [78.24288167348037, 16.04912367917049], [78.24784637719983, 16.04731303964909], [78.25113875494726, 16.044887478953], [78.24868210797852, 16.04209777668465], [78.24692394745172, 16.03835652428952], [78.24112108956456, 16.03165919524981], [78.239824201968, 16.02850175225383], [78.24185334807906, 16.02691769903656], [78.24867047291026, 16.02507395257961], [78.25106421204318, 16.02550956098851], [78.2540555508384, 16.02484931322457], [78.25855437815564, 16.02322796287655], [78.26243886913947, 16.0267111721265], [78.27003339707136, 16.02677776582198], [78.28405376537297, 16.02144288427909], [78.29191428469015, 16.01525609979445], [78.29791292878404, 16.01202576723021], [78.30399272846343, 16.01073195378167], [78.31226163075036, 16.01150962251181], [78.31624373393787, 16.0129891419554], [78.32192719763886, 16.01710938768121], [78.32264556807807, 16.02067651202248], [78.32207587863029, 16.02868108095724], [78.32378277124518, 16.03295038386372], [78.32655679654677, 16.03673757006284], [78.33823439688513, 16.04370060416243], [78.34773036413365, 16.04747464155215], [78.35277159867178, 16.04756656381504], [78.36196778395403, 16.04579610029229], [78.36541838820703, 16.04678079044758], [78.37381308661105, 16.05341929396216], [78.38439111655538, 16.06460225332421], [78.38705579838494, 16.06563301022872], [78.39669097319079, 16.06573802904605], [78.39820713495952, 16.06656720378416], [78.40071237679446, 16.07116944263869], [78.4027610196264, 16.07296276542943], [78.41005986429366, 16.07506581857471], [78.41933795361076, 16.0735831359131], [78.42867009712, 16.07317714057003], [78.434514787895, 16.07120336145924], [78.44047468017114, 16.074328085489], [78.44265042215487, 16.07428139441596], [78.45901663905092, 16.07176210488025], [78.46585416650062, 16.06919096646883], [78.4766198995501, 16.06808191539825], [78.49865029514916, 16.05997340245525], [78.50395697529211, 16.05929528191805], [78.52292454842713, 16.05369278592867], [78.53150255182531, 16.0499824929304], [78.54205145748607, 16.04416863716714], [78.54752810021775, 16.04278987783772], [78.55176090080046, 16.04280177283706], [78.55763297452201, 16.04496801656937], [78.56259304500595, 16.04857310148637], [78.57027333024202, 16.05240188698777], [78.58241162245254, 16.06154470881675], [78.58693539796401, 16.06343558239435], [78.59238646702363, 16.06910236191946], [78.59624927589907, 16.07796614686168], [78.60163270960724, 16.08392614179474], [78.60996205473339, 16.08712605553644], [78.62097527809794, 16.08804728197733], [78.63242831349669, 16.08649768433261], [78.65022139440784, 16.07880643857629], [78.65042071844012, 16.07199187043791], [78.65534282467019, 16.06838020114783], [78.66814348339295, 16.05449716039631], [78.67261996060962, 16.04586965257191], [78.68119228148907, 16.03478967625064], [78.69936656723551, 16.027147399203], [78.70535464463353, 16.02643385423501], [78.71555634357706, 16.02211008940856], [78.72357139606576, 16.02011954550217], [78.72911180087726, 16.01347642469908], [78.73549591729788, 16.0081518480176], [78.74090660853466, 16.00866276418589], [78.75100129791086, 16.01573451646705], [78.7566073936441, 16.01691603847372], [78.76718852513841, 16.01660483593239], [78.77695356914374, 16.01979188485176], [78.78314578283211, 16.0202899921871], [78.79071230664988, 16.02357162099619], [78.79605834902831, 16.02840459752569], [78.80120673861296, 16.03776340349061], [78.80838753682245, 16.04251573755988], [78.81614393864432, 16.04561705161972], [78.819404607691, 16.04830252779099], [78.82372741007106, 16.05371009173378], [78.82765253515386, 16.06081959583566], [78.83705844571944, 16.07037395021336], [78.84170866487786, 16.08260439472767], [78.84261834720148, 16.0901694538813], [78.84181452601875, 16.10012277059373], [78.83925494747716, 16.11354957123105], [78.83304242640394, 16.13732332999002], [78.8328349650866, 16.14195324474776], [78.83467033724651, 16.14516096279818], [78.84818987679908, 16.14850525454024], [78.85469681451325, 16.14880919614772], [78.86678518049966, 16.14645130195039], [78.870638886018, 16.14501549061784], [78.8728808252788, 16.14325525928571], [78.8765100921563, 16.13553065715649], [78.87939427093134, 16.11760557279066], [78.88698493045153, 16.0984815434782], [78.88877820465574, 16.0919911779391], [78.88922044892638, 16.0847893994216], [78.89240881103319, 16.0844744125714], [78.8955997042134, 16.08557959947344], [78.9061072259808, 16.09483157586465], [78.9145806076669, 16.09823764384735], [78.92043608877896, 16.10199932354816], [78.92202711649738, 16.10431334156748], [78.92161745290389, 16.122822836048], [78.92438444530465, 16.13083552166517], [78.92427957415929, 16.13577837999948], [78.92250030659868, 16.14003029357515], [78.91652239835695, 16.14615497822136], [78.91468601422514, 16.14932095825521], [78.91054303292312, 16.16407097091265], [78.9043382587754, 16.17556238219402], [78.90368763597873, 16.1784657124729], [78.90488773815332, 16.182875631458], [78.91106347489144, 16.1884264981156], [78.92017654358926, 16.19195922209859], [78.92699188607743, 16.19663239418473], [78.93761864737331, 16.20119773200059], [78.94895614361286, 16.20353798558615], [78.96026909066221, 16.20907066540672], [78.96773824113053, 16.21112393231114], [78.97269029855869, 16.21120044117415], [78.9811640858768, 16.20985469259865], [78.98571691391633, 16.21071494845012], [78.99861186351872, 16.22571885233887], [79.00950875592252, 16.24021488368257], [79.01396276852358, 16.24125022853921], [79.02917974868552, 16.2417408309848], [79.04801862970078, 16.23867305307114], [79.05858262966406, 16.23519013677976], [79.06775199884875, 16.22900615466182], [79.07211046244322, 16.22707262521771], [79.07575924428086, 16.22745902904457], [79.08127924515037, 16.22999722208827], [79.08410602456236, 16.23012014020284], [79.09442817636982, 16.22428647861136], [79.10157768453723, 16.22282310337813], [79.10337642119384, 16.2233370042169], [79.10863956127393, 16.22848253629096], [79.11429626907606, 16.23094841167573], [79.11972469772513, 16.2319381656023], [79.12377130248045, 16.23101920870692], [79.14600381097505, 16.21396631196135], [79.15514719151555, 16.20967806604966], [79.15875019901294, 16.20919883096748], [79.17018595160096, 16.20990412185346], [79.19187762970068, 16.21704059244905], [79.20627988895916, 16.22090560466289], [79.21536962738743, 16.22616673627693], [79.21945783919472, 16.2317501908254], [79.22135694714001, 16.23634328219272], [79.22342063845984, 16.24665436396896], [79.22380959760194, 16.2589273524549], [79.2249728703617, 16.26658704491476], [79.2245873710312, 16.27119350884994], [79.22972075925402, 16.27972726225655], [79.23048105702924, 16.28311501013941], [79.231482637247, 16.30873849959772], [79.23103938483955, 16.31432611348226], [79.2339261900003, 16.32282824547682], [79.23381023147364, 16.33580358889832], [79.2246066086509, 16.34153313373997], [79.2213746960398, 16.34513197351248], [79.21433021442088, 16.34935443964594], [79.21059445308134, 16.35617474806374], [79.20356417363054, 16.36241411242183], [79.20155340203428, 16.36257369889427], [79.19466742731373, 16.35895387650455], [79.19085758767136, 16.35984851867718], [79.18111491900038, 16.36737292444423], [79.17698468219709, 16.36710748706891], [79.17184907756054, 16.36796188783341], [79.16631018514194, 16.37303790752915], [79.16597497195733, 16.37689373045117], [79.16417279525287, 16.37874132573974], [79.16186508676532, 16.37982583723199], [79.1566440389091, 16.38010940077895], [79.15479170994405, 16.38103843306929], [79.15291470152408, 16.38491163279671], [79.15242129711304, 16.39130826412801], [79.15327822173869, 16.39688132683785], [79.15169372601997, 16.39974325786945], [79.14906878536914, 16.39989386393371], [79.14529860594564, 16.39827779091602], [79.14297240094221, 16.39859760090004], [79.13507367051413, 16.40386121998056], [79.12602646097464, 16.40509183525808], [79.12246166903697, 16.40628988517323], [79.11655678901981, 16.41109990136929], [79.11144505672128, 16.4196960287313], [79.10986756836155, 16.42078023266425], [79.10402481922712, 16.42132981680045], [79.09850095434625, 16.42052450262547], [79.09154402461252, 16.42158199231856], [79.08373650288303, 16.42819210608131], [79.0777814015341, 16.43714360574762], [79.0730619661499, 16.44235391802165], [79.06977150527644, 16.44437154208136], [79.06397529615721, 16.44484340211248], [79.05890280080861, 16.4469799448648], [79.04630305907438, 16.45869849452385], [79.02898112556893, 16.46547183788396], [79.02200802624753, 16.47218043452448], [79.0051897911037, 16.4802534028954], [78.99452657936128, 16.48813355723717], [78.98588474938038, 16.49334566399217], [78.97525197123515, 16.4964852269461], [78.96760343227788, 16.49742514017363], [78.95690400062303, 16.50303718023178], [78.94452411239855, 16.5076234167654], [78.93929406895974, 16.51034386172938], [78.93348332443863, 16.5153349231184], [78.92666159825218, 16.51946799735849], [78.92252815404827, 16.52335858843196], [78.91830818560437, 16.53452101535386], [78.9121367205726, 16.53988873387473], [78.91167827035618, 16.54792218274865], [78.91039598437713, 16.55110113806975], [78.89651823623684, 16.54966251819305], [78.88766224482596, 16.54656973647816], [78.88356752245214, 16.54727579401084], [78.8777028209533, 16.54482491811413], [78.86994340528383, 16.54357146312516], [78.86559516835815, 16.54432047362415], [78.85682958185306, 16.55072484883259], [78.85565603487463, 16.55087856576333], [78.8451902680571, 16.5463377976164], [78.83599401409019, 16.54366078701097], [78.83032617469365, 16.53963626962339], [78.81226862112227, 16.52377676418411], [78.80916774702933, 16.51850564145173], [78.80367288295626, 16.51632250967205], [78.80067853568117, 16.51396478904468], [78.79420519284837, 16.51598886356575], [78.78913014483676, 16.51516103745333], [78.78615391152192, 16.51749293431318], [78.77892021158267, 16.52630402295121], [78.77469070891453, 16.53010050753439], [78.7652660915545, 16.53333438535948], [78.75641781706759, 16.53498507227995], [78.73356864460378, 16.53712533850939], [78.72428643520043, 16.53952630333819], [78.71817931220039, 16.53976458519372], [78.69512783278743, 16.53622299580967], [78.68389251047465, 16.53732569000343], [78.68159031355994, 16.53630193249011], [78.67980333377635, 16.53126626408261], [78.67751633606959, 16.53114713823602], [78.67699347321265, 16.53242260667149], [78.67550071783138, 16.53311535277769], [78.672299622526, 16.52941981164805], [78.66927938086651, 16.53607393959662], [78.66375547448416, 16.54115960746374], [78.6618843314664, 16.54621796091704], [78.66761315910351, 16.55090336488245], [78.67115425569462, 16.55234502291512], [78.67945466354494, 16.55484513511654], [78.67987749157602, 16.55222103873508], [78.68405307754006, 16.55454080366543], [78.69070854357653, 16.56104712340344], [78.69813805445948, 16.56295114140107], [78.70138249437944, 16.56457515472277], [78.70376427122744, 16.56823612212812], [78.70896462027933, 16.57242744905812], [78.71623230270417, 16.5819276492303], [78.70878283406945, 16.59349742179067], [78.70704221108498, 16.595101905602], [78.70398843034035, 16.60546030942788], [78.69805873918345, 16.61274592764097], [78.70006225616982, 16.61525494297734], [78.69850503814632, 16.61884180541769], [78.69196842241115, 16.62062248299751], [78.69175849922256, 16.62254284275924], [78.67990465025217, 16.62405168433713], [78.67715497237026, 16.63327702773465], [78.67760648457029, 16.63569150698014], [78.67451173985931, 16.63908411370354], [78.67365523954204, 16.64190796519226], [78.67042599454224, 16.64510936332984], [78.66735692691832, 16.65177201061589], [78.69335705771914, 16.65135707114318], [78.70780677801991, 16.6493448012348], [78.71348253434, 16.65049616282271], [78.7072557753517, 16.66610120645808], [78.71008701077257, 16.67830012970348], [78.71758588668227, 16.68445967142191], [78.72559307372512, 16.68842075818763], [78.73430707273825, 16.69733064385533], [78.74084498162141, 16.70669246749132], [78.75474292594436, 16.70539151844743], [78.75555288854031, 16.70613987437689], [78.75704878655097, 16.71582152339762], [78.75666802470899, 16.71855004599152], [78.75955112940677, 16.73062645424277], [78.75761577437066, 16.73718191038377], [78.75726098800685, 16.7475899686624], [78.75442963378366, 16.75140192057401], [78.74576502164528, 16.75398540720759], [78.73849677693387, 16.75735326059045], [78.73357981051397, 16.75813106303925], [78.72873426830976, 16.75720429174015], [78.72634857543848, 16.75575523761638], [78.72600597877096, 16.75261372744634], [78.72133279425977, 16.75186461840394], [78.71561123686733, 16.75182117810083], [78.70989474794298, 16.75587042057243], [78.70548986797904, 16.75658412113748], [78.70299509748894, 16.7578474964532], [78.69752570171029, 16.75433682440342], [78.69605188475538, 16.75430622999837], [78.69617492055993, 16.76550507848196], [78.69219595955565, 16.76478845727674], [78.68376423440736, 16.76792754905697], [78.6801723324166, 16.7669697279603], [78.67785435458285, 16.76737495247676], [78.67690232621298, 16.76524573993504], [78.67496151829276, 16.76495776213104], [78.67235235433911, 16.7628369244002], [78.66455406681894, 16.76042689502314], [78.65928690298193, 16.76699785545227], [78.65267760074387, 16.76694958045328], [78.65060271069545, 16.77245813166888], [78.6595064179615, 16.77868610156725]]]}}, {"type": "Feature", "properties": {"dtname": "Nalgonda", "stname": "Telangana", "_state": "TG"}, "geometry": {"type": "Polygon", "coordinates": [[[79.25601318098006, 17.35986554297483], [79.25070411917436, 17.35879905729842], [79.25098507177962, 17.35681573330422], [79.24920355756875, 17.34799684339856], [79.24933546229329, 17.331094765998], [79.25184633538402, 17.32499325542281], [79.248088035245, 17.31542522821944], [79.24362616621079, 17.31552184871093], [79.23743360564366, 17.3173527539567], [79.22892830239708, 17.31792164842727], [79.223890535449, 17.31441892162327], [79.21935653033593, 17.31382199882524], [79.21847621825022, 17.30949400397561], [79.21913194508353, 17.30421663879448], [79.2158720472694, 17.28875094335537], [79.21305703167981, 17.28233574847353], [79.20473030038359, 17.26887385937748], [79.20544691528848, 17.26582151777524], [79.20501028358501, 17.26208842095338], [79.19762709043903, 17.26553873439745], [79.1953813346355, 17.26780395704067], [79.18590705038964, 17.27212278333642], [79.18578075671553, 17.27341522114136], [79.18415311071611, 17.27330117546118], [79.18177566613743, 17.25936402506857], [79.17886818432731, 17.25643400195212], [79.17792566774973, 17.2517300375247], [79.17520749220692, 17.25145993391286], [79.17567629182508, 17.25522043978803], [79.17155164371087, 17.2555519831486], [79.17030125874523, 17.25464887246545], [79.16542627865765, 17.25667579847835], [79.16476721425924, 17.25601601434459], [79.16326746185725, 17.25649496159129], [79.15835895587757, 17.26066030925344], [79.15804080284613, 17.25900786156364], [79.15669608792557, 17.25951939140704], [79.15710792986808, 17.26192304183118], [79.15460422530911, 17.26330899375501], [79.15529151214332, 17.26465629332651], [79.14972451315525, 17.27145344882537], [79.15429439059535, 17.27764096181222], [79.15560739546146, 17.28109932728758], [79.15198067847437, 17.28080059215047], [79.14504061941126, 17.28254265829049], [79.1419721806314, 17.281822258991], [79.13815819767602, 17.28002088103771], [79.13771965015364, 17.27674434521218], [79.13127702322258, 17.27734514592312], [79.12902586023336, 17.2762047636031], [79.12095856882506, 17.27626575341586], [79.11695753260277, 17.27768225518003], [79.11049664269594, 17.26553098526703], [79.10856363060134, 17.26003347199806], [79.10831360018113, 17.25480012950222], [79.10642270065345, 17.25071848476518], [79.10476900183097, 17.24897096062363], [79.10317997854942, 17.24410870683763], [79.10341015986363, 17.24269062147226], [79.08874494176014, 17.24711551609221], [79.08224533869985, 17.25247139468748], [79.07342148928883, 17.25380516197761], [79.06402679752846, 17.25790214723774], [79.05531704464738, 17.25711073802841], [79.04183008893166, 17.2665688478601], [79.03626502858367, 17.26877348758887], [79.00814542936229, 17.27305049285199], [79.0059136151118, 17.27194059010924], [78.99768133073269, 17.27162169331271], [78.99777152251437, 17.27848510429502], [78.98180522507926, 17.27955665088707], [78.98081642345859, 17.27656523526422], [78.98274946923779, 17.27552091536938], [78.98061077615377, 17.26420122751288], [78.98175903637559, 17.2629885547932], [78.98290551542853, 17.25467661285107], [78.98648980654671, 17.25071447928671], [78.98412965299592, 17.24788003690755], [78.98273649425586, 17.24730946290934], [78.97888041120224, 17.24879216619861], [78.97912201604294, 17.24370685197117], [78.97780839716586, 17.23894055152548], [78.97460204443325, 17.23250562591764], [78.97150461273348, 17.21630425947585], [78.97372331787494, 17.21476015328818], [78.95714547111328, 17.19882763065461], [78.96110494304072, 17.19785242451137], [78.96286964052314, 17.19538714130347], [78.96055344748898, 17.19077163147322], [78.96228324742118, 17.18914724510557], [78.96632162765432, 17.1876841067867], [78.9723217774788, 17.18377960392975], [78.9705918006339, 17.17938546029771], [78.97774486201688, 17.17538501039329], [78.97735246249964, 17.17443264922401], [78.9794038038872, 17.17377352579749], [78.97789746464865, 17.16843131312318], [78.98252020021687, 17.16431321423796], [78.98921329391118, 17.16007851049454], [78.99265985249339, 17.15533220051789], [78.98630363024434, 17.14576834031654], [78.9752531671454, 17.13208736377006], [78.97451818281353, 17.12861825560553], [78.97218867183757, 17.12700074009428], [78.95380215036478, 17.13335260507235], [78.95264613822393, 17.13144040364655], [78.95142902896032, 17.13190638742783], [78.95113487838277, 17.12984668755134], [78.94725196129264, 17.12605162630643], [78.9473071105171, 17.12501646264117], [78.95218393099871, 17.12262814552513], [78.94824223845762, 17.11019100761119], [78.9468589690148, 17.10910006964694], [78.94191734230225, 17.10841733016839], [78.93842418354285, 17.10653314998495], [78.93076194526107, 17.09204241165837], [78.93001623609418, 17.0894411994433], [78.93073344574356, 17.08439987497894], [78.92828497151503, 17.08131125885048], [78.91490317158012, 17.09070389390925], [78.91133430261489, 17.09011658830134], [78.90206415688452, 17.07883241476237], [78.9010094995116, 17.07380037757891], [78.90309968275885, 17.07231473311079], [78.90050223037667, 17.06505986096979], [78.89770660262293, 17.06541411418651], [78.8973373439754, 17.06284735557277], [78.89443770165023, 17.05982727851142], [78.89471297749219, 17.04969979695633], [78.89196084948186, 17.0436147351867], [78.88413719420272, 17.04491211313433], [78.88069564027559, 17.04668125952723], [78.87946918558383, 17.05747987183266], [78.87678643213009, 17.05841360128566], [78.87338929703954, 17.06160746464265], [78.86006885589775, 17.0674247596675], [78.84164961564123, 17.07397025944964], [78.84420664902059, 17.06846408126241], [78.83751155070456, 17.05901036264203], [78.83604378114036, 17.05522740081248], [78.8374514978982, 17.04106144973171], [78.83607556036509, 17.03811581863447], [78.83390425690585, 17.0363893814495], [78.82703858139634, 17.03391612982715], [78.82191245635062, 17.03033948074297], [78.81276816857847, 17.03216194508645], [78.80628907705677, 17.03453434577203], [78.79706580306275, 17.03567272324879], [78.7926035497632, 17.04177810933873], [78.78285993976749, 17.040533000125], [78.77660238656097, 17.03148776404514], [78.79638678201256, 17.02559181277433], [78.80749940370409, 17.02333343596233], [78.80980606080573, 17.02347845263552], [78.82502860089271, 17.01932081776006], [78.82267219950062, 17.00570838821346], [78.81633214170881, 17.00071547782864], [78.79896556033924, 16.99967293926648], [78.79260443321152, 16.9912467475364], [78.78905054673874, 16.97619972416655], [78.7787698673913, 16.97925073406056], [78.77705402044545, 16.98093269606371], [78.77407297929868, 16.98218833629602], [78.76526283146269, 16.98149259658726], [78.76244484393105, 16.98183138178875], [78.76070698908666, 16.98385220984644], [78.75703327721239, 16.9847673244913], [78.75390695189388, 16.98436182086558], [78.75279264637624, 16.98177044581944], [78.75317216793161, 16.97447911137782], [78.75636465466687, 16.96951722104681], [78.74172119241929, 16.97118301573603], [78.7318492157117, 16.9731543131015], [78.72561133424973, 16.97180445164313], [78.71870945826585, 16.96853143154294], [78.71154074601007, 16.96880594699371], [78.70729094526143, 16.96744506862668], [78.70210602335818, 16.96455227955319], [78.70396346773572, 16.95512987306095], [78.70386313652766, 16.9496479179975], [78.70142481008827, 16.94445831484597], [78.69694529613093, 16.94208236690681], [78.69583002568459, 16.93559689356589], [78.70186061960034, 16.9353223819369], [78.70754875636818, 16.93395031832062], [78.71008065735805, 16.93141652455158], [78.71241490302776, 16.93047287749209], [78.71342771885865, 16.92861817342496], [78.71545069965153, 16.92883416563032], [78.71673999538227, 16.92757419283746], [78.72956477561621, 16.9230187621798], [78.73787468943668, 16.91892717607564], [78.74115861488161, 16.91839359364468], [78.74328118932067, 16.91691426408147], [78.74285871148767, 16.91582531781096], [78.74530974693575, 16.91490948811527], [78.7450069944653, 16.9119810898476], [78.74147240680306, 16.90955039973349], [78.7355040367115, 16.90193954503774], [78.73161357086487, 16.89993093808821], [78.72888272328021, 16.8948793160519], [78.72775885159801, 16.88926662986456], [78.72824667303001, 16.87471748886903], [78.72669031087834, 16.86967563469839], [78.72795036072421, 16.8690122885716], [78.73028312491546, 16.86446860233486], [78.74980253151988, 16.85458012121057], [78.75202827211386, 16.86241438858161], [78.76005445096392, 16.87097337197735], [78.76787184967117, 16.87664050641084], [78.77198208429614, 16.88248976220635], [78.77359523785488, 16.87689504638945], [78.78084275187804, 16.86826620016467], [78.78126891822122, 16.85979462673167], [78.77883195686034, 16.85058525658291], [78.77565997851504, 16.8438255977229], [78.7865604399475, 16.84105557643511], [78.78902346295855, 16.83970507815043], [78.78953731716206, 16.83894495094593], [78.78753415916458, 16.83167477721078], [78.80210579924926, 16.82619283981156], [78.79782065092017, 16.80745803906599], [78.79525785253826, 16.81224941997406], [78.79177777754951, 16.80204131467205], [78.79313888382329, 16.78962892932262], [78.79515707831557, 16.78534419407073], [78.78925845098303, 16.76121878573602], [78.78285869440396, 16.75114509243126], [78.7808094045523, 16.74607679487138], [78.76158833693512, 16.74870634587568], [78.75726098800685, 16.7475899686624], [78.75761577437066, 16.73718191038377], [78.75955112940677, 16.73062645424277], [78.75666802470899, 16.71855004599152], [78.75704878655097, 16.71582152339762], [78.75555288854031, 16.70613987437689], [78.75474292594436, 16.70539151844743], [78.74084498162141, 16.70669246749132], [78.73430707273825, 16.69733064385533], [78.72559307372512, 16.68842075818763], [78.71758588668227, 16.68445967142191], [78.71008701077257, 16.67830012970348], [78.7072557753517, 16.66610120645808], [78.71348253434, 16.65049616282271], [78.70780677801991, 16.6493448012348], [78.69335705771914, 16.65135707114318], [78.66735692691832, 16.65177201061589], [78.67042599454224, 16.64510936332984], [78.67365523954204, 16.64190796519226], [78.67451173985931, 16.63908411370354], [78.67760648457029, 16.63569150698014], [78.67715497237026, 16.63327702773465], [78.67990465025217, 16.62405168433713], [78.69175849922256, 16.62254284275924], [78.69196842241115, 16.62062248299751], [78.69850503814632, 16.61884180541769], [78.70006225616982, 16.61525494297734], [78.69805873918345, 16.61274592764097], [78.70398843034035, 16.60546030942788], [78.70704221108498, 16.595101905602], [78.70878283406945, 16.59349742179067], [78.71623230270417, 16.5819276492303], [78.70896462027933, 16.57242744905812], [78.70376427122744, 16.56823612212812], [78.70138249437944, 16.56457515472277], [78.69813805445948, 16.56295114140107], [78.69070854357653, 16.56104712340344], [78.68405307754006, 16.55454080366543], [78.67987749157602, 16.55222103873508], [78.67945466354494, 16.55484513511654], [78.67115425569462, 16.55234502291512], [78.66761315910351, 16.55090336488245], [78.6618843314664, 16.54621796091704], [78.66375547448416, 16.54115960746374], [78.66927938086651, 16.53607393959662], [78.672299622526, 16.52941981164805], [78.67550071783138, 16.53311535277769], [78.67699347321265, 16.53242260667149], [78.67751633606959, 16.53114713823602], [78.67980333377635, 16.53126626408261], [78.68159031355994, 16.53630193249011], [78.68389251047465, 16.53732569000343], [78.69512783278743, 16.53622299580967], [78.71817931220039, 16.53976458519372], [78.72428643520043, 16.53952630333819], [78.73356864460378, 16.53712533850939], [78.75641781706759, 16.53498507227995], [78.7652660915545, 16.53333438535948], [78.77469070891453, 16.53010050753439], [78.77892021158267, 16.52630402295121], [78.78615391152192, 16.51749293431318], [78.78913014483676, 16.51516103745333], [78.79420519284837, 16.51598886356575], [78.80067853568117, 16.51396478904468], [78.80367288295626, 16.51632250967205], [78.80916774702933, 16.51850564145173], [78.81226862112227, 16.52377676418411], [78.83032617469365, 16.53963626962339], [78.83599401409019, 16.54366078701097], [78.8451902680571, 16.5463377976164], [78.85565603487463, 16.55087856576333], [78.85682958185306, 16.55072484883259], [78.86559516835815, 16.54432047362415], [78.86994340528383, 16.54357146312516], [78.8777028209533, 16.54482491811413], [78.88356752245214, 16.54727579401084], [78.88766224482596, 16.54656973647816], [78.89651823623684, 16.54966251819305], [78.90938944533822, 16.55147801334398], [78.91109279659395, 16.55017014616019], [78.91167827035618, 16.54792218274865], [78.9121367205726, 16.53988873387473], [78.91830818560437, 16.53452101535386], [78.92252815404827, 16.52335858843196], [78.92666159825218, 16.51946799735849], [78.93348332443863, 16.5153349231184], [78.93929406895974, 16.51034386172938], [78.94452411239855, 16.5076234167654], [78.95690400062303, 16.50303718023178], [78.96760343227788, 16.49742514017363], [78.97525197123515, 16.4964852269461], [78.98588474938038, 16.49334566399217], [78.99452657936128, 16.48813355723717], [79.0051897911037, 16.4802534028954], [79.02200802624753, 16.47218043452448], [79.02898112556893, 16.46547183788396], [79.04630305907438, 16.45869849452385], [79.05890280080861, 16.4469799448648], [79.06397529615721, 16.44484340211248], [79.06977150527644, 16.44437154208136], [79.0730619661499, 16.44235391802165], [79.0777814015341, 16.43714360574762], [79.08373650288303, 16.42819210608131], [79.09154402461252, 16.42158199231856], [79.09850095434625, 16.42052450262547], [79.10402481922712, 16.42132981680045], [79.10986756836155, 16.42078023266425], [79.11144505672128, 16.4196960287313], [79.11655678901981, 16.41109990136929], [79.12246166903697, 16.40628988517323], [79.12602646097464, 16.40509183525808], [79.13507367051413, 16.40386121998056], [79.14297240094221, 16.39859760090004], [79.14529860594564, 16.39827779091602], [79.14906878536914, 16.39989386393371], [79.15169372601997, 16.39974325786945], [79.15327822173869, 16.39688132683785], [79.15242129711304, 16.39130826412801], [79.15358284067652, 16.38243282657907], [79.1566440389091, 16.38010940077895], [79.16186508676532, 16.37982583723199], [79.16417279525287, 16.37874132573974], [79.16597497195733, 16.37689373045117], [79.16631018514194, 16.37303790752915], [79.17184907756054, 16.36796188783341], [79.17698468219709, 16.36710748706891], [79.18053706479718, 16.36761810187407], [79.19031214290209, 16.36015723349529], [79.1938939754708, 16.35903049750246], [79.20155340203428, 16.36257369889427], [79.20311295760324, 16.36264655001572], [79.21059445308134, 16.35617474806374], [79.21035525426318, 16.36124343085422], [79.21196137520639, 16.36494833886381], [79.2124258607546, 16.37347217552275], [79.20843840934475, 16.37929138555703], [79.20772336884814, 16.38475063359654], [79.20894156256564, 16.39478510343351], [79.20982710054263, 16.42493499695494], [79.21156453535845, 16.44738761424769], [79.21407191420444, 16.45098488366452], [79.21795296878258, 16.45381701844617], [79.2317594646833, 16.45760863340997], [79.2333569170175, 16.45920113770197], [79.2185098916654, 16.47562011206851], [79.21569176243075, 16.48009866062384], [79.21448071290932, 16.48468194030718], [79.21672375139588, 16.49947586290805], [79.21998091377428, 16.51263858818231], [79.22724153857494, 16.52377646320003], [79.23077064133201, 16.52616755300718], [79.24125396299497, 16.52916517008886], [79.24477237951538, 16.53180916434647], [79.24609630615247, 16.53596436752433], [79.24759278625633, 16.53806263578207], [79.25027359187088, 16.54715105178581], [79.25221811010147, 16.55925160260764], [79.25683795713252, 16.56581855739803], [79.25906790356215, 16.56692154823777], [79.26163776375444, 16.56692295917698], [79.28136336461635, 16.56060587049363], [79.29102222964907, 16.56157467749533], [79.2955152660878, 16.5630112899397], [79.30823614561552, 16.57414552559096], [79.31463235316221, 16.57423560657895], [79.32643245556693, 16.57645847915856], [79.33721407012679, 16.58204446156795], [79.34011357882234, 16.58263922111528], [79.34517700548058, 16.58213316694599], [79.35006785564627, 16.57982602087092], [79.35369164603024, 16.57926674289923], [79.3767691152368, 16.58275494485407], [79.39681613715577, 16.57978459777149], [79.418640014174, 16.58024518769058], [79.42638603760032, 16.58484328998421], [79.43305140233555, 16.59074723515932], [79.43690495546286, 16.60673604899215], [79.43913724043698, 16.61291154607226], [79.44024334576578, 16.61481651889035], [79.4440496058535, 16.61792897806354], [79.4504549091764, 16.62099089758995], [79.45957845844316, 16.62365882534726], [79.47692703213922, 16.62241349032072], [79.48333113370079, 16.62309555196553], [79.48615545203495, 16.62484116933003], [79.49401303304585, 16.63304181817402], [79.50384507774912, 16.63591930043388], [79.51037138520697, 16.63574180074246], [79.52336361169834, 16.63144213541384], [79.52942360934411, 16.63064226912999], [79.53305479921202, 16.6305774504435], [79.54209094156919, 16.63224652871977], [79.55996620082233, 16.64257908750118], [79.575629482465, 16.64978445142658], [79.5847100677057, 16.65934375900377], [79.59218234909774, 16.66988169444274], [79.59617282282348, 16.67244492519324], [79.5989234508818, 16.67322542845214], [79.6063220611578, 16.67130745163362], [79.62148984418957, 16.66317589045685], [79.63127973425797, 16.66038500144691], [79.63499730565054, 16.66106499840206], [79.65110116069992, 16.67261721466573], [79.65733538046238, 16.68175493120336], [79.66218508870502, 16.68664942089742], [79.67370275554289, 16.69048891705531], [79.67914790126001, 16.69340442954762], [79.69982933842527, 16.71845203142654], [79.6886756426624, 16.72259303616293], [79.67445852088859, 16.72407140027007], [79.6680601593116, 16.73333561292504], [79.66885599059275, 16.74273641194299], [79.67087054591747, 16.74808530944192], [79.67051211648698, 16.75072499653059], [79.67345160406164, 16.75605939122252], [79.67414754739237, 16.76360551567594], [79.67350763887138, 16.77965315127232], [79.66646537438, 16.80308784777139], [79.66585299330723, 16.81467638473826], [79.66832948984099, 16.82867377114317], [79.6679472508082, 16.84135747215533], [79.66641828925184, 16.8453537029871], [79.66305386711184, 16.85024727141034], [79.64831328159208, 16.86309999846451], [79.64583915137285, 16.86613355394464], [79.64500709334202, 16.8684817966576], [79.64473698191036, 16.87660733603407], [79.64177669327114, 16.88768405486515], [79.63381167111095, 16.90130001128814], [79.62650532474915, 16.90701340765991], [79.62233285978301, 16.91250885850565], [79.61907727942356, 16.91778646109572], [79.61681986651128, 16.92358367080057], [79.61414018195707, 16.93966713050146], [79.6146947256709, 16.96158855387868], [79.61661242833765, 16.96985403050397], [79.61558893426367, 16.98432073302497], [79.60980019035297, 16.99555222633005], [79.60546695679868, 16.99970799246822], [79.60331246869332, 17.0135818478823], [79.59900950995923, 17.02641550086982], [79.59831515199458, 17.03127839492694], [79.60116358904729, 17.04468480421436], [79.59946228120033, 17.04973780609344], [79.59593303147135, 17.05357563992821], [79.5928447212167, 17.05963561692142], [79.5924565601365, 17.0632742082684], [79.59393569882332, 17.07490663427428], [79.5921091899562, 17.08355403691039], [79.58845695816376, 17.08840405332196], [79.58288178560419, 17.10124973418977], [79.57346907492938, 17.11300681780632], [79.56916143348231, 17.12000611876982], [79.5657026847395, 17.1284244027337], [79.56174011824804, 17.14181900797387], [79.55153534786137, 17.15330016295104], [79.53868440361379, 17.16411769674165], [79.533333387736, 17.17140987416063], [79.52536719040245, 17.18616457576477], [79.52447802756137, 17.19092200729705], [79.52526914388602, 17.20311195709942], [79.52429811393218, 17.21297862063046], [79.52074056138459, 17.22634679504058], [79.51974390096807, 17.23329190496962], [79.50231476923345, 17.23102721598476], [79.4984450103496, 17.2328814798427], [79.49396985633695, 17.23337059052953], [79.4956457200219, 17.25068810614344], [79.4930807608611, 17.25719188413301], [79.49564434572198, 17.25926135760592], [79.49718626352787, 17.26235243667718], [79.49466173222298, 17.26828658224567], [79.49103249001513, 17.28219624250032], [79.48643668304531, 17.29450050273217], [79.48429982165959, 17.31272157908679], [79.47477645535456, 17.33088449397385], [79.47098184479631, 17.33451965235232], [79.46189994709691, 17.34086460946611], [79.45370016005471, 17.34501149420575], [79.44799588962381, 17.34641675794732], [79.42471501733668, 17.34543698751805], [79.40848193443719, 17.34791822100141], [79.39954769767735, 17.34843748789789], [79.39053030035024, 17.34699810896988], [79.3813510887772, 17.34423267677052], [79.37380773298607, 17.3435961141677], [79.36589543826561, 17.34489707613841], [79.35327294925304, 17.35219066666534], [79.34342423200845, 17.35603504954154], [79.33223730142173, 17.3591934141372], [79.32548907910035, 17.36016012883297], [79.29533325616967, 17.35680417309975], [79.28858752574307, 17.35734923012286], [79.27604296877367, 17.3598503471109], [79.25601318098006, 17.35986554297483]]]}}, {"type": "Feature", "properties": {"dtname": "Narayanpet", "stname": "Telangana", "_state": "TG"}, "geometry": {"type": "Polygon", "coordinates": [[[77.73311504436121, 17.03170203683369], [77.73288888071932, 17.03242865877371], [77.73402239513297, 17.03366322138812], [77.72755284919656, 17.03844723297784], [77.72139777602445, 17.03878444649667], [77.71458613222624, 17.04023349425769], [77.71163723820132, 17.03279483664865], [77.70584740207015, 17.03019985627335], [77.70413148621817, 17.02651698091874], [77.69981174317506, 17.02621349373544], [77.69224393834598, 17.0241091747266], [77.68831970982681, 17.02105895213621], [77.68726987376449, 17.02063061156012], [77.68671891033712, 17.02153896323944], [77.68563115802642, 17.02069650662109], [77.67649559699532, 17.02788459133534], [77.67339186288736, 17.028175907511], [77.67227490136149, 17.03098065233899], [77.66869583990001, 17.03406212031481], [77.66706466705837, 17.03454181487489], [77.66217438203624, 17.0335111754315], [77.6593911794074, 17.03205853908093], [77.65431489484193, 17.02395843516172], [77.65185206107469, 17.01784126203736], [77.64762319103447, 17.01792896236205], [77.64535791726905, 17.01948399829199], [77.64153676375541, 17.01916466166081], [77.64022244584919, 17.0157064280238], [77.63777568963894, 17.0142245299754], [77.63588006952715, 17.01161630512451], [77.63320663272701, 17.00551348491524], [77.63063918612784, 17.00214241989687], [77.63257435032936, 17.0010945516244], [77.63792048021655, 17.00243105110308], [77.64127345564509, 17.00597632376049], [77.64257210001678, 17.00494450780166], [77.64800926331061, 17.00805358537473], [77.65306835464331, 17.00694860293011], [77.65419864787964, 17.00543524873119], [77.65323179227686, 17.00313222772353], [77.6518506629892, 17.00069035146097], [77.64485257994147, 16.99513829850152], [77.64683128961202, 16.99351414703336], [77.64412317972337, 16.99033008592654], [77.63538642837534, 16.98706487457784], [77.63038712595399, 16.98697491675657], [77.62397704149971, 16.98435558681958], [77.62342450077243, 16.97746034832249], [77.62498165045842, 16.97477685946712], [77.6226709226347, 16.96888446271452], [77.6234594082156, 16.96058710162963], [77.623066813778, 16.95292606264523], [77.61527718643556, 16.94908829999876], [77.60945855981832, 16.94949323258258], [77.60538594827555, 16.9481172519105], [77.60363619928386, 16.9466372045067], [77.60284801948939, 16.93600730261623], [77.59322884965049, 16.93065693641586], [77.59503128923127, 16.92854682906122], [77.59475481626451, 16.92531386433761], [77.59587281435758, 16.9237372378592], [77.59538715329505, 16.9203431475169], [77.59649051875921, 16.91433837492598], [77.58837122066319, 16.91376168238769], [77.58386528635951, 16.91251947706285], [77.58003814494357, 16.90953623741154], [77.57884871528609, 16.90579324252614], [77.56835503491527, 16.90758456475969], [77.56592348420757, 16.91154003083041], [77.55850893277399, 16.90436856816614], [77.55764815611484, 16.90223105004815], [77.55367268085733, 16.90293129685937], [77.54658494980174, 16.90941794616158], [77.54510883059184, 16.91292966214011], [77.54540215670232, 16.91717606251125], [77.54365303436423, 16.91914626026015], [77.54296996070559, 16.92146140632569], [77.54003369026549, 16.92332006774462], [77.53773471370653, 16.93029363911175], [77.53496566273589, 16.93133594579275], [77.53212148122198, 16.93112444387793], [77.5249235315964, 16.92550618629325], [77.51582492228914, 16.93341546909918], [77.5158195841319, 16.93780681987803], [77.51901087029232, 16.94023512476656], [77.5239752737765, 16.94691681463136], [77.52306631137175, 16.94830154832495], [77.52093846237979, 16.94792801893597], [77.50925965459881, 16.9502154787662], [77.50061708730686, 16.94966407118465], [77.4988008075186, 16.95043892581486], [77.46620599396147, 16.95409633765125], [77.46626795569745, 16.95088395439841], [77.46720632631315, 16.9498489093945], [77.46640960618264, 16.94703291568669], [77.4649881360653, 16.94587171519161], [77.46483778869435, 16.94418429392613], [77.4680426276136, 16.94154435031614], [77.4682857832481, 16.93959244108433], [77.46692925034758, 16.93844016877368], [77.46420220470571, 16.92985327344362], [77.46941144376439, 16.92806184178412], [77.46943530286775, 16.91919738376566], [77.46651672356711, 16.915106953046], [77.46261723209886, 16.9171057015406], [77.4592023241787, 16.91731141763931], [77.45842481782005, 16.91490701085943], [77.45401588611173, 16.91389766256876], [77.45470341045387, 16.91036612893444], [77.45791326908672, 16.90950645803058], [77.45645905184773, 16.89992418442746], [77.45735050683608, 16.89939070488948], [77.45734933143814, 16.89659853175985], [77.4583384792611, 16.89409060924343], [77.45589455006053, 16.88533551390329], [77.46035704399519, 16.88475092445224], [77.46001479657015, 16.87468476295581], [77.4624981505168, 16.85606920375372], [77.46405808336105, 16.85059261522821], [77.46316384836564, 16.84440319106929], [77.46009375524147, 16.838017220084], [77.45948304310402, 16.83285482204151], [77.45708296453648, 16.83017983108401], [77.45808972393864, 16.82760692589215], [77.46224934577766, 16.82416245080379], [77.4632383070517, 16.82221021634383], [77.46243704214407, 16.81374360237455], [77.46364246318514, 16.81341779670742], [77.46304217026528, 16.81250464454426], [77.46510953498694, 16.81083733199056], [77.46645933028312, 16.80832467949038], [77.46570300095966, 16.80592136521007], [77.47426176329986, 16.80231657510753], [77.47469330012531, 16.79309940395753], [77.47338741127321, 16.78920991015453], [77.47650134938385, 16.78836806439419], [77.47458910202056, 16.78423506216781], [77.47449802690471, 16.7812402956006], [77.46719478200028, 16.78045291903589], [77.4605724728611, 16.78124184730581], [77.4532283942958, 16.7836846410329], [77.45053128038796, 16.78336478539613], [77.4410717732938, 16.78622345756519], [77.4394988248589, 16.78913162127431], [77.4377203475625, 16.78336793893224], [77.43788176732367, 16.77471114698896], [77.43978506914777, 16.77217590568898], [77.43962443353489, 16.76854788985686], [77.44314910374978, 16.76251056361285], [77.4408562768113, 16.7587611914782], [77.43950344051912, 16.75196152822311], [77.43544287371708, 16.74377123661059], [77.43330414683784, 16.73668776081822], [77.43243000553174, 16.73661224576186], [77.4316858213714, 16.73502548709983], [77.42980066528122, 16.73480001168709], [77.4269556474877, 16.72891170674218], [77.42832021845685, 16.72659641500281], [77.43035978170066, 16.72637451249468], [77.4309650889868, 16.72312440821969], [77.42925815972478, 16.72244708677484], [77.42606788189875, 16.72287375451146], [77.42601204330275, 16.72149145001923], [77.42767285522474, 16.71662853447195], [77.42832718063539, 16.71747876700412], [77.43280471061662, 16.71730140936135], [77.43641812340053, 16.71251567707561], [77.4384620207694, 16.71167922413318], [77.4395967440513, 16.71206293008559], [77.44023017098196, 16.71355825049844], [77.44122782581131, 16.71311592185921], [77.4419783633374, 16.71703175896598], [77.4461316421111, 16.7164923772881], [77.44718446549598, 16.72072787347248], [77.45215999141136, 16.71959506565209], [77.45779418377798, 16.71594228013539], [77.4613306689439, 16.71899515132288], [77.46295715708622, 16.71796886304735], [77.4638110217299, 16.71917485633771], [77.46504376652426, 16.71838817809764], [77.46828844917282, 16.71876630346809], [77.47404962743076, 16.71655883148676], [77.47370002816638, 16.71474096168903], [77.47115827919517, 16.71177942337816], [77.47138904128468, 16.7061978232398], [77.46989230313018, 16.70559921849403], [77.46942321568893, 16.69944162614958], [77.47007450854574, 16.69870035588129], [77.47013395270993, 16.69558731183447], [77.46917569203612, 16.69159819636256], [77.46996140660657, 16.68773481166664], [77.46849032648241, 16.68372938816329], [77.4653710250487, 16.67967324511238], [77.46389752546031, 16.67630312585847], [77.45517449736138, 16.67853874044085], [77.44771655007025, 16.6793095321896], [77.44658085667464, 16.67607022937129], [77.44422748732258, 16.67568689376156], [77.44266438842713, 16.67249572998189], [77.44255200172871, 16.66984519325123], [77.43454802687813, 16.67097644166702], [77.42817011006684, 16.66820002688238], [77.42153711478785, 16.66795306267893], [77.4188604433251, 16.66857230720151], [77.41901231138526, 16.65843734084692], [77.4297217927463, 16.65620293498422], [77.43220067782532, 16.65416911100711], [77.43267794779962, 16.65135415314406], [77.43859566391215, 16.64532974588373], [77.43781251506881, 16.6438841526208], [77.43434231017933, 16.64335619193606], [77.43434356453851, 16.64138205338499], [77.44157971643807, 16.64110295967497], [77.44468170567067, 16.63923282158462], [77.44741009372895, 16.64130577194886], [77.45043809704464, 16.64233035933364], [77.45648582226033, 16.64681019072521], [77.45702130542219, 16.64967903573304], [77.46143232018916, 16.65111860056466], [77.46240372145427, 16.65427140569567], [77.46685601791897, 16.65305011791848], [77.4729071106507, 16.65280203016546], [77.4746872873477, 16.65211464458896], [77.47611067335181, 16.650107109947], [77.47346089196134, 16.64543402197022], [77.47085889819198, 16.64375444276438], [77.47068860016913, 16.64049690369849], [77.46824938268837, 16.63595268311542], [77.46437671100192, 16.63249792105923], [77.46392489873716, 16.62823745041459], [77.45616209058143, 16.6229858704011], [77.45492894761912, 16.62135526246766], [77.45364779146065, 16.61674717020561], [77.45375054508702, 16.61588415567401], [77.45816315924269, 16.61184321487251], [77.45818611767912, 16.61071365435983], [77.46779659288252, 16.60975636096156], [77.4680658172259, 16.60428921476308], [77.4666907022019, 16.60160282521871], [77.4673009085826, 16.59854147340621], [77.46390987720002, 16.59920627343828], [77.46225237041313, 16.59766148433001], [77.46264975656838, 16.59532737511314], [77.46423762444853, 16.59410228332589], [77.4648272452173, 16.59241674367767], [77.46382780617337, 16.58807833627766], [77.46222374078106, 16.58547784240898], [77.46109432873526, 16.58492255748614], [77.43971076246021, 16.58714702889337], [77.43085265372014, 16.57886652791463], [77.428551175833, 16.57365185893097], [77.42563468924631, 16.57218700320306], [77.423757674708, 16.568880956518], [77.4153666534837, 16.56752266442756], [77.41177859128571, 16.57085773695622], [77.40493863237164, 16.57189342390658], [77.40359401729508, 16.57180775010229], [77.4000094752172, 16.56752488881331], [77.39570892576688, 16.56976183096271], [77.39287453023053, 16.56997441671255], [77.39262107559586, 16.56399230027087], [77.39750312970602, 16.56476152046936], [77.39836887849101, 16.55941031899591], [77.39934328468905, 16.55926111697541], [77.39996125992768, 16.55573231163363], [77.40417722051859, 16.55417754294916], [77.40375520129862, 16.55118652548985], [77.40921254992342, 16.55040863092772], [77.41045370670874, 16.54900326692987], [77.4190171409923, 16.5489244301847], [77.4181766897762, 16.52296293695538], [77.41911678817416, 16.52237833990233], [77.41740524527371, 16.52074953434386], [77.41688626597487, 16.51729989047011], [77.40220553354918, 16.52151542236247], [77.39497824585044, 16.51968626174174], [77.39102490398612, 16.51620298411304], [77.3814373914201, 16.51571089397141], [77.37778880650056, 16.51370482785115], [77.37271654143535, 16.50965641839492], [77.37007049297416, 16.5045821043401], [77.3704292697816, 16.50099675504496], [77.36901278896504, 16.48867138105517], [77.35470146000581, 16.4887787475332], [77.35143240283833, 16.49106008769766], [77.34637478758953, 16.49036810183733], [77.34620187717972, 16.48810894507942], [77.3443850691864, 16.4869429530166], [77.3430923908338, 16.48793224484761], [77.32956369042758, 16.48590539922555], [77.32357393015536, 16.4868437398269], [77.3202989503827, 16.49221508177176], [77.29871290946187, 16.49616153853638], [77.29932035753323, 16.48790690940551], [77.294776371721, 16.48034611084751], [77.2939966079764, 16.47667032551408], [77.28181698151225, 16.47524178461195], [77.27306578972302, 16.47301455310904], [77.26499297389869, 16.47251338654232], [77.25072755964898, 16.4749315853165], [77.25044116612492, 16.47607910873023], [77.24581299034067, 16.47773118918839], [77.23976669295793, 16.47624801063489], [77.23582194333483, 16.47283428295732], [77.23968782665509, 16.46939384987393], [77.2410722478752, 16.46661889049885], [77.24440888594347, 16.46331420367266], [77.24801350114831, 16.46194764656535], [77.26207436430197, 16.45183845061863], [77.26895025948134, 16.43046163880555], [77.27828026740235, 16.42217068773406], [77.2879585230117, 16.40864232309229], [77.2974522468496, 16.40689804580237], [77.30430258374658, 16.40172706894127], [77.31393251892922, 16.39800711204862], [77.32981028872105, 16.39647059802273], [77.33341947903982, 16.39536888511307], [77.3388076253168, 16.39229297651516], [77.34633529567346, 16.38562071275982], [77.34971028072653, 16.38363314449337], [77.35583717676924, 16.382635306518], [77.36556315739584, 16.38373857101884], [77.3727663616055, 16.38565460373508], [77.37866391952332, 16.38541070856974], [77.4017044605082, 16.37130307933448], [77.41143870781741, 16.36744765128567], [77.4153371862429, 16.36749668701311], [77.41941332257193, 16.36628954806283], [77.42262391478062, 16.36642445050892], [77.42885388161646, 16.36919275466795], [77.43213540501108, 16.37193003733224], [77.43711249915447, 16.37860674456114], [77.44098388328713, 16.38076536776736], [77.47020453772113, 16.38223198593251], [77.47467419755378, 16.3817690930817], [77.47965047171503, 16.38351531864457], [77.48969095626273, 16.3850147974457], [77.49153472281778, 16.38443544350156], [77.49535213609101, 16.38115763740301], [77.49883362509775, 16.38105791939948], [77.50210610839905, 16.378907493011], [77.51436630451582, 16.37497446598034], [77.51804513083823, 16.37470531289876], [77.52179328738931, 16.37609433908751], [77.52339879980097, 16.37583312201754], [77.5288407592626, 16.36905822272676], [77.53142683459959, 16.36376394367732], [77.53405758105151, 16.36241867877661], [77.5387722751749, 16.35820513117138], [77.54604064674056, 16.35692946256351], [77.55019297433233, 16.35387210074764], [77.55500095558118, 16.34876804927672], [77.55820679098612, 16.34803721985243], [77.56473134326785, 16.34457367243663], [77.5684799220462, 16.34371179822399], [77.5733943219363, 16.3407354759434], [77.59140512314207, 16.34378926271577], [77.59392262328147, 16.34389359722677], [77.59529262161125, 16.3423618404051], [77.59694592897323, 16.3430992784369], [77.6008348049328, 16.34300481225035], [77.61146660618958, 16.35024886462702], [77.62094789830525, 16.35479033134288], [77.6229182071823, 16.35506148071467], [77.62773865674397, 16.35883436139263], [77.63438442664511, 16.36045629059853], [77.63887283593196, 16.36308577376749], [77.64364667572347, 16.36346502143952], [77.65662614937087, 16.36032427504728], [77.65972910796141, 16.36052712028676], [77.66330993452948, 16.36305676385838], [77.66638308303475, 16.36395877782953], [77.67419862015355, 16.36221745562322], [77.67750694836685, 16.36046795116708], [77.67978981431736, 16.3565634576927], [77.68484271481798, 16.35163692146905], [77.68512702139414, 16.3482434855372], [77.69240234703467, 16.34308117896706], [77.70024461239042, 16.34051195265396], [77.70316343222065, 16.33727574016062], [77.70491797189796, 16.33640760142116], [77.71561440918471, 16.33431565479811], [77.71615379371838, 16.35763536012416], [77.71727938874477, 16.36533144751009], [77.71825250573283, 16.36743597160277], [77.72304960305077, 16.36764429558399], [77.73740238472494, 16.36479529411549], [77.73932880378773, 16.36549595883126], [77.73940230104517, 16.36693431601106], [77.73642300791033, 16.36777800285189], [77.73380739787808, 16.36970894464471], [77.7357076502244, 16.37199626590883], [77.74231391459, 16.37437050676279], [77.74485936641395, 16.37678988282456], [77.75056102811209, 16.39730300996874], [77.75100532368099, 16.40360216635656], [77.74673588379096, 16.41380221379792], [77.74553934995798, 16.4187496609496], [77.74619676174471, 16.42355579492492], [77.75040800171841, 16.4310648535764], [77.74870810043863, 16.44314764921426], [77.74604582545118, 16.45133765873411], [77.7430781064523, 16.45485647485716], [77.74040948418694, 16.46087487047442], [77.73941290090409, 16.46634839883514], [77.74376376612122, 16.47110128719918], [77.74870798296233, 16.47411738740133], [77.75550503367499, 16.47354618701506], [77.75939372010134, 16.48028375698008], [77.76775170422813, 16.47963180630392], [77.76835066640955, 16.48106417490613], [77.76789654597873, 16.49457777652293], [77.76580257322478, 16.49885678451902], [77.76380617711028, 16.50015627538517], [77.76253063522505, 16.50322452588129], [77.76341848804378, 16.52339517816848], [77.76447421780875, 16.52604569213707], [77.7606544304232, 16.53336902354412], [77.75309446893162, 16.54221334199461], [77.75290660721292, 16.54629063734236], [77.7509739360475, 16.55036799508687], [77.74973513280527, 16.55008957648853], [77.74957685634513, 16.56650151554347], [77.75481647700376, 16.56743331729411], [77.75851698664111, 16.56539609884657], [77.77767824017452, 16.56514968448166], [77.77859059306844, 16.56530607785019], [77.7790095538224, 16.56723826427733], [77.7806517000106, 16.56718687953343], [77.78544399591031, 16.5744036215106], [77.7874745337161, 16.57442057415101], [77.78767196692719, 16.57643123669591], [77.78116567972914, 16.61567522438806], [77.79889796282278, 16.61634480002395], [77.79743701498495, 16.61991746610373], [77.79813570179944, 16.62816264694801], [77.79704035316313, 16.63312388555131], [77.79518780748462, 16.63514017006658], [77.78879113804612, 16.63905684846587], [77.78084513337193, 16.64949814689953], [77.77410127692293, 16.65403866696482], [77.77220263188782, 16.65732958101813], [77.76747709052097, 16.66820969672731], [77.76726442776284, 16.68187513300403], [77.76464293069034, 16.68818254768079], [77.75913618035702, 16.68834222216602], [77.74915524865493, 16.69335110527526], [77.75166534140051, 16.70282743906489], [77.74895111676722, 16.70395013550223], [77.75341496347768, 16.72378633955251], [77.75229003357877, 16.72738557994576], [77.74519808863063, 16.73946920693357], [77.73645247165074, 16.74622586033627], [77.72663989322102, 16.75136250959597], [77.71033912425018, 16.75119429505084], [77.70700644877128, 16.74985249408598], [77.69680508557666, 16.74825729479999], [77.68936107578668, 16.75279937827892], [77.6775393435898, 16.75782115348468], [77.67508173619625, 16.76848061795262], [77.6743724340272, 16.77670270590477], [77.67909189053444, 16.7772764802363], [77.68102550034871, 16.78455223570433], [77.67938947683844, 16.7948741637387], [77.68190882360297, 16.79238837395601], [77.68674065614196, 16.79137143024133], [77.68910278236115, 16.79134391650489], [77.69448446718576, 16.79325577931187], [77.70178973242717, 16.78667648229872], [77.70820547081222, 16.78320597067036], [77.71114068564077, 16.79276944140445], [77.71646672561246, 16.79265374461957], [77.73532753593639, 16.7893000049655], [77.74153820039295, 16.79307129529957], [77.7377367385604, 16.80266441126665], [77.73064186370334, 16.8090170134632], [77.72952278423561, 16.81113270270672], [77.7350755411229, 16.81530708605795], [77.74320752374739, 16.82445372155511], [77.74368288599571, 16.82739963333215], [77.73985149116443, 16.83607878564004], [77.7339271571451, 16.84126626507976], [77.7320716608977, 16.84497785757895], [77.72840999615049, 16.8478699228865], [77.72739856639446, 16.85032597807021], [77.7300064269913, 16.85625318986139], [77.73425624541278, 16.85998549638068], [77.73493049972417, 16.86649785762654], [77.73236672604462, 16.86978869013], [77.7314750405726, 16.87341333645041], [77.73295582831543, 16.87667538416464], [77.73959664511473, 16.88346429049386], [77.73947071603077, 16.8887586940882], [77.74153925005567, 16.89233582527634], [77.74207823164431, 16.89544531938921], [77.74064961526392, 16.90118410919314], [77.74351726295407, 16.90843494327181], [77.74596571777543, 16.91072799498001], [77.7401814204984, 16.91985648203094], [77.74001059661803, 16.92400608916158], [77.74136523907909, 16.92893065444933], [77.74115189565168, 16.93275856126441], [77.73986573241073, 16.93401267462941], [77.74031196758386, 16.93837832338439], [77.73014583001617, 16.9392501275863], [77.73018540090821, 16.94378676685231], [77.73641063987634, 16.94451002900824], [77.74050764302092, 16.94856565429952], [77.74230047245455, 16.94838087059031], [77.74869146886567, 16.95104594822716], [77.75085645894393, 16.95415843622877], [77.75189440598932, 16.95757282451476], [77.75137288759441, 16.96160922433534], [77.755828078964, 16.96867221764468], [77.75533659761241, 16.97628634990161], [77.75455201811805, 16.97694104712969], [77.75121574424304, 16.97656778881119], [77.75045512801911, 16.97753034725586], [77.75538542647661, 16.98863341335719], [77.75939605694407, 16.9939221887991], [77.759464068908, 16.99916930679268], [77.76079335891455, 17.00430126451386], [77.76089005050709, 17.01390823878253], [77.76316203695946, 17.01581883616543], [77.76579148695164, 17.02178166072614], [77.75957583369068, 17.02222933617306], [77.75180865622907, 17.02407344421904], [77.74013722682548, 17.02966383184774], [77.73764459827072, 17.02885149798856], [77.73515276688157, 17.02940502784935], [77.73108952042575, 17.02888407212251], [77.73311504436121, 17.03170203683369]]]}}, {"type": "Feature", "properties": {"dtname": "Nirmal", "stname": "Telangana", "_state": "TG"}, "geometry": {"type": "Polygon", "coordinates": [[[77.96185975857576, 19.33561143265791], [77.94696021875784, 19.34191932975977], [77.94248208513324, 19.34243973623388], [77.94093094631984, 19.33777970117441], [77.93824419431628, 19.3341131129843], [77.9319772878787, 19.33467070540866], [77.92801431846715, 19.33220779729156], [77.92330513034852, 19.32577609471839], [77.91760208783948, 19.32328316049462], [77.911545886371, 19.31625702297463], [77.90332201095374, 19.31736372067063], [77.89922264329722, 19.31946355581144], [77.89431985423101, 19.32046995893004], [77.89298984547077, 19.31927538255371], [77.89178830892678, 19.31489001884493], [77.89003096657198, 19.31329745556365], [77.8781807769771, 19.30928404613637], [77.87282698239676, 19.30530857404605], [77.86345878365593, 19.30419634820894], [77.86427154543105, 19.29722092682168], [77.86639571448183, 19.29172461194976], [77.86494647626863, 19.28813058742362], [77.86606216542721, 19.28650515705727], [77.86557552014642, 19.28382154978671], [77.8843629452782, 19.27892978201278], [77.89418964654546, 19.27981188703576], [77.89750694204906, 19.27852898953869], [77.90345850680741, 19.27795956413478], [77.90345561521201, 19.27639714870023], [77.90603417047599, 19.27309124889824], [77.90628682709074, 19.27019527766178], [77.90756357478176, 19.2682283790741], [77.90284701255985, 19.25646276799933], [77.89933419757403, 19.25675452960265], [77.89092255958673, 19.2592809512172], [77.890007139756, 19.26089098277296], [77.88215315668221, 19.26047061325476], [77.87501539217187, 19.25884415467678], [77.87460462117798, 19.25363697310501], [77.87140505514242, 19.25502036914482], [77.86946750107116, 19.24816917750952], [77.87001593395358, 19.24418401584118], [77.86884159524271, 19.24102223712989], [77.86690230380464, 19.2399374346568], [77.86813894714993, 19.23673739358168], [77.86612201476122, 19.23261247412967], [77.86600648890742, 19.22640190238363], [77.86369433247886, 19.22407067040773], [77.85818597503264, 19.21417686986033], [77.85481397245628, 19.20276919948608], [77.85122829412579, 19.19974914061662], [77.85149188179088, 19.19609911421042], [77.84772102291913, 19.18959495367833], [77.85401415849367, 19.18749114194943], [77.85862468378225, 19.18327570230572], [77.86049421300596, 19.18035425460676], [77.85972110935255, 19.17918413548948], [77.85592810855134, 19.17710996043185], [77.85538459794275, 19.17478657208886], [77.85671313547641, 19.17075205577602], [77.85452507418103, 19.17019681944303], [77.8539806995753, 19.16793670325011], [77.85264621997815, 19.16681840234184], [77.8519679790045, 19.1607856883506], [77.8525311007959, 19.15467789231059], [77.84322468680877, 19.14157950176583], [77.83794681842892, 19.13765302838432], [77.8356553748808, 19.1380808258863], [77.83406293140412, 19.13430824971648], [77.83688002598298, 19.13400889632233], [77.8379090604094, 19.12722023036735], [77.84155915775618, 19.1181064216255], [77.84766469126475, 19.11600489516293], [77.84836708793222, 19.1101333662421], [77.84712875592288, 19.10861872674608], [77.8462068706066, 19.1013136077297], [77.85107940733326, 19.09202934139937], [77.85039502620201, 19.08855689509727], [77.849084841395, 19.08849106236672], [77.84954121628527, 19.08741727334258], [77.84857980528147, 19.08650213802366], [77.84229804577343, 19.08801450749943], [77.83127001458023, 19.0860805783128], [77.82953208785693, 19.08706613771289], [77.82912134170708, 19.09034442904785], [77.82768120294656, 19.0917763450734], [77.8264078120372, 19.09663817472055], [77.82358503792322, 19.09773218457506], [77.82242547769555, 19.10052242014025], [77.81814050527635, 19.10498086654284], [77.81727298769785, 19.10553462087108], [77.80993425831298, 19.10473397409971], [77.80452856063873, 19.10055657852126], [77.80312123514172, 19.09617158181959], [77.80315966490616, 19.09442879562384], [77.80457849513552, 19.09180453512073], [77.80280720968072, 19.07975518937612], [77.80166920947858, 19.07618199633579], [77.79876320218789, 19.07473187970965], [77.79786410582189, 19.07516327949603], [77.79679782157011, 19.07258907639974], [77.79677369516229, 19.07090858580946], [77.80009816577632, 19.06684492422707], [77.79860072887824, 19.06145144531902], [77.79979201955335, 19.05809708096286], [77.8003494331161, 19.05112157171696], [77.79330930046497, 19.05257332345946], [77.78909586186438, 19.05567285393662], [77.77523120926543, 19.05602166391065], [77.76481199057815, 19.06265528641167], [77.76539309488419, 19.05544074465095], [77.76494917583695, 19.04714275677996], [77.76190224114954, 19.03617837905306], [77.7619962961849, 19.03185264565666], [77.76282438779579, 19.02903132080411], [77.76484689872389, 19.0270470641833], [77.76515176900051, 19.02495068055732], [77.76718437213871, 19.02291688657766], [77.76992222529542, 19.02240514944507], [77.76927230602962, 19.01998500032964], [77.77033896384984, 19.00995791832377], [77.77223689914354, 19.00362695394243], [77.77535113504429, 19.00062658301373], [77.77415733214599, 18.99737751691516], [77.77149715594315, 18.97915906636975], [77.78762625975543, 18.97264648201143], [77.78967407634788, 18.97457839116193], [77.79114046654318, 18.98281753873181], [77.80521731018025, 18.98185599557511], [77.82175777593498, 18.97850776703549], [77.81783631095101, 18.96021983315175], [77.81621190453279, 18.95751649402796], [77.81984331252299, 18.95444059737638], [77.81622488402776, 18.94727673189458], [77.81924931764318, 18.94585994068879], [77.832453462517, 18.94162862731595], [77.83561718492057, 18.94724671516908], [77.84194247146051, 18.9498725931003], [77.858591644031, 18.94911097679207], [77.85282317281491, 18.93309510509745], [77.85146163359205, 18.92640676206812], [77.84791403349438, 18.92689602197418], [77.84325423222452, 18.90869337543064], [77.85402021855504, 18.9033287621496], [77.85793942643419, 18.90235155311819], [77.86337912729603, 18.90264412030598], [77.86817838833389, 18.90432454853299], [77.87317177078053, 18.90393390273021], [77.8739376638264, 18.90767438805564], [77.88538444878066, 18.90420015793833], [77.88480559526842, 18.90030389969241], [77.89158412549942, 18.88141403852182], [77.89692129279301, 18.88188529463951], [77.90390627513263, 18.8812459025454], [77.90259409248485, 18.87177197652907], [77.90323203949458, 18.86662551947707], [77.91242510745222, 18.8650693909352], [77.91242657217593, 18.86317215509665], [77.914263809059, 18.86346084148305], [77.91414921947946, 18.86136793617051], [77.92514277399586, 18.86069130241788], [77.93006076600453, 18.85872633502373], [77.92935038686119, 18.8535861635802], [77.93745225123376, 18.85159140853342], [77.93516533655395, 18.8479863934678], [77.9347756413705, 18.84514478833788], [77.94890092944235, 18.8432891649564], [77.9512956474265, 18.84810139995161], [77.95663768253989, 18.85358995867796], [77.95938408283295, 18.86019967044807], [77.96824684463769, 18.87048613409566], [77.97105795182115, 18.87253384374874], [77.98262032533286, 18.87670797880322], [77.98802038971964, 18.8796666698848], [77.99579609212104, 18.88019547072144], [78.00877802425316, 18.88405360132431], [78.01396587711541, 18.88437579790952], [78.0178180364499, 18.88367153653051], [78.02401752702524, 18.87856694654385], [78.02795267569975, 18.87653122672389], [78.03288116989422, 18.87578905694206], [78.03746602874831, 18.8771577991131], [78.0391954016673, 18.88225039000377], [78.0368862363671, 18.8880364885965], [78.04099850741737, 18.89805848560614], [78.04177013122306, 18.91475761724251], [78.04735036319029, 18.92759995109382], [78.04732842298664, 18.93307524679857], [78.04644893115663, 18.93550082517588], [78.05233061519836, 18.93999368811924], [78.05766304480107, 18.94213841009026], [78.06747412237928, 18.94049038089199], [78.0734144135683, 18.94099455289574], [78.076705828194, 18.93986692944696], [78.07916396017004, 18.94067450953984], [78.08993884793934, 18.94016449565635], [78.09644379103959, 18.94425276876796], [78.10255529838798, 18.95101501935681], [78.10466382147139, 18.95442613426323], [78.10686438715715, 18.9557605604648], [78.11008304572658, 18.95962212083263], [78.11319093629612, 18.96130979949513], [78.11817242515981, 18.9627381253769], [78.12214795074762, 18.96097082700594], [78.13266766276534, 18.96105970905066], [78.1468465061355, 18.96550622489019], [78.14796024201927, 18.96723936661792], [78.14964998987422, 18.96737541518242], [78.15022227738308, 18.96940948883469], [78.16113844250503, 18.98031968316378], [78.16191773822551, 18.98260142363215], [78.16113810562963, 18.98809064491427], [78.16429721727962, 18.99066345990081], [78.16504308954082, 18.99258218198026], [78.16446898762058, 18.99480861978846], [78.16722282110051, 18.9976260742675], [78.17021463751983, 18.99874176070158], [78.17473934753438, 18.99847155690708], [78.17830310749679, 18.99975503261619], [78.18308155541706, 18.99928556517139], [78.18941241776518, 18.99717355741148], [78.19871424193273, 18.99911364129806], [78.20499220901632, 19.0025038259792], [78.21312983224688, 19.00491103796223], [78.22086098039358, 19.00560529194989], [78.22802651011072, 19.00835245014413], [78.23464409284236, 19.01381950533085], [78.23868900901373, 19.01593972477403], [78.24201320251132, 19.01634039149187], [78.24865840719495, 19.01473557299889], [78.25761249192311, 19.00606929371758], [78.26474715989421, 19.00217317457738], [78.27464871372517, 18.9944993131225], [78.27873536777662, 18.990056541686], [78.28102998196256, 18.98368455142641], [78.28039040172746, 18.98148283437461], [78.27701547669794, 18.97642090540634], [78.27608728080092, 18.97330831112311], [78.2777213077599, 18.96865486579408], [78.27707834274435, 18.95303360328414], [78.27880465027005, 18.94652011026839], [78.28253169972146, 18.9435367959594], [78.28514408422006, 18.94256099342351], [78.29327310160953, 18.94402666922779], [78.30021612348952, 18.94754414516715], [78.31059093038773, 18.94983609582737], [78.31400420117008, 18.95151491547835], [78.31874303924438, 18.95649537818396], [78.32127673570498, 18.96042811147278], [78.32777931898613, 18.96394013106409], [78.33570112610181, 18.96579050390768], [78.33944753332719, 18.96829433756488], [78.34597770578308, 18.97366247139797], [78.35488798398826, 18.98452827829162], [78.3592299704902, 18.98776034908126], [78.3641533392207, 18.98951202074011], [78.37112343736636, 18.99602632872547], [78.37650867677972, 18.99812559041403], [78.38570151420146, 18.99809862667759], [78.40107317921628, 19.00302235523066], [78.40999117482174, 19.00384079833095], [78.41712447073034, 18.99948454486024], [78.42448569085583, 18.98286220428398], [78.42518558310532, 18.97866389245991], [78.42629085389844, 18.97697176959157], [78.44054857583033, 18.96659833362048], [78.45018716334893, 18.9651185615301], [78.45248194700196, 18.96404732856053], [78.45683963793061, 18.95548436896629], [78.45861249058646, 18.95527535968101], [78.46294235927489, 18.9565856328515], [78.46543058090123, 18.9583390582712], [78.4726878558106, 18.95708869441562], [78.4772211619552, 18.95802119834494], [78.48231236832429, 18.96193979873095], [78.48365987612203, 18.96613496344869], [78.48622904442425, 18.96972719857665], [78.49078773462135, 18.97284118357494], [78.50820264786107, 18.97228944986023], [78.51063197903274, 18.97102918466195], [78.51621632786788, 18.96531744559415], [78.51746493839426, 18.9620453020358], [78.52059928442702, 18.95959894098887], [78.5217316316992, 18.95608180144782], [78.52423945120802, 18.95220234285857], [78.52819619319503, 18.94867943892499], [78.53552889651753, 18.94599125782152], [78.5467252771872, 18.9456686390491], [78.54887992891213, 18.94713356481191], [78.55143154034067, 18.95399960616862], [78.55424152735823, 18.97310084472581], [78.55685973852961, 18.97809264251093], [78.56659221189376, 18.98812102894604], [78.57501469060018, 18.99388270890186], [78.57966641203939, 18.99929877832461], [78.58844774972987, 19.00535667639103], [78.5961314775484, 18.99794111306783], [78.59724123344493, 18.99515528173425], [78.60638935926801, 18.98549857473877], [78.61337885773872, 18.98294946301858], [78.62032966170908, 18.9819308600417], [78.63602605025316, 18.97786257588366], [78.63831270738729, 18.97952184712507], [78.64080436720472, 18.98308428486691], [78.64316007382973, 18.9839853296387], [78.64803331057311, 18.98874698988632], [78.656165387086, 18.99785412536191], [78.66018220484926, 19.00080454890611], [78.6599542594055, 19.00475544807637], [78.66549733404999, 19.01464879654267], [78.68634745218141, 19.03001428959755], [78.69176174857239, 19.03302255848903], [78.70048884067558, 19.03576035173474], [78.70387570759169, 19.03516087539613], [78.71663015362054, 19.02753937776225], [78.72363221524625, 19.02520811504326], [78.72683515209492, 19.0228768989666], [78.74019051837074, 19.01688025680033], [78.75659131800036, 19.01113782928495], [78.76225026302986, 19.01126488203191], [78.76723898382444, 19.01521642967361], [78.76950597591521, 19.013924907711], [78.77013879915394, 19.01431838414615], [78.76944327604308, 19.02009821948049], [78.76832681262692, 19.0212273302214], [78.77078065232159, 19.0297290279393], [78.77242059672811, 19.03223524591813], [78.77879895348451, 19.03768263409271], [78.78878747624111, 19.04344362331262], [78.79060797883706, 19.0432548744926], [78.79882767508963, 19.04825159278193], [78.80533351310964, 19.04939127565157], [78.81109847320248, 19.0478153154151], [78.81471506547753, 19.04916685458732], [78.82109048033892, 19.04893219257526], [78.82376115512504, 19.05205105579391], [78.8287108254251, 19.06134746459003], [78.83345409176297, 19.06539453386729], [78.83554627379287, 19.06844544433564], [78.84197694532635, 19.06904608177858], [78.84483050334639, 19.07028681385046], [78.86199706008018, 19.05908493017117], [78.86640949932509, 19.05907788088682], [78.86941480960604, 19.05609585525451], [78.87240363426554, 19.05535519627029], [78.87385273348339, 19.0558493632764], [78.90288159283729, 19.03372536717667], [78.91085248362458, 19.03051465505642], [78.91387124092923, 19.0306859775132], [78.91565630903024, 19.03307919482972], [78.91759433624132, 19.03418181528874], [78.91866678184444, 19.03778008098962], [78.92047222615018, 19.04060229825463], [78.92245565470705, 19.04197168967085], [78.92481173453449, 19.04836118708521], [78.93137581954363, 19.05709806575918], [78.93577190079039, 19.06146548358081], [78.93990077875175, 19.0630309118559], [78.94115275173876, 19.06564126184558], [78.94745043947421, 19.07268301710732], [78.94075248324744, 19.08068814812142], [78.94200306106103, 19.08407975158238], [78.94177762239885, 19.09384644472077], [78.93847265595512, 19.10019012793894], [78.94120895198101, 19.10849691739683], [78.93068650192596, 19.11844602093397], [78.92373927814276, 19.11391091154015], [78.91352896622969, 19.11631521572933], [78.91704023160314, 19.11044315566658], [78.92074269223015, 19.10907038313497], [78.92110692839901, 19.10634540637381], [78.91205500238986, 19.10422848865933], [78.90285325556432, 19.09377352954748], [78.88918667371904, 19.10348513498507], [78.8869653697641, 19.10553689514568], [78.88524471956873, 19.1090825903319], [78.88025952418691, 19.11326315879411], [78.88257313974361, 19.12185189466773], [78.8866826119758, 19.12703988664883], [78.88803995302688, 19.13123634161791], [78.88558071229146, 19.13786538169294], [78.88538436469987, 19.14493124654715], [78.88232987232531, 19.15340269341771], [78.88306350404194, 19.15546291061695], [78.88017291051987, 19.15905378139819], [78.8774698463702, 19.1589611823538], [78.87758305073429, 19.16019937902987], [78.90259087820972, 19.17783065411898], [78.91098039994068, 19.18172652492474], [78.91421835201898, 19.18271226197165], [78.9198911878075, 19.18235204417458], [78.9212530037468, 19.18377993975543], [78.92041190664031, 19.18669988151881], [78.9181339716978, 19.18804242771247], [78.91796536739912, 19.18889917813839], [78.91790619893283, 19.20143863290481], [78.92751082607708, 19.20864359120047], [78.93048332348046, 19.21373621589038], [78.93372585926494, 19.21422491545552], [78.93577178951347, 19.21753160688219], [78.93713837968114, 19.22314980890611], [78.93627037073797, 19.22468782050176], [78.93708373370204, 19.22640509734224], [78.93608329046059, 19.22843876397714], [78.93824800711296, 19.23000328307182], [78.93871273427483, 19.23251273465627], [78.94112942748531, 19.235257620111], [78.94639481659122, 19.23966202599984], [78.9475790153267, 19.24138641023892], [78.94805622826514, 19.24413076136387], [78.95436073173046, 19.25064654529767], [78.95135347118496, 19.25335228191143], [78.94868461779987, 19.25415940650971], [78.94506794593468, 19.2522098366562], [78.94170187052951, 19.2522080976654], [78.93475757633819, 19.26026283613417], [78.92828533006406, 19.26513743522587], [78.92088572572835, 19.26766161062469], [78.91634506068583, 19.27057227165533], [78.90793944026905, 19.27802370885416], [78.89799353825855, 19.28535505198789], [78.89394101823763, 19.2901065000393], [78.89299196362269, 19.28124054947164], [78.888055081022, 19.27736119905613], [78.88810209610055, 19.27513554042814], [78.88547843312868, 19.27272731974986], [78.88371411539357, 19.27447512161286], [78.87505846433271, 19.27696565349299], [78.86879763767888, 19.28246761621233], [78.85382751638109, 19.27812756450255], [78.84781923676786, 19.27174215327562], [78.84666004590956, 19.26771460095373], [78.84883286920109, 19.26267864841795], [78.84473765293443, 19.26007346483338], [78.84484877723428, 19.25650718428874], [78.8432335169603, 19.25469767750964], [78.82965811401984, 19.25267385167137], [78.81966837340144, 19.24673520849939], [78.81835921893149, 19.23539125139787], [78.81508542480118, 19.23136496393084], [78.81212849528829, 19.22151156636037], [78.8053219453708, 19.21707803112316], [78.80199348061807, 19.21666350950077], [78.80053983766858, 19.21383888292897], [78.79480415742114, 19.2304559162195], [78.79010010549335, 19.24047461666483], [78.78614297861702, 19.24067793500092], [78.78420518723715, 19.24585526523937], [78.78048527639926, 19.24932509351551], [78.77591433851306, 19.25063414609549], [78.76791243516162, 19.25655296039692], [78.75884244329622, 19.27816245359581], [78.73649465118257, 19.28595931193745], [78.71993590030809, 19.29649269812217], [78.72252031050154, 19.32640421100722], [78.70393670205321, 19.32141005704304], [78.69047980353388, 19.31652511531212], [78.67525169288308, 19.3164915969458], [78.67025955467695, 19.31380341472701], [78.6578228175644, 19.30428791538638], [78.65102890184475, 19.30009387611198], [78.62110654629406, 19.27408461008179], [78.61785871095007, 19.27018666438194], [78.61537504644421, 19.26103931994107], [78.61024316053334, 19.26513050620999], [78.60110924974343, 19.2768262506546], [78.58770424271, 19.28802306996444], [78.58448147449162, 19.28934005676977], [78.57030604143705, 19.28646383731872], [78.54733223431481, 19.26199149530786], [78.52565598406755, 19.25497573892046], [78.52183479154199, 19.2506330337428], [78.51787494081191, 19.2454489846484], [78.51904115693038, 19.22617845202141], [78.50942731108286, 19.2147466060446], [78.50099579096737, 19.2188004109751], [78.50038069758023, 19.21805865707404], [78.49863153979656, 19.21859202516713], [78.48370732628827, 19.22665768430699], [78.45664244190299, 19.22681822318542], [78.45829441615682, 19.222516974691], [78.45715481171892, 19.21289241512988], [78.45491065710843, 19.20616083978042], [78.45498053371165, 19.20223287769878], [78.45656369255603, 19.19541111381912], [78.45432404821484, 19.19008381524668], [78.44969338661555, 19.18390293100945], [78.44934415469197, 19.18006115096517], [78.44840148585978, 19.17886457013502], [78.4361606675584, 19.18451429628957], [78.4337256866411, 19.17615930564336], [78.4312930092017, 19.1743160589044], [78.43093966380947, 19.17268697071405], [78.42960367278793, 19.17407404372099], [78.4255399194118, 19.17545293225762], [78.42104450709566, 19.17584764104424], [78.41844064253081, 19.17535738888624], [78.41459424353813, 19.17240297512653], [78.40634780063408, 19.1738177414716], [78.40419613347775, 19.17547211943131], [78.40439975785739, 19.17818814457478], [78.40169559204924, 19.17994104871546], [78.39820658914017, 19.17999285018321], [78.3942512644892, 19.17658990055621], [78.38845666776974, 19.17582424150545], [78.3835394970864, 19.17960537618585], [78.38067800151158, 19.1792069617118], [78.37611114321199, 19.18178117726004], [78.36932361578874, 19.18227859548784], [78.3683083926552, 19.18427810694313], [78.3651730965887, 19.18630623947513], [78.36419455124742, 19.18798548587338], [78.36565519072123, 19.19174354806011], [78.3651193041842, 19.19509790612686], [78.3629662044832, 19.19985875506617], [78.36012805256304, 19.20034090057901], [78.35686677721067, 19.19780218251368], [78.3543687155742, 19.19847733038976], [78.35332837689715, 19.1988598116115], [78.35111850404512, 19.20484816502824], [78.34718022477398, 19.20723381139513], [78.34426519869278, 19.20734914876779], [78.34160350342755, 19.20561556396468], [78.34001118679748, 19.20561318165101], [78.33812393015684, 19.20777083921299], [78.33006739595542, 19.2068905648057], [78.32434941585946, 19.21267643819066], [78.31842793527231, 19.21467576076624], [78.3133525995084, 19.2213165128896], [78.30995792424359, 19.22305661802846], [78.30807862115277, 19.22952197240141], [78.30924514593035, 19.23147105378986], [78.30711689525617, 19.23470512472336], [78.303929644322, 19.23572928327908], [78.30524989096676, 19.24132845305886], [78.30438786882813, 19.24314394605005], [78.30096548203817, 19.24645061310418], [78.30099152201007, 19.2526110530541], [78.2993934276999, 19.25938154054163], [78.29566281424411, 19.26258104017778], [78.2927632261426, 19.26377507971782], [78.2880046499177, 19.2649499262823], [78.28105346510931, 19.26451270537981], [78.27544123432108, 19.26589987038811], [78.27374985005451, 19.26744920766295], [78.272318444146, 19.27202661604037], [78.27162064064386, 19.27939302272053], [78.27031450531229, 19.28174563303909], [78.26152705805839, 19.28876173473319], [78.25235181310063, 19.29059883539239], [78.24846981500849, 19.29032798250331], [78.24779222315182, 19.29257865265172], [78.24209825721435, 19.301734799096], [78.23742333106328, 19.30542440124252], [78.23023995598355, 19.30887083009619], [78.22091246162694, 19.31060560447801], [78.21813192066902, 19.31248612546934], [78.21568611028768, 19.3105729079379], [78.21248661392974, 19.31006483338315], [78.20753230604168, 19.3071359952066], [78.20393022658949, 19.30689453850924], [78.19736095336765, 19.30903239958342], [78.19608135574275, 19.31547557803575], [78.19324129032834, 19.31713836157085], [78.19370096989695, 19.31447485749284], [78.18624158866702, 19.29627060401391], [78.18311141163376, 19.28518340119727], [78.18120571108767, 19.28309031049367], [78.17950637296242, 19.28243983663146], [78.17874684774426, 19.2795418627667], [78.176666545334, 19.27854862999403], [78.17816526375692, 19.27250506687444], [78.17670564903388, 19.26294364218636], [78.17964049808982, 19.25885719539641], [78.17798310026323, 19.25391286785354], [78.18177142006961, 19.24761838946155], [78.17702058154867, 19.24215755354813], [78.17532099617263, 19.23757855011706], [78.16494586957458, 19.234553750453], [78.15839911527495, 19.23577876659493], [78.1553970607361, 19.23438235808426], [78.15099208275653, 19.22949818370313], [78.14454691125307, 19.22940073203091], [78.13708916499161, 19.23439468076162], [78.13428189956402, 19.23889299756435], [78.117038043648, 19.2486372725138], [78.11521947645168, 19.24882944298733], [78.11317218645009, 19.24442211851631], [78.09530926430783, 19.24374041953197], [78.08914962520957, 19.23936818921701], [78.08235083613108, 19.24321609506949], [78.0832290833344, 19.24867623842445], [78.07909687597352, 19.25483432845412], [78.07229633800601, 19.24924880678482], [78.06442247318319, 19.24777365278019], [78.05886165305209, 19.24232815569606], [78.0556752490769, 19.23712171172143], [78.04161357724125, 19.24342814220961], [78.03594074511648, 19.25063344612668], [78.03750488559821, 19.25514884073866], [78.0418442935673, 19.26165553627811], [78.04250627410603, 19.27060376711525], [78.03702303673357, 19.27216678258777], [78.03387625724123, 19.27395508722815], [78.0181526412946, 19.27870098640751], [78.01481972723178, 19.27903738983119], [78.01424143552335, 19.2859618531582], [78.01596122849905, 19.28757110801389], [78.01563442254604, 19.29081842312179], [78.01349690590827, 19.29471765728758], [78.0066498648337, 19.29760967483638], [78.00376074123794, 19.29780200965581], [77.99867986537771, 19.29979762704107], [77.99466532276273, 19.30538619678128], [77.98496405390472, 19.30975242705246], [77.98290342525921, 19.31499769413526], [77.9776335346199, 19.32270690307644], [77.97411028832079, 19.3226204723491], [77.96682346102267, 19.32665743477681], [77.96526238756441, 19.32819235790229], [77.96384998138535, 19.33291220974457], [77.96185975857576, 19.33561143265791]]]}}, {"type": "Feature", "properties": {"dtname": "Nizamabad", "stname": "Telangana", "_state": "TG"}, "geometry": {"type": "Polygon", "coordinates": [[[78.27632547763018, 18.99278223567851], [78.26331475048228, 19.00322599601829], [78.26068549939764, 19.0039067179394], [78.25761249192311, 19.00606929371758], [78.24865840719495, 19.01473557299889], [78.24070846822586, 19.0163214182116], [78.2354922218423, 19.01438401329843], [78.22802651011072, 19.00835245014413], [78.22086098039358, 19.00560529194989], [78.21312983224688, 19.00491103796223], [78.20499220901632, 19.0025038259792], [78.19871424193273, 18.99911364129806], [78.18996713291584, 18.99718943931719], [78.17935946418639, 18.99974479093961], [78.17444574233055, 18.99841737219624], [78.17074890954062, 18.99878505658122], [78.16806643286723, 18.99804045907069], [78.1645756630362, 18.99501759872094], [78.16504308954082, 18.99258218198026], [78.16429721727962, 18.99066345990081], [78.16113810562963, 18.98809064491427], [78.16190861342967, 18.98221115765354], [78.16059623765038, 18.9793903566948], [78.15022227738308, 18.96940948883469], [78.14979878579045, 18.96752139819002], [78.14796024201927, 18.96723936661792], [78.1468465061355, 18.96550622489019], [78.13018936927648, 18.96068016247094], [78.12111967719324, 18.96109995649724], [78.11817242515981, 18.9627381253769], [78.11319093629612, 18.96130979949513], [78.11008304572658, 18.95962212083263], [78.10686438715715, 18.9557605604648], [78.10466382147139, 18.95442613426323], [78.10255529838798, 18.95101501935681], [78.09644379103959, 18.94425276876796], [78.089334053502, 18.93993638414575], [78.08776389265819, 18.94071685701077], [78.07885075597655, 18.94065208750573], [78.076705828194, 18.93986692944696], [78.07257429323501, 18.94105256158351], [78.06747412237928, 18.94049038089199], [78.05766304480107, 18.94213841009026], [78.05233061519836, 18.93999368811924], [78.0467591884295, 18.93605569261155], [78.04735036319029, 18.92759995109382], [78.04177013122306, 18.91475761724251], [78.04099850741737, 18.89805848560614], [78.0368862363671, 18.8880364885965], [78.0391954016673, 18.88225039000377], [78.03828013947815, 18.87845004864772], [78.03715541632705, 18.87695551033953], [78.03288116989422, 18.87578905694206], [78.02795267569975, 18.87653122672389], [78.02401752702524, 18.87856694654385], [78.0178180364499, 18.88367153653051], [78.01396587711541, 18.88437579790952], [78.00877802425316, 18.88405360132431], [77.99579609212104, 18.88019547072144], [77.98802038971964, 18.8796666698848], [77.98262032533286, 18.87670797880322], [77.97005997197971, 18.87191688260293], [77.960527470819, 18.8616722711612], [77.95862713537036, 18.85893937118816], [77.95663768253989, 18.85358995867796], [77.94952010877272, 18.84527956454431], [77.94862262057656, 18.84062511262746], [77.94919036653693, 18.83386023533017], [77.9485360634506, 18.82983647166407], [77.94611978175924, 18.8266907847916], [77.94309409294506, 18.82480723840889], [77.93449795936726, 18.82226537961709], [77.93026800221253, 18.82249493798228], [77.91225822153358, 18.82689122473096], [77.90667221036348, 18.82669740760846], [77.89347356442569, 18.82069670085928], [77.89094660492106, 18.81987092336193], [77.88794046759243, 18.82011000644383], [77.88198988324939, 18.81740393599367], [77.87141483992148, 18.81816479809575], [77.85988242779491, 18.80904717778676], [77.8584140775406, 18.80853674023733], [77.8536773093741, 18.80907019735957], [77.8399548026477, 18.80482151193373], [77.838785890064, 18.80253479892074], [77.83850798645919, 18.79683018109127], [77.83219333998073, 18.7882451893809], [77.8311161159683, 18.78204271725308], [77.82752740658043, 18.77499120709238], [77.82679179204287, 18.76984090897403], [77.8196851690886, 18.75514212473819], [77.8167121190046, 18.75064254634758], [77.81234098924716, 18.7385118206928], [77.8087867911172, 18.73249926726523], [77.80425034046004, 18.72724233009341], [77.80418398788616, 18.713177416933], [77.80106037469051, 18.70762167507299], [77.79621816770145, 18.70396008965148], [77.7950055759225, 18.69703679479348], [77.7933288498948, 18.69589975201011], [77.7897645467138, 18.69515001259959], [77.7894550136234, 18.69081955763977], [77.79035437193602, 18.68783368092845], [77.79006331091557, 18.68728791282706], [77.78944052946521, 18.68775440949084], [77.78728825198249, 18.68263997555208], [77.7770057653491, 18.6853561667745], [77.77201559862398, 18.68894802333376], [77.77324010783649, 18.70135624733305], [77.77032756777253, 18.70184345783043], [77.76763612540866, 18.70613742892029], [77.76092252507249, 18.70714532368698], [77.75835813452613, 18.70574820898349], [77.75387174266348, 18.7014576048503], [77.75258076356074, 18.69785372722874], [77.75066886124036, 18.69558828893734], [77.75243987019145, 18.68934451974219], [77.7497644917164, 18.68508589666025], [77.74924858135557, 18.68266662818918], [77.74368911480794, 18.68162478580861], [77.74313373535558, 18.67827266403937], [77.74017304541262, 18.67786313687942], [77.73822432273711, 18.67649843751103], [77.72997424724694, 18.66693690843801], [77.7315716501959, 18.66433837106014], [77.73465537949814, 18.66343296866073], [77.73570883578905, 18.66098701712653], [77.73362418498316, 18.65780753260343], [77.73020399685076, 18.65608196273452], [77.73106527566686, 18.652607593503], [77.73050430318528, 18.64514541607782], [77.73189065928085, 18.64286442479453], [77.73471128921767, 18.64101218659383], [77.74296419634148, 18.62766554870655], [77.7456566222848, 18.62128837755149], [77.74557334812403, 18.60594154648096], [77.74759543668519, 18.60320018938348], [77.75034298708174, 18.58921207882114], [77.74950982002679, 18.58747086864814], [77.74606708757591, 18.58459738475479], [77.74346778234401, 18.57761826580799], [77.74038067213576, 18.57521767962735], [77.73960632564977, 18.56836199275975], [77.73830051726564, 18.56463532627874], [77.73704424741398, 18.56384420375125], [77.73849960730969, 18.55678870935365], [77.74857333033204, 18.54262521381609], [77.75069608290504, 18.54159063134264], [77.75684149028234, 18.53611134474671], [77.75771396890633, 18.53031613180822], [77.76147001410659, 18.52561497174431], [77.76173595927504, 18.51745771427225], [77.76068794718132, 18.51214399266352], [77.75711959810279, 18.5055236459664], [77.75668720161781, 18.50249009325213], [77.7730234693618, 18.50287059747722], [77.77397476521303, 18.50496130117842], [77.77836107037582, 18.5056088843274], [77.783683577025, 18.50399090637543], [77.78630002316855, 18.49941487886163], [77.78946319580065, 18.49707353663909], [77.79329332293531, 18.49786307382033], [77.80006477252675, 18.50103910663715], [77.80384297810507, 18.5014797217318], [77.80668109369434, 18.50071100354094], [77.81142894323985, 18.50262319795895], [77.81629368822446, 18.50223677387997], [77.81823100487712, 18.50291620480697], [77.8196412773799, 18.50231026279049], [77.82155931864723, 18.50473820663566], [77.82416715293162, 18.50383529925268], [77.82842692580782, 18.50543380641496], [77.83035360945917, 18.50447270158615], [77.83744001640832, 18.50649481559347], [77.84347246960745, 18.50592339792005], [77.8510979921698, 18.50313472388077], [77.85370537157343, 18.50329345448758], [77.85754967395262, 18.50411354699613], [77.86469701001361, 18.50796544412663], [77.87141397218845, 18.50580209881633], [77.87633394060008, 18.50269927618463], [77.88131530300289, 18.50173883449956], [77.8851485029165, 18.4952516059447], [77.88928766767243, 18.49243262428779], [77.89521906630932, 18.49477759831735], [77.90005106462479, 18.49184031031488], [77.90766794426965, 18.4931661312801], [77.92367551617401, 18.49138875210134], [77.93754164194912, 18.49145991321179], [77.94363524139084, 18.48868130717669], [77.94991538196042, 18.48721523253277], [77.95191004664912, 18.4853320386136], [77.95294308315334, 18.48201845427053], [77.97084963932646, 18.47427735854557], [77.97493807802937, 18.47049357513902], [77.9763054880501, 18.46618075051271], [77.98086191260951, 18.46170187924924], [77.9815234979444, 18.45923341427873], [77.97848565374687, 18.45319672736343], [77.97654919530596, 18.45098681663741], [77.97485806677446, 18.44627637457229], [77.99087739994887, 18.44359937329084], [78.00112153394504, 18.44005875877535], [78.0132549377259, 18.43870852092506], [78.0221390285784, 18.43614857379422], [78.03783892277194, 18.46488952782533], [78.03643704746713, 18.47278571763454], [78.03755415979533, 18.48297473096248], [78.03822380458156, 18.48732940756719], [78.04135686031765, 18.48937614714298], [78.03881617500367, 18.49255531232597], [78.03638821763508, 18.49393267840532], [78.03616425024045, 18.49891872369044], [78.03727742728539, 18.49890443895357], [78.03739029093062, 18.50047363911626], [78.03941982876289, 18.50065058158418], [78.0341963685086, 18.50773911485886], [78.03416716926542, 18.50892729292863], [78.0369043782843, 18.5130886467783], [78.03763383510385, 18.51571328063815], [78.03947896332706, 18.51776339360645], [78.0472877266342, 18.51715684256238], [78.05535509275309, 18.51480885841631], [78.06215500732475, 18.51381073843241], [78.06541949999242, 18.51069385255749], [78.06986784566578, 18.50834041822875], [78.06976157899544, 18.51116778718179], [78.07492955338391, 18.51456103679577], [78.07624633751306, 18.51455332823598], [78.08483490309477, 18.50909225372222], [78.09122969210557, 18.50865358157744], [78.10354248924604, 18.50416894851542], [78.10508989675925, 18.50234259173781], [78.10695483714869, 18.49779956762386], [78.10592299642774, 18.49155681684103], [78.10802030156407, 18.49239363007618], [78.11242341919836, 18.4917332326466], [78.11806182856873, 18.49267703422992], [78.12127032720569, 18.48822110105036], [78.1333524397471, 18.48463132319327], [78.13489604605212, 18.48229866436482], [78.13844957951032, 18.48215259557339], [78.14088387212297, 18.48096823937832], [78.15958690359469, 18.4772554533467], [78.16645005695767, 18.48389132721126], [78.17279188087413, 18.4977465875148], [78.17438079818021, 18.49834673854108], [78.17576146994521, 18.5009237859589], [78.17759343413576, 18.50099767924459], [78.17847695911529, 18.5023765508132], [78.18595994111821, 18.50718831040293], [78.19216998482615, 18.50873278482533], [78.19286779721223, 18.50379697292745], [78.20049988434947, 18.50522087396253], [78.20158297891406, 18.50454557970573], [78.20226064502386, 18.50129048733665], [78.20755826859435, 18.50066482463544], [78.20950830426098, 18.49915840901871], [78.21243977035328, 18.49836278601571], [78.21687525429854, 18.4989613044534], [78.2248840400052, 18.49083599985361], [78.23641988029176, 18.49212388889107], [78.23857560254623, 18.4908226700958], [78.2425533770273, 18.48634590731251], [78.24997364508204, 18.48641024808255], [78.2558089907951, 18.47973861962838], [78.2581218162304, 18.47586764981149], [78.25476181158041, 18.47196451206036], [78.25526673376646, 18.46675977350762], [78.25365364579727, 18.46661641292597], [78.25736749691862, 18.4607221075043], [78.25686915608503, 18.45958271926866], [78.25452672879021, 18.45822065921156], [78.25605946463878, 18.45751822990496], [78.25591715071964, 18.45589908297971], [78.25975630254094, 18.45268110820881], [78.268276056826, 18.45295976285293], [78.2696568449508, 18.45062448123213], [78.27119323798763, 18.45333352038765], [78.27490448481144, 18.45425320560384], [78.27527355496876, 18.45800309717474], [78.28099064480283, 18.45368812486587], [78.28312541965217, 18.45457777812945], [78.2872568271374, 18.45352692948795], [78.29330365192429, 18.45560010923295], [78.29776999104156, 18.4559080383675], [78.30726646467258, 18.45398090156768], [78.30764341551073, 18.4562441370262], [78.3139013722993, 18.4597964727268], [78.3165969930517, 18.46518314484211], [78.3196089459763, 18.46473475980106], [78.32403783523124, 18.46587777310355], [78.32593122753438, 18.46550838348585], [78.32943918637822, 18.46687690791935], [78.33450900851301, 18.46361142549533], [78.34118107465723, 18.46402215402259], [78.34572962692279, 18.46292012699008], [78.34946603261675, 18.45988486593255], [78.35037844586402, 18.45742222859026], [78.35246005209876, 18.45888010609238], [78.3544264756564, 18.45918895717617], [78.35889728091787, 18.45738550463251], [78.36313906923387, 18.45443186158473], [78.38258386531244, 18.45372092349053], [78.38374150616538, 18.45394475589998], [78.38566220707418, 18.45891166879244], [78.38661618847154, 18.45913793168106], [78.3924211086733, 18.46619458049367], [78.39605411563933, 18.47708405592265], [78.39880456180991, 18.48201365018971], [78.40278993985469, 18.48176353083157], [78.40652711633089, 18.48257269835959], [78.41265274393885, 18.48012905504525], [78.4183007730931, 18.47671816193981], [78.42462691652923, 18.47498105482198], [78.44228312122289, 18.47789840541041], [78.44349292031647, 18.47859235356323], [78.44511998228319, 18.48327568727383], [78.45257519389253, 18.48270075273861], [78.45289985549304, 18.48154714211954], [78.45386483829179, 18.48119930938564], [78.45466248333138, 18.47738420963873], [78.45208601361016, 18.47380798862057], [78.45223951960112, 18.4722640326138], [78.45622419601443, 18.46797773429956], [78.46075463133627, 18.46537743206874], [78.46431041657365, 18.46040898773311], [78.4653694285265, 18.45239389853533], [78.46919926313599, 18.44607679120825], [78.4771491225117, 18.44056681672238], [78.48767611099595, 18.43945926543913], [78.49208250507097, 18.43776989171794], [78.49709333245734, 18.44221800914305], [78.49862626984053, 18.44556719402132], [78.50617470408491, 18.45147112156246], [78.51818438345147, 18.45640833198643], [78.51843219409511, 18.45857962735613], [78.52131500550938, 18.46147556712847], [78.52098662650091, 18.46444134506539], [78.52495604171543, 18.46336635379707], [78.53017642965692, 18.46549292818018], [78.53003710637829, 18.46945450885648], [78.53173350992688, 18.47576186408243], [78.53122256425759, 18.47790937353462], [78.53944931540234, 18.49616666909391], [78.54653409115548, 18.50373627834908], [78.55174521396918, 18.50405026133941], [78.55311638875166, 18.51378158530997], [78.5495436740491, 18.52247846090278], [78.55319611432073, 18.52858866749591], [78.55349698150665, 18.53071048239065], [78.55845062814086, 18.53365604227857], [78.5694812090748, 18.54383116318202], [78.56999817683116, 18.54664163514941], [78.56428914840224, 18.55247283340698], [78.55964314366906, 18.55236313245798], [78.56190070945634, 18.55447085441874], [78.56363045201745, 18.55488866005975], [78.5685298860735, 18.55189208694135], [78.5749592010428, 18.55034130901092], [78.58754717550636, 18.54922041264719], [78.59742022353576, 18.55077871722896], [78.59754070753947, 18.55306878325269], [78.599089134932, 18.55479438963368], [78.59856409228297, 18.55962448420723], [78.59944271793285, 18.56178254811312], [78.59856009999275, 18.5638847100126], [78.60021526526543, 18.56830984654292], [78.59986811399303, 18.57388921099577], [78.61364034838346, 18.58974809520866], [78.61514882881103, 18.59103542988672], [78.6173925169856, 18.59126294343483], [78.6181912341927, 18.5904883127201], [78.62211028263175, 18.58992178558806], [78.64396099356043, 18.59650928651492], [78.65111267058745, 18.59482252976969], [78.65410782837672, 18.59632590442025], [78.6608664675257, 18.60861828376703], [78.66668762026357, 18.61644790713172], [78.66988804681479, 18.62332435269648], [78.66429486122263, 18.63354113151057], [78.65277783817355, 18.63866948578257], [78.63789856919878, 18.67224346017436], [78.63682187529695, 18.67331833630418], [78.63365755269912, 18.67260419880413], [78.63160580386773, 18.67748806962409], [78.63564868197126, 18.6895408614721], [78.63715280728093, 18.69029384722034], [78.63986931769519, 18.69725275235519], [78.64081117516348, 18.70185471057193], [78.63997420921129, 18.70710590257464], [78.64095753184581, 18.71534987127122], [78.63954909328714, 18.7203566983422], [78.63718332330164, 18.72332674655293], [78.62863920326036, 18.72781974084547], [78.61747319634536, 18.7297866697947], [78.61739780208576, 18.72875604197757], [78.61471179205408, 18.72998381634091], [78.61288129038915, 18.72803335085347], [78.61119205091626, 18.72837960508631], [78.59058583247707, 18.72541738807383], [78.58163138321305, 18.72283344051255], [78.58042128192339, 18.72610248879575], [78.57668894847097, 18.72968169048414], [78.57116857865286, 18.73825873246595], [78.55827932212645, 18.74003499160109], [78.55271288623159, 18.74253074135099], [78.55132228349602, 18.74725249099287], [78.55155972351055, 18.75065526025039], [78.55358387509693, 18.75332109655294], [78.55645978026128, 18.75406093685125], [78.55745566525754, 18.75602274511001], [78.55431127992203, 18.76509227834252], [78.55699530191225, 18.76748365172184], [78.55906326022544, 18.77317158826252], [78.56350817541964, 18.77881652482028], [78.5592490214455, 18.78543316067309], [78.55247176141448, 18.79108189533795], [78.55430459784266, 18.80093232117449], [78.55277871535658, 18.8022149403432], [78.55219141042772, 18.80545296817102], [78.54896417103565, 18.8089516222382], [78.55092061999085, 18.81347750469353], [78.54311083631796, 18.81415188459669], [78.54166193833201, 18.81530863266678], [78.54184857854914, 18.81786371618211], [78.54813964678557, 18.83066252037366], [78.5482762616037, 18.83454845273119], [78.54144292208491, 18.83946863546339], [78.54008467882693, 18.84574398301191], [78.5373691797548, 18.84423306038414], [78.54330796575226, 18.85961625298829], [78.54114638458168, 18.86082530908796], [78.5417008756623, 18.86326043866739], [78.54043294381295, 18.86430151855025], [78.53880761171264, 18.87539872838047], [78.5360655925312, 18.88428597145505], [78.5326851588613, 18.88539331418448], [78.52634215050058, 18.88945022510412], [78.52087663755616, 18.88979298330259], [78.51980981268855, 18.88922756657239], [78.51411698874426, 18.89231441930134], [78.51893130716866, 18.90069273369324], [78.51793650794151, 18.90331686612631], [78.5191637625532, 18.90443478812672], [78.52098247479569, 18.92293129929227], [78.52302653136314, 18.92532063252413], [78.52494196968429, 18.92973761615206], [78.52674157154986, 18.92872884149482], [78.52797558492034, 18.93014937347894], [78.52590378728462, 18.93225328451057], [78.5259323594052, 18.93897316055119], [78.52839387269785, 18.9429161785214], [78.53262369002312, 18.94332978126841], [78.53663073412453, 18.94230046142361], [78.53697036654184, 18.94580838402773], [78.53138839308446, 18.94705552862496], [78.52542177691856, 18.95076786381633], [78.5217316316992, 18.95608180144782], [78.52059928442702, 18.95959894098887], [78.51712290264521, 18.96253446468959], [78.51621632786788, 18.96531744559415], [78.51063197903274, 18.97102918466195], [78.50820264786107, 18.97228944986023], [78.49078773462135, 18.97284118357494], [78.48622904442425, 18.96972719857665], [78.48365987612203, 18.96613496344869], [78.48231236832429, 18.96193979873095], [78.4772211619552, 18.95802119834494], [78.4726878558106, 18.95708869441562], [78.46543058090123, 18.9583390582712], [78.46294235927489, 18.9565856328515], [78.45861249058646, 18.95527535968101], [78.45683963793061, 18.95548436896629], [78.45248194700196, 18.96404732856053], [78.45018716334893, 18.9651185615301], [78.44054857583033, 18.96659833362048], [78.42629085389844, 18.97697176959157], [78.42518558310532, 18.97866389245991], [78.42448569085583, 18.98286220428398], [78.41712447073034, 18.99948454486024], [78.40999117482174, 19.00384079833095], [78.40107317921628, 19.00302235523066], [78.38570151420146, 18.99809862667759], [78.37650867677972, 18.99812559041403], [78.37112343736636, 18.99602632872547], [78.3641533392207, 18.98951202074011], [78.3592299704902, 18.98776034908126], [78.35488798398826, 18.98452827829162], [78.34597770578308, 18.97366247139797], [78.33944753332719, 18.96829433756488], [78.33570112610181, 18.96579050390768], [78.32777931898613, 18.96394013106409], [78.32127673570498, 18.96042811147278], [78.31874303924438, 18.95649537818396], [78.31400420117008, 18.95151491547835], [78.31059093038773, 18.94983609582737], [78.30021612348952, 18.94754414516715], [78.29327310160953, 18.94402666922779], [78.28514408422006, 18.94256099342351], [78.28253169972146, 18.9435367959594], [78.27880465027005, 18.94652011026839], [78.27707834274435, 18.95303360328414], [78.2777213077599, 18.96865486579408], [78.27608728080092, 18.97330831112311], [78.27701547669794, 18.97642090540634], [78.28039040172746, 18.98148283437461], [78.28083760166955, 18.98557055805448], [78.27873536777662, 18.990056541686], [78.27632547763018, 18.99278223567851]]]}}, {"type": "Feature", "properties": {"dtname": "Peddapalli", "stname": "Telangana", "_state": "TG"}, "geometry": {"type": "Polygon", "coordinates": [[[79.40321797263643, 18.85646618329707], [79.3950112941385, 18.85706102442175], [79.3877997776644, 18.85617915144347], [79.3810939841956, 18.85483446397573], [79.37365160910544, 18.85124516064182], [79.36710103795225, 18.84118293995823], [79.36278709598332, 18.83167874656486], [79.35922020969751, 18.82590948420509], [79.35338721271988, 18.81993391158881], [79.35085197801571, 18.81867810429909], [79.34395851450729, 18.81643673877379], [79.334965233348, 18.81476656523712], [79.32479083793271, 18.81467500711296], [79.31789777496884, 18.81557233926858], [79.30744342954021, 18.81518917043547], [79.29669184721409, 18.78052749370669], [79.29134323822935, 18.77730391802885], [79.28987409088576, 18.7633916626644], [79.29398472413448, 18.75125433263517], [79.29483090295548, 18.74476318071864], [79.28154506774574, 18.74319303299472], [79.27552403269648, 18.74683589841763], [79.27827137056728, 18.75107523288202], [79.27224633578624, 18.7522876213825], [79.26472879198752, 18.75780531863732], [79.26187267760169, 18.76250940179688], [79.25715478218399, 18.7646594661496], [79.25332507025689, 18.76361191073546], [79.25268757908503, 18.76171995372225], [79.25020616451718, 18.75969543544498], [79.2460086405128, 18.7598245322358], [79.24308710967735, 18.75768435462175], [79.23629065797651, 18.75493865524573], [79.23049692903415, 18.74970059601485], [79.22799335566181, 18.74895850833262], [79.21760413297794, 18.74895548909253], [79.21599393761154, 18.74937050020456], [79.21504766837802, 18.75121241721228], [79.20977627884521, 18.75241405516438], [79.20238084899187, 18.75284384373252], [79.18796578691571, 18.75210131528519], [79.17562889554506, 18.75328596616698], [79.16292805051478, 18.75566020754808], [79.1600493904736, 18.75087202070726], [79.15028507961678, 18.72564475550907], [79.14064230195267, 18.72483859647359], [79.1344738926153, 18.71333876960394], [79.13008653779787, 18.70889728254289], [79.12893329914169, 18.71109444823419], [79.12461141762446, 18.70949474808057], [79.12171534344095, 18.70941294277232], [79.12151960630194, 18.71094762569035], [79.11551674274271, 18.70706917836189], [79.11222236739303, 18.71033664656118], [79.11342113714754, 18.70709633517489], [79.1191710997017, 18.69914187490462], [79.12386661581216, 18.69074237732759], [79.12550045416309, 18.68356993707059], [79.12419968105797, 18.67779712304183], [79.11836022235025, 18.66302771445186], [79.11534193101274, 18.66423707427226], [79.1177111040102, 18.65162548198913], [79.11265040795591, 18.64747272342866], [79.11109409969056, 18.64506823265801], [79.11251156252631, 18.63968324764171], [79.11169045584855, 18.63452321796061], [79.11285266594011, 18.62969220364394], [79.11054184490514, 18.62345622708741], [79.1110198709863, 18.62213955118346], [79.11515886280462, 18.62057208932544], [79.11710421459536, 18.62289774924556], [79.1200232595603, 18.62424024028969], [79.12214478283755, 18.62645854304298], [79.12494812669588, 18.62674758002153], [79.12718294883291, 18.62836568846193], [79.12981506397792, 18.6267244740382], [79.13585483690774, 18.62636536057547], [79.13785204090749, 18.62469742333539], [79.1435813043169, 18.62673054872583], [79.14466952891881, 18.62970559605484], [79.14773759649057, 18.62804884594898], [79.15325042736664, 18.63606636523933], [79.1566492529135, 18.63868535188345], [79.1591567922063, 18.64481349513501], [79.16099476211593, 18.6470115307642], [79.16779701306292, 18.64751011955509], [79.1709753372074, 18.64985642194547], [79.17153762851727, 18.65428270920587], [79.17580032016589, 18.65470206978649], [79.17711365071968, 18.65253264373805], [79.17925630504504, 18.64476636852456], [79.18040734619427, 18.63504226542758], [79.18261944060684, 18.62536525355723], [79.18194648176599, 18.61975906686672], [79.18485076508614, 18.61069154689029], [79.18620011420354, 18.60874358461065], [79.20238116202431, 18.59741631764948], [79.20442820724571, 18.59524654185109], [79.20563895663327, 18.58485814234207], [79.2052779605823, 18.57785316194053], [79.22119696973617, 18.56980720647233], [79.22999145479645, 18.56734289883386], [79.22781950017337, 18.54660134378257], [79.22562817860948, 18.54486696246936], [79.22050363681598, 18.54548255855199], [79.21550593805881, 18.53473128985519], [79.2174874253372, 18.53160304999172], [79.221319534474, 18.52794364263262], [79.219745403993, 18.52385889943658], [79.2183534784134, 18.52449668572432], [79.215501288304, 18.5159945332071], [79.21642643150284, 18.51286896993178], [79.21913281431074, 18.51038206251051], [79.2198793314692, 18.50848435644838], [79.21921446463637, 18.50298624562631], [79.21625666181694, 18.49618219855623], [79.21565480942513, 18.49193147348678], [79.21834748362222, 18.48931790946989], [79.22034064504261, 18.48578291573936], [79.22062794909516, 18.47807192978776], [79.22546332492102, 18.46996769836861], [79.22817336482579, 18.46171979025308], [79.22886314385676, 18.45686211063573], [79.23557450950875, 18.45064829982483], [79.2365949517291, 18.44757333289127], [79.24862932783903, 18.45333642159217], [79.28207775197787, 18.4801645803894], [79.29273163692392, 18.48252912371762], [79.297818055005, 18.48241303954758], [79.3062872761143, 18.48046327744413], [79.31069914564956, 18.47913228726138], [79.3269914322709, 18.47150919588216], [79.33328921717123, 18.46750868384804], [79.37278412895768, 18.43535466137737], [79.41870476774375, 18.4200611267438], [79.44386757930238, 18.4081491850373], [79.46011332897397, 18.39294680299167], [79.474561998243, 18.38601261202058], [79.48064792411726, 18.38522378453676], [79.48543379843171, 18.38597392772541], [79.49208945079567, 18.38942139133459], [79.49645520187393, 18.39273138323244], [79.498236996058, 18.39508037166213], [79.50664598100349, 18.39916359005246], [79.51907802184918, 18.3967852323723], [79.52160887213988, 18.39706793722239], [79.53371650203508, 18.3999107900455], [79.54687487277988, 18.40770081199364], [79.5489839847645, 18.41103587886419], [79.56706166368224, 18.42387546093441], [79.58733899330927, 18.44467053933822], [79.59047216132198, 18.44995678911398], [79.58786463218598, 18.46189219708385], [79.59103179716277, 18.46197794343219], [79.59680166099345, 18.47261586900271], [79.60256956902349, 18.47451966201027], [79.6063478498945, 18.46735588491573], [79.61205132509123, 18.46363380825989], [79.6156485911636, 18.47330883326264], [79.62289113323048, 18.48643699494415], [79.62589613037564, 18.48476388858194], [79.63284216402182, 18.47849815307158], [79.64217868558302, 18.47554910224357], [79.65373003747123, 18.47606491952433], [79.66985905664232, 18.48024405368626], [79.67211882498886, 18.48220918913111], [79.67395391845456, 18.48609743578077], [79.67723200872211, 18.49029840468959], [79.6849091373747, 18.49688360057714], [79.69064266361569, 18.50403494615261], [79.69572623556911, 18.50698190645516], [79.69622201229915, 18.51079699882526], [79.70573416345705, 18.52070451399864], [79.70847317927608, 18.52851291550239], [79.7070505470045, 18.53360852243008], [79.70737492750116, 18.53537175530402], [79.7090255092851, 18.53715796812536], [79.70790901315638, 18.53915081509292], [79.71047708521455, 18.54363315308985], [79.7081712889725, 18.54806127555092], [79.71036555597135, 18.55600749928282], [79.71201129413333, 18.55785692896801], [79.71204199762025, 18.56081630705164], [79.71672859077289, 18.56515252720131], [79.71953328101974, 18.56627867468957], [79.72081435097981, 18.56932393081056], [79.72389281666722, 18.57073563067853], [79.72480538858385, 18.57355809325446], [79.72948299810945, 18.57431591472548], [79.7327604088257, 18.57335176356469], [79.73651453481757, 18.57404283526939], [79.74130410373401, 18.57039123037597], [79.74855480839138, 18.57094990543906], [79.7502584607297, 18.57265906059622], [79.75305019966464, 18.57353173998685], [79.75801087896086, 18.57214390022318], [79.76479354152463, 18.57250149108758], [79.77015047721022, 18.57026083205955], [79.78023809994319, 18.56979792356988], [79.78432579418234, 18.56866852931257], [79.78896146811637, 18.57057246091235], [79.79226865178708, 18.57304563145607], [79.7928269948888, 18.57977916822927], [79.79106783302622, 18.58411950085529], [79.7912660800756, 18.58562463177176], [79.79448197142638, 18.59246622223468], [79.79799972237954, 18.59712209193022], [79.80219564920606, 18.60694833780492], [79.80151395328242, 18.61073656956208], [79.80416776017522, 18.62128959092037], [79.80829351306431, 18.62575291625186], [79.81008484610453, 18.63108052341941], [79.81362198443189, 18.63335843700744], [79.8166795070013, 18.63836601957261], [79.81956444919372, 18.64141106486385], [79.82025379862262, 18.64352744331573], [79.82389871083507, 18.64611856636494], [79.83001409348482, 18.65385830345956], [79.83078928458701, 18.65586201311056], [79.83164862562138, 18.66788592864383], [79.83050277192945, 18.6730640113375], [79.83242302501203, 18.67564498148714], [79.83055311462171, 18.68049549159379], [79.82186194447127, 18.68808921748213], [79.8216355441552, 18.69184248537409], [79.81445150051711, 18.69524848853144], [79.81246299774023, 18.69858503098073], [79.81122770676903, 18.70338304455342], [79.80720511445163, 18.70489963436076], [79.80245603836757, 18.70150808596479], [79.7981027888507, 18.69658327450608], [79.7936107106857, 18.69468921940096], [79.79152795065706, 18.6951521489086], [79.78654300537825, 18.69844707330441], [79.77862708156078, 18.69812174227381], [79.76868083201583, 18.69638118146405], [79.75903140902447, 18.68648131958254], [79.75532246570428, 18.68578179207466], [79.74854281350912, 18.68241072867408], [79.73312381727652, 18.68226137176504], [79.71433550510982, 18.68544614105737], [79.70845134421585, 18.68350002819854], [79.70469351280563, 18.67974569406568], [79.70047723505378, 18.67799985600357], [79.69790837383344, 18.67261868776133], [79.69176933576638, 18.67048142189356], [79.68747029726575, 18.67046516581592], [79.67962400922026, 18.67282092374784], [79.67749948419157, 18.6742132858467], [79.67175310161718, 18.68258938410776], [79.66777405818767, 18.68414161769691], [79.66325881680002, 18.69024558336186], [79.6532825140125, 18.70933733047294], [79.65154009062913, 18.71537480920981], [79.64469170702527, 18.71704160209297], [79.64088402386083, 18.72148961822674], [79.63713059929387, 18.72329503367193], [79.63457769516663, 18.7280687054151], [79.63288766621251, 18.72961576354327], [79.6295082519963, 18.7314903848957], [79.62390465859472, 18.73241622365008], [79.61820447505566, 18.73894303842552], [79.61363058393492, 18.73858543529725], [79.61180682893031, 18.73925095956587], [79.605387023029, 18.74335761529734], [79.6033961923175, 18.74629463718843], [79.59483846010296, 18.74914978093642], [79.57822271248573, 18.75933327671582], [79.56154632766898, 18.77091095593339], [79.55244028916682, 18.7740240222239], [79.54515718126002, 18.77766878120433], [79.53717947449479, 18.78362284241631], [79.53268183940247, 18.78586575583387], [79.52834812658051, 18.7866005428535], [79.5117824995184, 18.78464147375479], [79.50764892971517, 18.78610850144356], [79.49807972742029, 18.79227519761123], [79.49593835230111, 18.79735587395019], [79.49028420151797, 18.80570857371104], [79.48054179084157, 18.81749719233987], [79.46291218047662, 18.82610358549709], [79.45232249757896, 18.8352983953486], [79.4423582413966, 18.84268894279595], [79.42773543234686, 18.8507514809252], [79.42040026088951, 18.85342486638864], [79.40321797263643, 18.85646618329707]]]}}, {"type": "Feature", "properties": {"dtname": "Rangareddy", "stname": "Telangana", "_state": "TG"}, "geometry": {"type": "Polygon", "coordinates": [[[78.37147536565624, 17.51910405367086], [78.3554682322328, 17.5198750866807], [78.34763586380001, 17.5224728209663], [78.34416439945547, 17.51760906308414], [78.34334969746492, 17.51755555120381], [78.33858572325852, 17.5059732656337], [78.33698491356547, 17.50372338949818], [78.33770962852152, 17.50636228586864], [78.3128899876117, 17.50898036933678], [78.31248399635956, 17.51074408123459], [78.30880331008844, 17.51078316676125], [78.3074637965005, 17.51005045963627], [78.30812916477682, 17.5074258512869], [78.3144835436804, 17.50297868329596], [78.31427021722521, 17.50097352670159], [78.31770069132028, 17.49587671767744], [78.31764855464007, 17.4946283362339], [78.31376770507633, 17.49193460142437], [78.30920727313149, 17.4901921579824], [78.29799891416981, 17.49095395373444], [78.29881501484668, 17.48667143996352], [78.29801793106991, 17.47959169412222], [78.30019027449408, 17.47577526087123], [78.30180399967378, 17.46081665674139], [78.30120316836978, 17.45935916403194], [78.29691940305555, 17.45612715205989], [78.29400351207732, 17.45233511637439], [78.28995195728909, 17.44188909280525], [78.28993153439764, 17.43616903863581], [78.28813550049635, 17.43126255529259], [78.275604095335, 17.43477213259892], [78.27085478802921, 17.43112790806031], [78.270105137737, 17.42952841700123], [78.2628267922418, 17.42796005694073], [78.25008703677719, 17.42741455949611], [78.230997282869, 17.42942952605588], [78.21784842171427, 17.43850260168336], [78.21736336341782, 17.44975740955644], [78.21866990635283, 17.4574115701475], [78.21707243853116, 17.46702439554734], [78.21396242828263, 17.47221647607118], [78.21381415295298, 17.48605321084949], [78.20554477247312, 17.48579708589061], [78.20553186461858, 17.48676996408881], [78.20077559231993, 17.48701581763893], [78.20053430093753, 17.48610063416421], [78.19146578706973, 17.48692930937174], [78.19014383536727, 17.48116869158907], [78.19155072755485, 17.48021299442367], [78.19157837063024, 17.47814557720996], [78.18971015442834, 17.47569005149068], [78.1860762592122, 17.47260454729586], [78.17509663006798, 17.46918454383127], [78.17016328312782, 17.46356553906224], [78.16629131224893, 17.4643315362191], [78.16434802625874, 17.46278690496], [78.15778613297027, 17.46522958705991], [78.14508000763959, 17.46783544576461], [78.14441916810142, 17.47005160577971], [78.14529199634653, 17.4841005734305], [78.12196553458948, 17.48511702402967], [78.1160349636758, 17.48321660089125], [78.11396866531682, 17.48142634005143], [78.11354884249523, 17.4797181134846], [78.11110609480367, 17.47968936986747], [78.11061430014172, 17.48409930468391], [78.1085505005517, 17.48850094194722], [78.1054167111749, 17.49020507907428], [78.10231099413204, 17.49027698617171], [78.09574176876775, 17.48873233079998], [78.08975128924224, 17.49108721325742], [78.08379161857607, 17.49125281653674], [78.08376839024918, 17.49736453216325], [78.08161220359871, 17.49745800642934], [78.08167544635747, 17.5017866867809], [78.08066664216108, 17.50173018780968], [78.08281965940377, 17.50367625409196], [78.08310655159154, 17.50525295415703], [78.08211144600848, 17.51642332397783], [78.07079580856798, 17.51842448465804], [78.07155124291562, 17.51372614941362], [78.06679749118676, 17.50755895887489], [78.0580777711599, 17.50886550878523], [78.05869358579038, 17.50443243911848], [78.06559403816425, 17.50199723257198], [78.06564764729211, 17.50071833246681], [78.07111333336984, 17.50036133039474], [78.07124043897336, 17.49589292301819], [78.06378261957241, 17.49001723508687], [78.05765541436068, 17.4797800930542], [78.05157516576024, 17.47883384055072], [78.04997870033014, 17.47589208065248], [78.05228257923348, 17.47443348385941], [78.05340831711703, 17.4754670475841], [78.05303242593061, 17.46965422107813], [78.05608398700548, 17.46896495228664], [78.05949697979099, 17.46073944924991], [78.06447828508168, 17.45800780463444], [78.06673620756494, 17.45961861820093], [78.07021346996908, 17.45578097452985], [78.06348014150217, 17.4513317715114], [78.06275101402058, 17.45010713355388], [78.06327294939695, 17.44713792984525], [78.06849488240334, 17.44314155735072], [78.07227630711714, 17.43752808575441], [78.07293643975521, 17.42947354921763], [78.07142761785036, 17.42653536102237], [78.07226933279286, 17.42398573101429], [78.07216058178454, 17.4133494036216], [78.06953026888557, 17.40971116121914], [78.0640953712241, 17.41082484798383], [78.05799859871597, 17.41023959457717], [78.05732005667961, 17.41140296691803], [78.0512284424895, 17.41191641524153], [78.04706746160942, 17.4011385275024], [78.04365514442587, 17.396821693014], [78.03592967043551, 17.39057400784304], [78.03611461629693, 17.38784500637371], [78.03449412121608, 17.386379249937], [78.03285047691735, 17.37888580107211], [78.0309438160942, 17.37696460369169], [78.02793781951755, 17.37559585140993], [78.02514022720645, 17.37001963199452], [78.02200832951479, 17.37005097998504], [78.02168169253252, 17.36758292836145], [78.0231810343015, 17.36592728632458], [78.02295170707198, 17.36394409996772], [78.02140252909608, 17.36282724144022], [78.02078725137198, 17.35523256132394], [78.01703983072112, 17.34586488487464], [78.01715370936131, 17.34418908867328], [78.01256287987803, 17.34431595751715], [78.00720631909405, 17.34048671858396], [78.00557751011405, 17.3378720704082], [78.00668953418555, 17.33706216668003], [78.00530283017049, 17.3279840834359], [78.00777456206225, 17.32723075286246], [78.00781930023822, 17.32482558408716], [78.00948405160091, 17.3201332503703], [78.01289330076509, 17.31969377132342], [78.01354849675899, 17.31330292451426], [78.01476220187214, 17.31187914750365], [78.0324987080629, 17.30862144575685], [78.03151920216406, 17.30302554483445], [78.0355527417751, 17.30157553340333], [78.0378975178004, 17.29927834383168], [78.04195296524075, 17.29833033525228], [78.0440504034213, 17.29621551570144], [78.04713033409104, 17.29534673578704], [78.04568737552803, 17.28386253261441], [78.04337864579293, 17.27500900598326], [78.04660260976128, 17.27274906785451], [78.04851335391005, 17.26597001609129], [78.0594737889708, 17.25124108650434], [78.05736297720587, 17.24803796189132], [78.05081104592794, 17.24359445349153], [78.05096939901148, 17.2354114128153], [78.0560192631558, 17.23308627272327], [78.06952158172543, 17.23064967856491], [78.06611742533534, 17.22359256474583], [78.0653417770847, 17.21668760345201], [78.06366218020224, 17.21059066200726], [78.06188316166556, 17.21101356974765], [78.05721539259929, 17.21444648943812], [78.05475067126262, 17.21437756687031], [78.04998378571473, 17.21139696025511], [78.04692576593885, 17.20835010543339], [78.04386253497061, 17.19404760906254], [78.04084677052936, 17.18840539229111], [78.04144754853179, 17.18776565899749], [78.04526759085809, 17.18777352798391], [78.04374369355558, 17.18510606988822], [78.04288235181684, 17.17948859990345], [78.0429000462795, 17.1735512267213], [78.04421771779552, 17.16861014617243], [78.04115467103769, 17.16639513093708], [78.03195265263975, 17.16834624392505], [78.02350433974676, 17.16795416099917], [78.02338797378701, 17.16710725175863], [78.02155452408942, 17.16626729233973], [78.0163214039008, 17.16569546780189], [78.0130155351859, 17.15221689544302], [78.01123932091775, 17.15095247497949], [78.01133311732508, 17.1476298858557], [78.00397898138299, 17.14744426387539], [78.00252011760851, 17.14120011083129], [77.99868521797623, 17.13355334070978], [77.9965632926465, 17.13139384134094], [77.9941359020328, 17.13106676982467], [77.99166540289053, 17.12821585430605], [77.99152255001276, 17.12244825870146], [77.9933715905329, 17.12238865659732], [77.99289798543356, 17.11379080923881], [77.99102912424077, 17.11171567346536], [77.99226562926377, 17.10952788458358], [77.99001201403422, 17.10333749769628], [77.98360917619254, 17.10391311978931], [77.98228264170753, 17.10173582600301], [77.97943097314136, 17.10152576726389], [77.97526692446193, 17.09950016631004], [77.97182763684599, 17.10074361218414], [77.96260243566962, 17.09919569523265], [77.95415190232582, 17.09920791463314], [77.95420868212244, 17.09554097371103], [77.95193858580512, 17.09400339461051], [77.948496750196, 17.09252405885793], [77.9477531025317, 17.09294476930545], [77.94666351468908, 17.091389599099], [77.94212881032666, 17.08862175701931], [77.93670396456962, 17.08634046014254], [77.93411230463776, 17.08603343139052], [77.9338252403877, 17.08533360986623], [77.93815835375086, 17.08189456384887], [77.94918619722847, 17.0806929324096], [77.94901769432296, 17.07554899973838], [77.94209457310257, 17.07533479506047], [77.93447110523044, 17.07041314862587], [77.9241661088991, 17.06599692637901], [77.92287437337195, 17.06338551973989], [77.92345440181303, 17.05678536243731], [77.92274399447273, 17.05179765055068], [77.92674526484255, 17.04996471324539], [77.92943269646236, 17.04973488012605], [77.93221528176957, 17.0479685762481], [77.93218789084013, 17.04719496190239], [77.93103353627934, 17.04702722121321], [77.93183613198052, 17.04352756922189], [77.93063664618124, 17.03961946596324], [77.93226524358077, 17.03765818570164], [77.9329443172277, 17.03280936599593], [77.93445680430415, 17.03181903887391], [77.9348142354454, 17.02819186677231], [77.93670023077163, 17.02703430868453], [77.93841585889668, 17.02704592868185], [77.94020035173389, 17.02393333149594], [77.94391918714383, 17.02135051464195], [77.94634311144426, 17.02037562484893], [77.95073887252283, 17.02032885050018], [77.9482785133319, 17.01684427891918], [77.95357004860394, 17.01440222956401], [77.95875339642726, 17.0134105022979], [77.96773341992274, 17.01396981097459], [77.96839464295239, 17.01262542878194], [77.97826992013374, 17.01007894137816], [77.97746578018963, 17.0071706245924], [77.97803817841405, 17.00431920751423], [77.98370769616237, 16.9961419391053], [77.99623231009417, 16.98622727580035], [77.99882092491647, 16.98259906029715], [77.99968987889936, 16.97970518101039], [78.01052559201274, 16.97831332341737], [78.01434205960362, 16.98498797161563], [78.0138037641518, 16.98630221569564], [78.00875949177124, 16.99014155069052], [78.00986314708011, 17.0009676392631], [78.0168475838383, 17.00694200714567], [78.02422063909951, 17.0100578912721], [78.03060390878845, 17.01079239717744], [78.03464693158561, 17.01035992833027], [78.0577757760437, 17.00100748713986], [78.05975053010825, 17.00094875159299], [78.06381725486249, 17.003903290803], [78.06831532481755, 17.00541547452296], [78.07484871289454, 17.00071318417933], [78.08510349491571, 16.99629962144145], [78.08834485310409, 16.98952110950917], [78.0892324356514, 16.98573679073682], [78.09211188408061, 16.98317353899732], [78.09517052569231, 16.98438849077922], [78.09723261563403, 16.98371079864913], [78.09976056280243, 16.98413283187801], [78.10026968286793, 16.98246529531134], [78.10839115103975, 16.98281452042481], [78.11437476821074, 16.98622377190333], [78.11966430451098, 16.98291833326429], [78.12476885397263, 16.98637177157965], [78.12644709875816, 16.9910124055625], [78.12670994197991, 16.99416290597605], [78.1363402215179, 16.99297674520584], [78.1367831313808, 16.99562721917378], [78.13581082102557, 17.00732039395671], [78.14005570479698, 17.00923980171472], [78.14390966210294, 17.01240290238643], [78.14661921420323, 17.01340525922752], [78.1500265004238, 17.01344284109906], [78.15596987331084, 17.01208391775209], [78.16014382315848, 17.01247805643753], [78.17408907449072, 17.00815838290463], [78.17564437045826, 17.00421376502289], [78.17654572907145, 16.99752595631226], [78.18331120370529, 16.99135427936776], [78.18310647070673, 16.9891767538071], [78.185842925764, 16.98827497127497], [78.18492534637925, 16.98357523691745], [78.18155881878499, 16.97971715968744], [78.18121463077846, 16.97342268650244], [78.18641410735779, 16.97086084572393], [78.19120692115251, 16.96369062873038], [78.19441484261425, 16.96141445892015], [78.1962644325655, 16.9611676354371], [78.19861295594046, 16.95763848855496], [78.20101779119723, 16.95732972992274], [78.20285717562037, 16.95393069565601], [78.20678284999383, 16.95375147572268], [78.21118609676994, 16.95210752086064], [78.21125341918155, 16.94631042222051], [78.21946002859522, 16.93877824171245], [78.22541135171525, 16.93893245817545], [78.23305376676245, 16.94034819572664], [78.23385439913909, 16.94712681227519], [78.24054595831221, 16.96347875266837], [78.26166576636619, 16.96083940257225], [78.2643873218102, 16.96366736937886], [78.26945941106815, 16.96476532669416], [78.2770473647479, 16.95612094506398], [78.2726060156694, 16.94080677281478], [78.27185487698078, 16.93286649984853], [78.27559572748326, 16.92321410754297], [78.30156303613569, 16.91897070490106], [78.30068772983509, 16.90857350208524], [78.30376529842363, 16.90136027132151], [78.30408982743529, 16.8895282169872], [78.30301335341021, 16.87990225445505], [78.29927598044294, 16.87892293384537], [78.3049262854738, 16.87515533849551], [78.31621761678694, 16.87433993333663], [78.31831553296156, 16.87066660943798], [78.32031935541033, 16.86445510576632], [78.32022578775195, 16.86187624296542], [78.32201471562708, 16.85767054553494], [78.32047299718012, 16.85608546496946], [78.32831120666727, 16.85143507601749], [78.32652512321006, 16.84857663323582], [78.32423710733677, 16.83972062507098], [78.32287312402775, 16.82502646745654], [78.3253424475427, 16.82296227854626], [78.33022912006396, 16.8137228516106], [78.33181459526274, 16.81259027739695], [78.33286264457536, 16.80823667992358], [78.33435277286095, 16.80722976529794], [78.33476578573497, 16.8059630998648], [78.33256565801749, 16.80150854143084], [78.3332676588613, 16.79787049800105], [78.33671173612252, 16.79421511069641], [78.34042975248292, 16.79297300836453], [78.342235156144, 16.78803904682856], [78.34598510118725, 16.78428263668098], [78.34856137029465, 16.78568364883095], [78.34744472064563, 16.78690696145472], [78.3484390718675, 16.78829193623665], [78.34791926596422, 16.79074246844877], [78.35064735353764, 16.79115443416031], [78.3550305838087, 16.7965037562466], [78.36672293136785, 16.79334258373916], [78.37361467903592, 16.79078405292423], [78.38057876240102, 16.78628571082258], [78.38907374530997, 16.78391900142883], [78.39095971193036, 16.78843327876557], [78.39414079517167, 16.78994824288445], [78.39440183627556, 16.79232062566484], [78.39806400267025, 16.79892366315558], [78.41321118636563, 16.79799205113681], [78.41584689707231, 16.79516873020744], [78.42043919360675, 16.79289814450123], [78.4268454971204, 16.78821652993058], [78.43161481250458, 16.78336496551073], [78.43432570713675, 16.77824463682121], [78.45294937463551, 16.7787188393098], [78.46489106925874, 16.77387218541382], [78.46739216931745, 16.77625246883003], [78.4715802754515, 16.77758136548939], [78.47254707066982, 16.78536954151636], [78.47342471124564, 16.78723210524652], [78.47337140207604, 16.80063661500886], [78.47855916797538, 16.81717523530816], [78.48028685895618, 16.81720077891375], [78.48268990068506, 16.82098178930749], [78.51403079058393, 16.82174274913864], [78.51638040649277, 16.82063403645142], [78.51914029345302, 16.82073680285033], [78.52141102260329, 16.819070958281], [78.52137746641698, 16.81820230152352], [78.5262558515751, 16.81590045687103], [78.52961660706431, 16.81649701102863], [78.53606399725817, 16.82117413540822], [78.53769055165878, 16.82146047758647], [78.54334299442422, 16.81921965322748], [78.54485492974193, 16.82016977753091], [78.54736712017045, 16.82017022301988], [78.55050429679373, 16.81822726704617], [78.5535167774961, 16.81891521483386], [78.55864264791423, 16.81861833382517], [78.56489310443679, 16.81616518481892], [78.56671123052307, 16.81463058217448], [78.56651667232312, 16.81244446816446], [78.57056035178967, 16.80612250934374], [78.58171445101141, 16.80294911775355], [78.5841614750026, 16.799488800074], [78.58719152405602, 16.79931267601938], [78.59078608889537, 16.79612033797439], [78.6018786052979, 16.79437450793209], [78.61586702593912, 16.79417331716637], [78.61531864574486, 16.79211525494005], [78.61614755824839, 16.7918467222277], [78.61634327538184, 16.79003495203443], [78.61595097409587, 16.78391696384018], [78.62353417476847, 16.78182226461298], [78.62916073508062, 16.77762514481435], [78.63295103759698, 16.77645546264934], [78.6391214260492, 16.78175580282731], [78.64483218090761, 16.78503478240568], [78.64575948566511, 16.78677959591668], [78.65011005666008, 16.7894451391676], [78.65233251558958, 16.79277039315824], [78.66246844907016, 16.79937074307518], [78.66729551062734, 16.80387616436767], [78.66779482545574, 16.80723623978617], [78.66718606279579, 16.81463882386968], [78.66527902054816, 16.82329657747636], [78.6666829170307, 16.83240794247528], [78.67618958323351, 16.82404174050628], [78.68254640090595, 16.81143769091777], [78.6818936256089, 16.80737524421909], [78.68377602667256, 16.79315454079383], [78.68308363191703, 16.78880692707267], [78.67552431322882, 16.78481208947703], [78.66228728369214, 16.78003073675564], [78.65269629536976, 16.77447982219687], [78.65060271069545, 16.77245813166888], [78.65267760074387, 16.76694958045328], [78.65928690298193, 16.76699785545227], [78.66455406681894, 16.76042689502314], [78.67235235433911, 16.7628369244002], [78.67496151829276, 16.76495776213104], [78.67690232621298, 16.76524573993504], [78.67785435458285, 16.76737495247676], [78.6801723324166, 16.7669697279603], [78.68376423440736, 16.76792754905697], [78.69219595955565, 16.76478845727674], [78.69617492055993, 16.76550507848196], [78.69605188475538, 16.75430622999837], [78.69752570171029, 16.75433682440342], [78.70299509748894, 16.7578474964532], [78.70548986797904, 16.75658412113748], [78.70989474794298, 16.75587042057243], [78.71561123686733, 16.75182117810083], [78.72133279425977, 16.75186461840394], [78.72600597877096, 16.75261372744634], [78.72634857543848, 16.75575523761638], [78.72873426830976, 16.75720429174015], [78.73357981051397, 16.75813106303925], [78.73849677693387, 16.75735326059045], [78.74576502164528, 16.75398540720759], [78.75442963378366, 16.75140192057401], [78.75726098800685, 16.7475899686624], [78.76158833693512, 16.74870634587568], [78.7808094045523, 16.74607679487138], [78.78285869440396, 16.75114509243126], [78.78961145708062, 16.76218945550003], [78.79515707831557, 16.78534419407073], [78.79313888382329, 16.78962892932262], [78.79177777754951, 16.80204131467205], [78.79525785253826, 16.81224941997406], [78.79782065092017, 16.80745803906599], [78.80210579924926, 16.82619283981156], [78.78753415916458, 16.83167477721078], [78.78953731716206, 16.83894495094593], [78.78902346295855, 16.83970507815043], [78.7865604399475, 16.84105557643511], [78.77565997851504, 16.8438255977229], [78.77883195686034, 16.85058525658291], [78.78126891822122, 16.85979462673167], [78.78084275187804, 16.86826620016467], [78.77359523785488, 16.87689504638945], [78.77198208429614, 16.88248976220635], [78.76787184967117, 16.87664050641084], [78.76005445096392, 16.87097337197735], [78.75202827211386, 16.86241438858161], [78.74980253151988, 16.85458012121057], [78.73082439864714, 16.86382186997144], [78.72795036072421, 16.8690122885716], [78.72669031087834, 16.86967563469839], [78.72824667303001, 16.87471748886903], [78.72775885159801, 16.88926662986456], [78.72854577887347, 16.89369612322146], [78.73161357086487, 16.89993093808821], [78.7355040367115, 16.90193954503774], [78.74147240680306, 16.90955039973349], [78.7450069944653, 16.9119810898476], [78.74530974693575, 16.91490948811527], [78.74285871148767, 16.91582531781096], [78.74328118932067, 16.91691426408147], [78.74115861488161, 16.91839359364468], [78.73787468943668, 16.91892717607564], [78.72956477561621, 16.9230187621798], [78.71673999538227, 16.92757419283746], [78.71545069965153, 16.92883416563032], [78.71342771885865, 16.92861817342496], [78.71241490302776, 16.93047287749209], [78.71008065735805, 16.93141652455158], [78.70754875636818, 16.93395031832062], [78.70186061960034, 16.9353223819369], [78.69583002568459, 16.93559689356589], [78.69619044076931, 16.9388289011144], [78.69694529613093, 16.94208236690681], [78.70142481008827, 16.94445831484597], [78.70386313652766, 16.9496479179975], [78.70396346773572, 16.95512987306095], [78.70209376915788, 16.96453425532916], [78.70729094526143, 16.96744506862668], [78.71154074601007, 16.96880594699371], [78.71870945826585, 16.96853143154294], [78.72561133424973, 16.97180445164313], [78.7318492157117, 16.9731543131015], [78.74172119241929, 16.97118301573603], [78.75636465466687, 16.96951722104681], [78.75317216793161, 16.97447911137782], [78.75279264637624, 16.98177044581944], [78.75390695189388, 16.98436182086558], [78.75703327721239, 16.9847673244913], [78.76070698908666, 16.98385220984644], [78.76244484393105, 16.98183138178875], [78.76719539350476, 16.9813727087199], [78.77407297929868, 16.98218833629602], [78.77705402044545, 16.98093269606371], [78.7787698673913, 16.97925073406056], [78.78905054673874, 16.97619972416655], [78.79260443321152, 16.9912467475364], [78.79896556033924, 16.99967293926648], [78.81633214170881, 17.00071547782864], [78.82267219950062, 17.00570838821346], [78.82502860089271, 17.01932081776006], [78.80980606080573, 17.02347845263552], [78.80749940370409, 17.02333343596233], [78.79638678201256, 17.02559181277433], [78.77660238656097, 17.03148776404514], [78.77714430781464, 17.03240561081437], [78.78285993976749, 17.040533000125], [78.7926035497632, 17.04177810933873], [78.79706580306275, 17.03567272324879], [78.80628907705677, 17.03453434577203], [78.81276816857847, 17.03216194508645], [78.82191245635062, 17.03033948074297], [78.82703858139634, 17.03391612982715], [78.83390425690585, 17.0363893814495], [78.83607556036509, 17.03811581863447], [78.8374514978982, 17.04106144973171], [78.83604378114036, 17.05522740081248], [78.83751155070456, 17.05901036264203], [78.84420664902059, 17.06846408126241], [78.84164961564123, 17.07397025944964], [78.83803127101883, 17.07596798144311], [78.8312749338521, 17.08595415248716], [78.82813872885332, 17.09204342119166], [78.81960121211954, 17.09406541077491], [78.81536045877637, 17.0962025022718], [78.81836803477574, 17.10412189758057], [78.81914462646722, 17.10899370148535], [78.82726345881476, 17.10485668489412], [78.83336022512823, 17.10344840755178], [78.83307206558028, 17.11304655410953], [78.82138301748768, 17.1200271820533], [78.81011073364253, 17.12493492906332], [78.80421179348194, 17.12947333364119], [78.79055759466327, 17.13558653548828], [78.78863048157304, 17.13761947581496], [78.78849457158793, 17.13647889197339], [78.78540214645888, 17.13729506645103], [78.7806295320403, 17.14363267347629], [78.78002535862083, 17.14764333364774], [78.77781623341004, 17.14800985949541], [78.77543030040852, 17.15138206425652], [78.77365071206754, 17.15532436581576], [78.77756053839927, 17.16217979896911], [78.78270086506588, 17.16066571523441], [78.78503818630446, 17.15909288523061], [78.7888273021661, 17.16257805589687], [78.78925917423497, 17.16484254190906], [78.78220915422379, 17.17874060168624], [78.78090096925156, 17.18632688952916], [78.77259876618986, 17.18889158199808], [78.7728539657943, 17.1925066758358], [78.77190214544113, 17.19482776375143], [78.75920919434363, 17.21396974814824], [78.78308020222903, 17.20722235097397], [78.79399201794119, 17.20329002258454], [78.79790158938926, 17.20275602231138], [78.80008540573498, 17.2037502260922], [78.80247854346396, 17.20775316159591], [78.80705096728589, 17.20783023720948], [78.81620773858457, 17.21210365772717], [78.81656966521452, 17.22534651462605], [78.81890793383457, 17.22812791189043], [78.82031809388805, 17.22829733355109], [78.81923040031927, 17.23224083795852], [78.81270928768595, 17.23380814298444], [78.80921343843931, 17.23815306760057], [78.8077097912254, 17.23844410456394], [78.80656324616452, 17.2404426615825], [78.80039503894061, 17.24197167713979], [78.79788753487334, 17.24353881242729], [78.79085679387727, 17.24412012501727], [78.78957931431597, 17.24221070951288], [78.78708222791903, 17.24472741711013], [78.77796768538975, 17.24574369317391], [78.77653093330393, 17.24806087252007], [78.76960029123528, 17.25007568121399], [78.76359080452546, 17.25487867307219], [78.759638842202, 17.2563612527337], [78.75759340413411, 17.25935606316487], [78.75325959592674, 17.26088513761689], [78.75493508586293, 17.26776747605036], [78.75223130839082, 17.27757128678527], [78.75247977398472, 17.28138067433839], [78.74994348663597, 17.28501790859442], [78.7468049036471, 17.2859914141304], [78.74502568607487, 17.28757755374033], [78.74106008640196, 17.29574730033661], [78.741233057106, 17.29745799897579], [78.7440393975646, 17.29629646136713], [78.74611912405835, 17.29638592629472], [78.74907440460375, 17.29858065057843], [78.75194259057663, 17.30210856973556], [78.75965987807952, 17.3023887659199], [78.76222051513183, 17.30344960404192], [78.75319849298059, 17.32924015648284], [78.74862603278784, 17.32937445247948], [78.74503982423084, 17.33082354725482], [78.74289871416175, 17.3291374187426], [78.74056668662212, 17.32932162719545], [78.73906135364685, 17.3270890885232], [78.73110684990068, 17.32639012394703], [78.7200344760023, 17.32845481155363], [78.71950318830886, 17.33097346946478], [78.72132467562756, 17.33102935725897], [78.72126997948841, 17.33238995586532], [78.71409909951124, 17.33403471530792], [78.71384043563212, 17.33917825080951], [78.70708461645309, 17.3463787829654], [78.70775091788846, 17.35232132079854], [78.71603927576054, 17.35887947912589], [78.73075134198666, 17.35230551873288], [78.7323455134913, 17.35408670703525], [78.72997920289963, 17.35805059691398], [78.73009606508488, 17.35919100466809], [78.73168630568635, 17.36141983179208], [78.73180571966134, 17.36699146816579], [78.73340862324325, 17.36781869109031], [78.73441567026974, 17.37365990043464], [78.73727712954702, 17.38065592730394], [78.73754435356159, 17.38603885936991], [78.73383313747706, 17.38608042018642], [78.73158275113938, 17.38497656847294], [78.7285272897259, 17.38540793297642], [78.72616460742864, 17.38839966579135], [78.72294631149526, 17.39590126105583], [78.71874503772199, 17.40011200573381], [78.71319194529013, 17.40069851420172], [78.70972152419648, 17.39908687695618], [78.70528804121155, 17.39465913390014], [78.70198396475575, 17.39393501226405], [78.69853506548954, 17.39514485506671], [78.69256253895368, 17.40345467100735], [78.68744780575867, 17.40499380080216], [78.68132554235933, 17.40344958402823], [78.67630985987603, 17.399879852711], [78.67374873667656, 17.39421957418712], [78.6742767382774, 17.3860445313763], [78.67290302245486, 17.38336948006571], [78.66969104441615, 17.38087765687716], [78.66217135230353, 17.378289904387], [78.65888464031184, 17.37877255070958], [78.65171877396654, 17.38465192656455], [78.6476896184944, 17.38545794636685], [78.64419962228096, 17.3850116325581], [78.64053215837684, 17.38341974031192], [78.63528888359701, 17.38313880441401], [78.6275423973284, 17.38511019491378], [78.61340992181091, 17.38710625008037], [78.59093867003996, 17.38748495284744], [78.58231500611521, 17.38951917286819], [78.5789288789448, 17.38954292761887], [78.57808409985843, 17.38924138676894], [78.5784837388206, 17.38401350126976], [78.57729843485322, 17.38290861143306], [78.57167377663268, 17.38262710736372], [78.57210572375294, 17.37795574498632], [78.57437350503147, 17.37238741539306], [78.57428241070427, 17.36774740384532], [78.57568563800011, 17.36870507237224], [78.58156851693582, 17.36371652549941], [78.57135947913117, 17.36090232416341], [78.56319807663998, 17.36057509429828], [78.55685389204616, 17.3612227805681], [78.55687670145204, 17.36462780420567], [78.55263883562134, 17.37081993424143], [78.5474699701087, 17.37304711440093], [78.54147345417306, 17.37183457064792], [78.53888522351974, 17.36978503438322], [78.53554534577772, 17.36237948397995], [78.52978087969518, 17.35887408826845], [78.5318783582804, 17.34581432653141], [78.52952376321919, 17.34915215792704], [78.52877115912378, 17.34908647827553], [78.52749375674794, 17.34405999788929], [78.52635256304269, 17.34329890525306], [78.52122295723133, 17.34306136600638], [78.5189327030713, 17.34562200151042], [78.51793724076151, 17.35142317196927], [78.51584909499066, 17.35211363443359], [78.51501290093654, 17.35100249079381], [78.51060664357976, 17.350934404916], [78.50594865065722, 17.34872948914755], [78.50737050758494, 17.33974740177727], [78.50481205543728, 17.33315500558361], [78.50715874952449, 17.31854914618315], [78.50565682677497, 17.31810101519479], [78.50305055597266, 17.31885884331581], [78.501902544127, 17.32203588879834], [78.4948798117865, 17.3182395181933], [78.49328616380193, 17.31802102241232], [78.48953521424993, 17.32022395514083], [78.47729318774229, 17.31768895191813], [78.47359488097163, 17.31476893268848], [78.47261399045586, 17.31037346962744], [78.46890222910234, 17.30557161838896], [78.46883459681561, 17.29800655686294], [78.4675357798378, 17.29751933937543], [78.46407007212503, 17.298548877527], [78.46109399114522, 17.29820845050991], [78.46014259683703, 17.29871488014602], [78.45440065274477, 17.30814654321876], [78.45338739978779, 17.31911575357244], [78.45166401073864, 17.3236706843635], [78.44337038543999, 17.32714051169884], [78.44211175841782, 17.32909971640759], [78.44215148764692, 17.33340032606694], [78.44003541294798, 17.33630541712245], [78.43187642120644, 17.33943233699936], [78.42687650273079, 17.33897681585564], [78.42342189811785, 17.34066149507441], [78.42321439667239, 17.34336797548547], [78.42912364430613, 17.34555521908083], [78.42591360648034, 17.34858524665452], [78.42720173997238, 17.35113221802657], [78.42969249123074, 17.35157251886676], [78.43880724947343, 17.34621239493545], [78.44111132218437, 17.34693999614437], [78.44226666911801, 17.34893816962481], [78.44189688718042, 17.35142152006226], [78.43658376067782, 17.35476603098614], [78.43279156524882, 17.35897059092568], [78.42822778703145, 17.35907999793169], [78.42689836451505, 17.36012973604856], [78.42856920391853, 17.372711755401], [78.41468024110888, 17.37070888747165], [78.41064068387811, 17.37198511389259], [78.40618494362468, 17.37120432692367], [78.40223021602209, 17.37245872212642], [78.3977642364821, 17.37044326194911], [78.3880356610158, 17.37088060069892], [78.3794331502179, 17.373463065368], [78.37680155408582, 17.3720803741203], [78.37382323056477, 17.37272888230781], [78.3717176769316, 17.37453013753634], [78.36789065112937, 17.37614230337269], [78.36788494341943, 17.37874353925862], [78.36916076111292, 17.37920845423638], [78.37938854182217, 17.37919739935872], [78.38515780969249, 17.38305272685965], [78.38944419419066, 17.38293693894192], [78.39510404740169, 17.38604495714168], [78.39546144258082, 17.39004995582102], [78.39230036730868, 17.39060656314861], [78.39186809740585, 17.39139362755673], [78.39546557140933, 17.39646991916436], [78.39483834343406, 17.39829497133734], [78.39265654701485, 17.39929533022767], [78.39274058767104, 17.40181955553389], [78.39460327900798, 17.40378221429951], [78.39787038287874, 17.40390488783848], [78.39922271754995, 17.40516157297092], [78.40293311175674, 17.40610239518166], [78.40399907803327, 17.40771805038172], [78.40015354268535, 17.41941330970279], [78.39570560106937, 17.42178837297752], [78.39496161354838, 17.42309226294839], [78.39568164198884, 17.42402621155652], [78.40130306191787, 17.42423989275294], [78.40136008664625, 17.42617167530215], [78.40499095382937, 17.43242447026579], [78.40895023148062, 17.43395551996089], [78.40978524383756, 17.43516183854156], [78.40858370626113, 17.43962641534601], [78.40890283781526, 17.44150597195177], [78.40485567152945, 17.44466750698993], [78.40461075583404, 17.44731474495861], [78.40279207797452, 17.44823734006536], [78.39481690099672, 17.44823114342348], [78.39313147427397, 17.45955896912617], [78.38816034632673, 17.46228147720899], [78.38193855799238, 17.47175565732486], [78.37340485357396, 17.47799180680008], [78.37291233858508, 17.4804057343124], [78.3746074328992, 17.49573694803346], [78.37967090474261, 17.50071113711805], [78.38213769243548, 17.50877470555638], [78.3749526012487, 17.51130760129548], [78.37147536565624, 17.51910405367086]]]}}, {"type": "Feature", "properties": {"dtname": "Ranjanna Sircilla", "stname": "Telangana", "_state": "TG"}, "geometry": {"type": "Polygon", "coordinates": [[[78.71738039913437, 18.63475192089296], [78.7153461272243, 18.63747283335043], [78.70910351446605, 18.63914662901713], [78.70612381670948, 18.64107344494627], [78.69666661487851, 18.6418390630168], [78.69005333523279, 18.63285621635274], [78.68815207927709, 18.63397418338133], [78.68800911744667, 18.63304232158244], [78.68456103628523, 18.63435945518771], [78.68337115058007, 18.63185104333228], [78.66988804681479, 18.62332435269648], [78.66668762026357, 18.61644790713172], [78.6608664675257, 18.60861828376703], [78.65410782837672, 18.59632590442025], [78.65111267058745, 18.59482252976969], [78.64396099356043, 18.59650928651492], [78.62211028263175, 18.58992178558806], [78.6181912341927, 18.5904883127201], [78.6173925169856, 18.59126294343483], [78.61514882881103, 18.59103542988672], [78.59986811399303, 18.57388921099577], [78.60021526526543, 18.56830984654292], [78.59856009999275, 18.5638847100126], [78.59944271793285, 18.56178254811312], [78.59856409228297, 18.55962448420723], [78.599089134932, 18.55479438963368], [78.59754070753947, 18.55306878325269], [78.5971955035318, 18.55065264389459], [78.59580203053956, 18.55100591191167], [78.59469864877121, 18.54984882569475], [78.58754717550636, 18.54922041264719], [78.5749592010428, 18.55034130901092], [78.5685298860735, 18.55189208694135], [78.56363045201745, 18.55488866005975], [78.56190070945634, 18.55447085441874], [78.55964314366906, 18.55236313245798], [78.56428914840224, 18.55247283340698], [78.56999817683116, 18.54664163514941], [78.5694812090748, 18.54383116318202], [78.55845062814086, 18.53365604227857], [78.55349698150665, 18.53071048239065], [78.55319611432073, 18.52858866749591], [78.5495436740491, 18.52247846090278], [78.55311638875166, 18.51378158530997], [78.55174521396918, 18.50405026133941], [78.54653409115548, 18.50373627834908], [78.53944931540234, 18.49616666909391], [78.53147960340256, 18.47872050178834], [78.53173350992688, 18.47576186408243], [78.53007366815997, 18.46817607665794], [78.53023545846793, 18.46528107171805], [78.53162253751191, 18.46343213648117], [78.54308862232097, 18.45989948926014], [78.54450896743613, 18.4580281223653], [78.54736453781412, 18.45277183222687], [78.5540746925836, 18.43082656410771], [78.55355998387985, 18.42878847305547], [78.55178857727886, 18.42696939188237], [78.54897337094552, 18.42585025246536], [78.54146652937948, 18.42001584437418], [78.54190846646897, 18.41242046557348], [78.54468246095468, 18.40768762326949], [78.54747942853946, 18.4049024943406], [78.56497516043434, 18.39051543565953], [78.5629371988158, 18.38547875558528], [78.54971362358111, 18.38774051933409], [78.54516866561829, 18.38736020794882], [78.541389483804, 18.3889751206308], [78.53154207046764, 18.38754067126699], [78.53021359112903, 18.37980121321795], [78.53539908922558, 18.37009274541175], [78.53336402324248, 18.36052710563404], [78.5438892330157, 18.3510926975484], [78.54624388528167, 18.34534333234755], [78.54451581295764, 18.34297264269228], [78.54954519767001, 18.33641182455835], [78.54910175632769, 18.33437883106429], [78.53726328642614, 18.31782174118679], [78.53818907996538, 18.30902273071591], [78.54122640968991, 18.30005765703329], [78.5339499893488, 18.29113368229068], [78.528626300954, 18.29175817191777], [78.52392761066778, 18.28810863032248], [78.52375199345094, 18.281882311743], [78.52120571352839, 18.27871344738157], [78.5247882008444, 18.2767083038209], [78.5255354353659, 18.27532777998533], [78.52940177997029, 18.2742380755552], [78.53189872744043, 18.27149971598666], [78.53778942157727, 18.27326651155083], [78.54033046256262, 18.27319034283962], [78.5432972921003, 18.27028441557204], [78.54191043771765, 18.26752401587142], [78.54370869730305, 18.26462095191995], [78.5527820558557, 18.25886468617892], [78.55368850211403, 18.25666281311893], [78.5535270111784, 18.25102124892588], [78.55578770468571, 18.24772010202117], [78.55620083576639, 18.24470484115266], [78.55770621338071, 18.24219222913365], [78.55954094397752, 18.23603984993539], [78.56372081723036, 18.23041477726942], [78.56471263286846, 18.22673135403547], [78.5670980270986, 18.2241632804335], [78.56757729339517, 18.22255871459546], [78.57483778490689, 18.22342402853452], [78.58470089642077, 18.23863437703064], [78.58856573265366, 18.24867355340449], [78.61610459448356, 18.24795940036831], [78.6173325514326, 18.24961515802629], [78.62767303533421, 18.24652427764061], [78.62857803321901, 18.24684848467119], [78.6310602203843, 18.25090126923446], [78.63212153409474, 18.25467954260383], [78.6401667065727, 18.25670177649297], [78.64553606674134, 18.25512149070007], [78.64486351093522, 18.25371918301933], [78.64535252014595, 18.25302753494164], [78.6599666024578, 18.24611264667582], [78.65975924125534, 18.24401843383576], [78.66313434590539, 18.24421914746211], [78.66335345584622, 18.24103501871177], [78.67014444306311, 18.24160830932051], [78.67633613114707, 18.23544264651584], [78.68503270052686, 18.23298572886056], [78.69003701594356, 18.22985557130296], [78.70040349210728, 18.23140266222985], [78.70266154552041, 18.23477033830333], [78.71147711689554, 18.23426115166249], [78.71827102695727, 18.23190897571287], [78.72658553764121, 18.2276982475791], [78.7271187234572, 18.22678531395628], [78.72735069335768, 18.22102063456412], [78.72365428745532, 18.21718482794315], [78.72336212845, 18.21550578858532], [78.73545655239144, 18.2147018982214], [78.74274856762024, 18.21628028729013], [78.74998233922013, 18.22120673229803], [78.7531457588911, 18.22891572717576], [78.75925186881805, 18.23577610608372], [78.76006212387695, 18.23904484374974], [78.76156290625016, 18.24098232696061], [78.76099872851536, 18.24516346450731], [78.76291673460726, 18.25073232624346], [78.76748648269472, 18.25762616241626], [78.76911278213204, 18.26274423420552], [78.77585230022883, 18.26122591512717], [78.79273361560182, 18.25365148236625], [78.79845672607627, 18.25419407697701], [78.81073750581812, 18.25285877115186], [78.81670285351174, 18.25329432017151], [78.81756866933834, 18.25270461782955], [78.82128446947904, 18.25291901926204], [78.82265247920365, 18.25389684183419], [78.8256579781055, 18.25365818648507], [78.82766987439366, 18.25235436329278], [78.82820178059467, 18.25320812005275], [78.82942811416171, 18.25249458409019], [78.8293094389481, 18.25088939156409], [78.83168479393113, 18.24966065686163], [78.8354085089448, 18.25005108953578], [78.83737314396906, 18.24872421248878], [78.83987137498762, 18.24805664743319], [78.84212836589819, 18.24851248119192], [78.84575975879774, 18.24695430161624], [78.84914835642655, 18.2438938916167], [78.8513260538832, 18.23971234004126], [78.85574804741118, 18.23466679443793], [78.86898552073188, 18.24034464126431], [78.88114745169004, 18.24176551372565], [78.89007506752296, 18.23910313965836], [78.89139068238364, 18.2447530152688], [78.90790259302626, 18.25279382152171], [78.910511569405, 18.25301657439785], [78.91453450176209, 18.25561324382757], [78.93339022144012, 18.25589654397511], [78.94036783354163, 18.25398157739951], [78.94003543119278, 18.25258960214897], [78.94137275250091, 18.25312129171239], [78.94361296204023, 18.25214780796074], [78.9445041505232, 18.25367269705917], [78.94907919632061, 18.25291056693952], [78.95428781127283, 18.25337751684506], [78.95732458701958, 18.25213851853591], [78.95764467171017, 18.24981231943269], [78.9546509448241, 18.24332504134701], [78.95076809044173, 18.2397314606731], [78.950360903548, 18.23748324271174], [78.95451805500738, 18.2075633167491], [78.95764714078915, 18.20655093642553], [78.96408653254878, 18.20731577955859], [78.96425088712404, 18.20972609669479], [78.96948187936245, 18.21093082373272], [78.9708615227226, 18.21519191770619], [78.97357520535265, 18.21831147904872], [78.98053331757693, 18.22173234152869], [78.98826142762503, 18.23203194756517], [78.9923582693076, 18.2361506897821], [78.99242046725703, 18.23728998862596], [78.99557306503603, 18.24123021291832], [78.996147462781, 18.24587988954944], [78.99281741027913, 18.25021747208631], [78.98957314297932, 18.25202031854935], [78.99077304099639, 18.25588362666317], [78.98804168831748, 18.2580153808292], [78.99077722589067, 18.26270293386013], [78.98743658489231, 18.26591948671073], [78.98817385785964, 18.26845089350842], [78.98712852857194, 18.26966820620914], [78.98683840793286, 18.27781843715028], [78.9896969450552, 18.28622134627092], [78.98716876262391, 18.28953857552261], [78.98739206230277, 18.29063378023429], [78.98932309458502, 18.29358473018149], [78.9914347686995, 18.30133154346159], [78.99507445267035, 18.30296586982128], [79.00078113335668, 18.30282057352081], [79.00207180995623, 18.30478625692614], [79.00376091424958, 18.30416090835465], [79.00541851125712, 18.30701935361462], [79.01491568905475, 18.31114342202495], [79.01607949754496, 18.31302232883081], [79.0192452081629, 18.31544824461031], [79.01985359647574, 18.31757635467612], [79.01884304147906, 18.31981971520826], [79.02129078186353, 18.32336583677397], [79.02041671935767, 18.33069394327494], [79.01880679875256, 18.33210630056958], [79.01523058403473, 18.33259666769089], [79.01221217344913, 18.33627664856248], [79.01402243099835, 18.34214113232153], [79.01346124719453, 18.34376395138098], [79.01134620248695, 18.34560197017087], [79.01651623611808, 18.35273681339894], [79.01803328553656, 18.35799812112626], [79.02050284479729, 18.35995825637694], [79.02473827236668, 18.36623690290175], [79.02277681951625, 18.36903855414239], [79.02268391828687, 18.37193887027677], [79.01934461076952, 18.37541782000958], [79.00868844897093, 18.37826761921244], [79.0086395260072, 18.3803323267812], [79.0063021845569, 18.38086275021677], [79.00540904945717, 18.38625638725993], [79.00618825044535, 18.38834485393685], [79.00921107647052, 18.39103195419355], [79.01631713142434, 18.39393243362487], [79.01808264376643, 18.39954323161492], [79.00602410194723, 18.40053047054057], [78.99708783304821, 18.39986704050686], [78.99559451569388, 18.40385559396993], [78.9910075795417, 18.40941283054477], [78.99029862899943, 18.41294587995768], [78.98860348173478, 18.41545085228772], [78.98937412698575, 18.41741278490021], [78.98637466939753, 18.41718376087183], [78.9810840945994, 18.42000210283332], [78.97819940330709, 18.42023017497993], [78.97607462209207, 18.4256011407236], [78.97414365460452, 18.42735870464069], [78.97830463621223, 18.44198301436657], [78.99147435047276, 18.44092381899976], [78.99117380338167, 18.44796600180437], [78.98910139935096, 18.45391127265988], [78.98799795803689, 18.45456319026777], [78.98743838599738, 18.46204170729546], [78.97082389987749, 18.45473511366673], [78.9603219606161, 18.45298363298448], [78.95969813747236, 18.45224721883362], [78.95758353767214, 18.4526205650098], [78.94797590208111, 18.44381711899807], [78.94495196190246, 18.44780765260175], [78.94288814350308, 18.4525098979817], [78.93844770037401, 18.45716326234174], [78.93570623436712, 18.46426428239763], [78.93066046765479, 18.46759819738043], [78.92303796048917, 18.47453674471256], [78.92295591930495, 18.47882856919728], [78.92790041497318, 18.49048595841422], [78.93001411742465, 18.49205127219337], [78.93497084935956, 18.49281942734402], [78.94682283745801, 18.49952486469176], [78.94756317710927, 18.50230893532055], [78.95105350047965, 18.50708279358161], [78.95403772133999, 18.51299614953639], [78.95472777928454, 18.52394873464361], [78.95735710503722, 18.52746923165644], [78.9568856576156, 18.5277865977897], [78.95802761133814, 18.53252534562243], [78.96058061544242, 18.53492927486134], [78.96074079562494, 18.5362406155971], [78.9592810409552, 18.53815489370041], [78.95919767528943, 18.54271307294254], [78.95636589737023, 18.54380867536601], [78.95682591458568, 18.54554247813189], [78.95599667777581, 18.54676998511351], [78.95618421535056, 18.54820804805943], [78.9529147612779, 18.55251735895867], [78.94900032779994, 18.5539167890703], [78.95204033775134, 18.55944625562925], [78.95298707356045, 18.56372263456377], [78.95601588674204, 18.56950493858217], [78.9570864161525, 18.57670986091968], [78.95326768171465, 18.57912659594234], [78.95372823583101, 18.58019613287612], [78.9485461908937, 18.58066475557928], [78.94504594292147, 18.58232918905593], [78.94480836449425, 18.58182146197443], [78.93878615817891, 18.58367074719039], [78.93062445830024, 18.57168824086746], [78.92881172134503, 18.56617657422916], [78.92661039482624, 18.56598428726613], [78.92422236393465, 18.57013234000387], [78.91939460367432, 18.5725140441439], [78.91630173722514, 18.57534206693033], [78.91077282590432, 18.57011448647294], [78.90466089203551, 18.55163549080565], [78.90282687977805, 18.54999084440306], [78.90084074734305, 18.55246549640917], [78.90139659201299, 18.55400582465489], [78.89994220424732, 18.55459587337857], [78.90038902784852, 18.55787030459418], [78.89712262034384, 18.55933236508569], [78.89897416390068, 18.56288379287115], [78.89724372440274, 18.56477305252726], [78.90011012013643, 18.57110611011418], [78.90149601971869, 18.57773082158545], [78.89331118393191, 18.59707431899257], [78.88612716375853, 18.59663193635201], [78.87997212255198, 18.59094263886892], [78.87368184264551, 18.58674764200836], [78.87153562478647, 18.58730510801024], [78.8627787378893, 18.59253812170609], [78.85518462935397, 18.58736121801864], [78.84209160785826, 18.59096069462442], [78.8339556738128, 18.59494582538676], [78.83175471512209, 18.5963428263077], [78.82458074088152, 18.60466769927548], [78.81522742389838, 18.6057466146146], [78.81240339764894, 18.60464460270791], [78.80059142940945, 18.61218669151783], [78.79155527182199, 18.6208254368398], [78.76934380731318, 18.62039461073441], [78.7605479602705, 18.61888229950996], [78.75468266080556, 18.62670487044142], [78.7544686459205, 18.63049356610937], [78.7486509534026, 18.6313542976849], [78.74534726703382, 18.6298409235718], [78.73421545407443, 18.6298355004518], [78.73059480647123, 18.63036594974302], [78.72711577607957, 18.63199528220832], [78.7255077446904, 18.63164765538531], [78.72350094199295, 18.63292773821637], [78.72193405893209, 18.6322099520316], [78.71738039913437, 18.63475192089296]]]}}, {"type": "Feature", "properties": {"dtname": "Sangareddy", "stname": "Telangana", "_state": "TG"}, "geometry": {"type": "Polygon", "coordinates": [[[77.6486771043739, 18.28438095597984], [77.64159932272982, 18.28607430192802], [77.62562610904503, 18.28401053734711], [77.61993974941674, 18.27449523739786], [77.60035532942042, 18.27561845183368], [77.59752982955882, 18.27188696354504], [77.59579828539533, 18.26686331787515], [77.59398768942738, 18.26442505984223], [77.5911852588017, 18.26241175706662], [77.5845366942675, 18.26172237024979], [77.58199439661426, 18.25962637981901], [77.57934936801593, 18.25586223012139], [77.57701007012632, 18.25013398712693], [77.57574987697406, 18.24958627454844], [77.57378437286246, 18.24498776077675], [77.57177963552489, 18.24400190982935], [77.57315500369629, 18.24243315188328], [77.57301157224605, 18.23944422157175], [77.57617620164434, 18.23729848963929], [77.5805178837311, 18.23216867768943], [77.57988045703875, 18.22815746685399], [77.5818474330083, 18.22697195453367], [77.58149475156277, 18.22485533668616], [77.58531465804055, 18.21982031824626], [77.58057923625209, 18.21384936139071], [77.57482154326027, 18.2016271237013], [77.57214810229702, 18.2035149287541], [77.5653012843959, 18.20398193152128], [77.56367484067664, 18.20098905307761], [77.56348120865279, 18.19535096682554], [77.5640489567253, 18.1942614700465], [77.56657421146417, 18.19426632989806], [77.5706888215906, 18.19216929103534], [77.57230314676485, 18.18825598217758], [77.57198935831894, 18.18447895863801], [77.57465466699966, 18.17654266893136], [77.57472220683859, 18.17409771446535], [77.5771563826447, 18.17249270827348], [77.58131392087479, 18.16231670456094], [77.5835283736921, 18.16072980936293], [77.5842158543711, 18.15923378370645], [77.59239511586567, 18.15544024818834], [77.59684288128028, 18.15594761519822], [77.59430703214385, 18.1376962214556], [77.59450859031001, 18.13137396291555], [77.59699074773452, 18.1236744853964], [77.5991606849998, 18.12099449956922], [77.601554057675, 18.1059033550866], [77.6008772280977, 18.10234525225543], [77.59887446542172, 18.09824869148982], [77.59880370976003, 18.09333132210845], [77.59695415000324, 18.08676695631308], [77.58551297179656, 18.08184289658044], [77.58358117304748, 18.08245828036169], [77.57592261376249, 18.07805904830557], [77.56942663796794, 18.07824423696798], [77.56592167375474, 18.07667397740704], [77.5597138028895, 18.07188226207084], [77.55943054294512, 18.06960131820018], [77.55806134007328, 18.06832301255449], [77.55742500151656, 18.0637312783045], [77.54833519508941, 18.06521048353768], [77.54763567265918, 18.05613112398761], [77.5486092051651, 18.05456234135769], [77.54961072192832, 18.05438940655018], [77.54947857973296, 18.05124186645426], [77.55183453706887, 18.05069541076316], [77.55286956654147, 18.03879921379409], [77.55378632298188, 18.03582085140565], [77.56061431351912, 18.03622474272804], [77.57376632755562, 18.03246551722156], [77.57847718387717, 18.03279519618165], [77.58059457280372, 18.03158233654269], [77.58324648342794, 18.02826212182577], [77.58489128382486, 18.01678557297563], [77.58859021582124, 18.01215627958912], [77.59117440710088, 18.01145429196082], [77.59585594288983, 18.01285095649085], [77.59781044857374, 18.01421061910658], [77.6016428448304, 18.01984017103608], [77.60593384103471, 18.0202329874994], [77.60794392858033, 18.01795790914117], [77.60747065095539, 18.00985393502641], [77.61155023023787, 18.00804275887827], [77.61966183510638, 18.00649371674662], [77.62778743746895, 17.99678718649722], [77.63874532393447, 17.99645254602472], [77.6463373057738, 17.99927995367373], [77.64890562613618, 17.99887761915219], [77.65203984445702, 17.99389434785514], [77.65133555598452, 17.98769630804863], [77.64821412361646, 17.98025620001629], [77.65082401132553, 17.97503356197833], [77.6550200073181, 17.97094910232563], [77.65577958224806, 17.96827909245787], [77.64951439998786, 17.95906852659495], [77.64948494777984, 17.95001525189811], [77.64089965740389, 17.95411351237941], [77.64062100554203, 17.95188635279593], [77.63721318440827, 17.95232476528357], [77.63497141536851, 17.95786344938337], [77.63512724104687, 17.9592458292011], [77.6332911205776, 17.9603662598753], [77.63301285339422, 17.96738210165408], [77.6245445387792, 17.95960286027689], [77.62838206653977, 17.95858641590466], [77.63288503496966, 17.9558034943134], [77.63251187689035, 17.94667342364907], [77.62294472789851, 17.94552145666067], [77.61868300307907, 17.93949030672484], [77.62163302961797, 17.93232096223168], [77.62199651119856, 17.92957426328747], [77.62034029564289, 17.92184908551987], [77.62113333221635, 17.91578194721316], [77.61903861456425, 17.90405863369153], [77.60518392379409, 17.90781170251493], [77.59999375943879, 17.90413821428556], [77.59491149203718, 17.90513583229189], [77.58916816358884, 17.90787699169807], [77.58633668843977, 17.90861730724505], [77.58606317422131, 17.90783570075852], [77.58499811590627, 17.90192641653617], [77.58506518593661, 17.89766178912976], [77.58633004198742, 17.89644681756932], [77.58599090837488, 17.89384459041756], [77.59069151777568, 17.88890775714218], [77.5958264024756, 17.88135516581687], [77.60037008633604, 17.88060140040495], [77.5990765108777, 17.87308729402531], [77.59448593854586, 17.87233213790144], [77.5834178861436, 17.87703723626748], [77.5808663870021, 17.87536540683427], [77.58058886940269, 17.87344624445065], [77.57854593391288, 17.87370776792237], [77.5763987842289, 17.87541940481519], [77.57345663676661, 17.86918878727597], [77.56999896792439, 17.86764728716217], [77.56932481641083, 17.85156426586799], [77.56484345903492, 17.8511879189964], [77.56743520999896, 17.84541968961414], [77.56068270745932, 17.83864554034973], [77.55402610826707, 17.82006789238667], [77.54890871381544, 17.81937919321681], [77.54874145204177, 17.82279315788842], [77.54669660629571, 17.82848457727048], [77.544248638255, 17.8284338586373], [77.54371128456337, 17.82767014523379], [77.54131003368411, 17.82858166999858], [77.53237622729921, 17.82911061919837], [77.52822142647062, 17.82789782450562], [77.52841072343381, 17.82675947070057], [77.5276515001973, 17.82646092016459], [77.52940174757236, 17.81717349374063], [77.52903147079716, 17.81293122201872], [77.52693720719058, 17.81330512469778], [77.5229435638052, 17.8114056153799], [77.51711750772023, 17.80604446893188], [77.51493901741979, 17.80544689805982], [77.51486946593378, 17.80354492024285], [77.5111346985474, 17.79566844201213], [77.50900359342255, 17.78778382732922], [77.50758412124691, 17.78786428331442], [77.50655738670515, 17.78595267559282], [77.50633618034125, 17.78531554821368], [77.51035450034391, 17.7843692764451], [77.51233176461267, 17.78212967978654], [77.51751391062122, 17.78249406728031], [77.52211269806719, 17.78055398981436], [77.52635603296409, 17.78163142957716], [77.52711067974643, 17.78133816838], [77.52699831149972, 17.77989697021519], [77.52867188743771, 17.78065679053481], [77.53166266210711, 17.77848978703781], [77.53439334469289, 17.77762822450653], [77.53580300586435, 17.77811227887712], [77.53658955927364, 17.77994230584348], [77.53750908034029, 17.77993369458941], [77.54054217258158, 17.77777109132047], [77.54025652879443, 17.77437805687482], [77.54605507719863, 17.77165578318783], [77.54822910562011, 17.76706050402464], [77.55010013918479, 17.76720822464625], [77.55485901843718, 17.76397085777052], [77.55982792908084, 17.76341759674437], [77.5662779368662, 17.76675312459865], [77.56914953350407, 17.76649197170581], [77.56898112423978, 17.76237178774912], [77.56726578511412, 17.75959740690878], [77.56853424195192, 17.74890635676437], [77.56438640688395, 17.74785642975627], [77.56094104578246, 17.74280930316601], [77.55800909392308, 17.74138516423147], [77.55669518962708, 17.73737739857172], [77.55267899259718, 17.73590755085475], [77.55059009644232, 17.73676519702191], [77.54861044644967, 17.735765964682], [77.54833757218148, 17.73452342946868], [77.54622673577846, 17.73282394217794], [77.54702413752058, 17.72845704604864], [77.54596388177377, 17.72684073276135], [77.54218786276142, 17.7289367024518], [77.5391475545863, 17.72788726191481], [77.53733693879771, 17.72858673100653], [77.53328314861973, 17.72767667631601], [77.53132620252819, 17.72866966090152], [77.52858906154849, 17.72516693789252], [77.52470931747688, 17.72509713331736], [77.52200747658178, 17.72602649345977], [77.52051394897272, 17.72443549162601], [77.51824226313899, 17.72358019555836], [77.5165519804059, 17.72015918246335], [77.51165360937738, 17.7209244782112], [77.50954315154888, 17.7189281212246], [77.50987003858029, 17.7173840997088], [77.50914400499583, 17.71629215468424], [77.50726751465491, 17.71667053326686], [77.50469445140241, 17.71557554516352], [77.50145047182161, 17.71663521384779], [77.49705385875528, 17.71551401405627], [77.4941794066999, 17.70992263300143], [77.4922692006915, 17.70812563211233], [77.48600914512257, 17.70792591286508], [77.48602384777479, 17.70893787836947], [77.48489128017093, 17.70914312996251], [77.4841505274998, 17.70560468919028], [77.48217573466195, 17.70599883045243], [77.47973280882985, 17.70393544654781], [77.47745224223287, 17.70534624790987], [77.47190763338335, 17.70299964970112], [77.46748158436777, 17.70298370124496], [77.4588678588484, 17.6986231244653], [77.45782281937244, 17.69630052359219], [77.45243015667113, 17.69470338550373], [77.45216002492089, 17.69113900553236], [77.45322925181938, 17.68957094620689], [77.45504352328352, 17.68892872079416], [77.45370397579983, 17.68649419280791], [77.45348793646338, 17.67711095828977], [77.4548205274787, 17.67448111896291], [77.45133825485733, 17.66400132032814], [77.44892838867496, 17.65943026203806], [77.44821828687763, 17.65112239583184], [77.45001338199631, 17.65057961361746], [77.44971858619886, 17.64395671048159], [77.45223311633384, 17.63999822705742], [77.45207615068337, 17.63642023142121], [77.45589167786393, 17.63417794543196], [77.45575430836176, 17.63248836199453], [77.45114727414376, 17.6232061604134], [77.44872959197725, 17.60934205402899], [77.44476293508399, 17.60940669614505], [77.44613836327305, 17.59646734692908], [77.44328666219712, 17.59168852265567], [77.44498044183013, 17.58624855494089], [77.44311899745209, 17.5839631903542], [77.45144148386011, 17.58217120817687], [77.4556196060218, 17.58233223724175], [77.45858134489932, 17.5799727658825], [77.46181294807461, 17.58075298648115], [77.4705938476388, 17.57338507022972], [77.47082385810683, 17.57185795393522], [77.47425285707915, 17.57200990885866], [77.47623032215256, 17.57061293647873], [77.47805099202903, 17.56680353312397], [77.48394306060091, 17.56672816279967], [77.48539415496673, 17.56746829117601], [77.49406572304689, 17.56835788467432], [77.4945620443021, 17.56379915684237], [77.49612406743442, 17.56127730661501], [77.49618420926514, 17.55961472824239], [77.49735568124072, 17.55771203685139], [77.50043264153601, 17.55619422100606], [77.49944200387749, 17.5517797131245], [77.50002951558331, 17.54672469309701], [77.50216443732326, 17.54444909025301], [77.50689876192793, 17.54227896822845], [77.51543989756584, 17.55241736798965], [77.51649074294643, 17.5591494523551], [77.52285852274292, 17.56695511865206], [77.52838340489234, 17.57536553886381], [77.53743626198195, 17.57544214371243], [77.5451234981257, 17.56439048338914], [77.55055929877007, 17.55173383636514], [77.55423659470243, 17.55384955142937], [77.56084932110728, 17.5525688297266], [77.5673660959114, 17.55635681488055], [77.57153405711504, 17.55662006539477], [77.58196513773031, 17.55988457017867], [77.58809544786915, 17.56000291079378], [77.58907112766202, 17.56469751146698], [77.59379986833898, 17.56451313945293], [77.59722571996133, 17.55372521643743], [77.5957006297675, 17.54902647786656], [77.59558361651126, 17.54487460786176], [77.5956227318123, 17.53658897959627], [77.59689928998955, 17.53430317428855], [77.59963034292679, 17.53571312723203], [77.60223925399077, 17.53527524836551], [77.60301147252541, 17.53584007000516], [77.60738192871317, 17.53225342591256], [77.61008485620594, 17.53283195753085], [77.61206249467274, 17.53475670159618], [77.61321165182461, 17.5329587027467], [77.61529308439879, 17.53244381144258], [77.61935713568617, 17.52887495506808], [77.62097225035525, 17.53039751158135], [77.62155620873035, 17.52895183366565], [77.6229406571981, 17.52816125371098], [77.62338806020614, 17.52562677764117], [77.62796035407825, 17.52363446441074], [77.63111999047038, 17.52496266321284], [77.63165677375349, 17.52394162918096], [77.63699666327676, 17.52571241876764], [77.64017039605064, 17.52516106745252], [77.64044343570104, 17.52414906162306], [77.64526509354091, 17.52238222291272], [77.65859086663266, 17.52205077084441], [77.66200957713994, 17.5228227469329], [77.66654291515697, 17.51712946999929], [77.66706493407389, 17.51418827500574], [77.66864171932838, 17.51160828577632], [77.67545412636787, 17.50862048017107], [77.67749324531212, 17.50997983522304], [77.68341592739193, 17.50817564425801], [77.68596821178572, 17.50919593149183], [77.68753407004226, 17.51165396222043], [77.68697370569838, 17.51218039811494], [77.68735761315723, 17.51936387250527], [77.69053859224869, 17.52627976209648], [77.69491385181226, 17.5279093027602], [77.70069164453297, 17.52729268510059], [77.70144423157872, 17.52526380880007], [77.70356852164765, 17.52616202561575], [77.70576669414652, 17.52436757668231], [77.70943563812075, 17.52577113666307], [77.71008658352217, 17.52797105338214], [77.74365736571258, 17.54929200098849], [77.74663829154063, 17.54890167484184], [77.75413028438875, 17.55465344031587], [77.76131414952727, 17.55799211544319], [77.76018863081276, 17.57278091757694], [77.76148066540271, 17.57917269101251], [77.76504282694229, 17.5843682393001], [77.76991167255882, 17.58409148095226], [77.77278657248189, 17.59330663307252], [77.7741601212822, 17.60099694301449], [77.76741201803725, 17.61262546609315], [77.76177820346214, 17.61327223966948], [77.7616310533859, 17.6153682173087], [77.7604419045053, 17.61543886525423], [77.75761461506181, 17.61430839443499], [77.74956315553952, 17.61352209307417], [77.74986351150893, 17.61766296054605], [77.74564795781406, 17.61770571446469], [77.74639698938142, 17.62407057313077], [77.74957572629512, 17.62440051650184], [77.75226624466445, 17.6235218670705], [77.75641129236413, 17.62517577898337], [77.75872144790999, 17.62519637077304], [77.76231736036982, 17.62768856105998], [77.76440680809219, 17.62628661365973], [77.76876463807481, 17.62689405484268], [77.77139368585597, 17.62601888219917], [77.77622971573253, 17.62682206377881], [77.78191448787472, 17.63070152792722], [77.78350560697311, 17.63871983109545], [77.79022005974298, 17.63772465286439], [77.79142750446222, 17.63257663895227], [77.79426801023025, 17.6279920162424], [77.79707503763882, 17.62583014589199], [77.79979363953726, 17.62495123155128], [77.79915335454803, 17.62658891749801], [77.80383294224761, 17.62780547433228], [77.81031364793198, 17.62766115726946], [77.8158935385951, 17.62648807394243], [77.81905175862232, 17.63001365945216], [77.81971247402379, 17.62962405478519], [77.82290963316659, 17.63202429418359], [77.82590440505015, 17.62886979067106], [77.82990028577161, 17.6280201071572], [77.83373671931678, 17.62537339557214], [77.83422851502206, 17.62595822222788], [77.83558380244483, 17.62512066057877], [77.83905300129697, 17.62137510271866], [77.84315590518126, 17.61887619548364], [77.84919435894231, 17.61862566335672], [77.85154222554333, 17.61689157323074], [77.85590982245039, 17.61293071991093], [77.85534612168944, 17.60997587263547], [77.85280683792122, 17.60842522733619], [77.85785887223187, 17.61034156342057], [77.85836406149463, 17.61238692863405], [77.86175929597947, 17.61304379536529], [77.86297127241052, 17.61688838026553], [77.86596319402622, 17.61809175665966], [77.86660728073007, 17.61998954510685], [77.86741436646919, 17.61957456222076], [77.8661538143142, 17.6165343131569], [77.8672915352966, 17.61431934510652], [77.8674707856025, 17.61079941007032], [77.87491591297528, 17.60300137818126], [77.87308991459442, 17.60064597721296], [77.87013991527847, 17.59984551786791], [77.86869578109012, 17.59678936243422], [77.87110415985207, 17.59402934271389], [77.87073620533245, 17.59298947250795], [77.87232773708547, 17.58961351093589], [77.87108831305738, 17.58887484968633], [77.87153924614798, 17.5854757969652], [77.87274727808914, 17.58256990412729], [77.8763246127627, 17.58120324458703], [77.8821293839007, 17.58107104148796], [77.88610671029146, 17.58010250554735], [77.89728498372335, 17.5821425959321], [77.91293800289634, 17.57624262651623], [77.92192718895546, 17.57482314476617], [77.92681233287249, 17.57254461917553], [77.92938111181293, 17.57220474759101], [77.93236396603423, 17.56723103714347], [77.93651283902723, 17.56753411010544], [77.93611311820878, 17.56565737919448], [77.93411825114221, 17.56356267638899], [77.93379199831965, 17.56075546549941], [77.93508579636047, 17.55877707726174], [77.93593211446559, 17.55496665905597], [77.94018463306888, 17.5509122443309], [77.93895405080116, 17.54190886359863], [77.93666043290379, 17.53889720007246], [77.94395325127942, 17.53839229840946], [77.9629811989418, 17.53389899434012], [77.96793199249585, 17.53006035050085], [77.96846371827553, 17.52757071190073], [77.97416506685734, 17.51849137736677], [77.97283299504475, 17.51360597856403], [77.96683518045062, 17.50694710777926], [77.96597359782413, 17.50469866537868], [77.96761245226976, 17.4916146772009], [77.96458510118738, 17.48449801605283], [77.98081577359203, 17.48384930562409], [77.98083110226092, 17.4859610220039], [77.98258198995859, 17.48941804080148], [77.98402798762727, 17.49056097344329], [77.98491894776622, 17.49457308420255], [77.98821297855515, 17.49896608200696], [77.98763516356894, 17.50251319156939], [77.99101415173301, 17.50691165503632], [77.99262801120602, 17.50377916939408], [77.99421843279845, 17.50321915219031], [77.99523101202732, 17.50067639937437], [77.99866569416298, 17.49848758784558], [78.00777161521937, 17.49608020617761], [78.00469367907021, 17.49133728879054], [78.00542897119048, 17.49057725175267], [78.00050365784212, 17.48290981353968], [78.00192819203927, 17.48167399335862], [78.00425446146585, 17.47509975329552], [78.00829749440389, 17.47282293809118], [78.01993916944745, 17.46947702048397], [78.022587061295, 17.46499065581357], [78.03104493024341, 17.468262931129], [78.03063956664433, 17.471278674826], [78.04043525001721, 17.47121548000806], [78.0412359254449, 17.47047869676325], [78.03946070259686, 17.46664662893032], [78.04084786068205, 17.45782280677537], [78.04541504699887, 17.45802460947924], [78.04604410481635, 17.45330224958527], [78.04769443364886, 17.45129104194784], [78.05694844726422, 17.44886965661156], [78.0629238057651, 17.44870740062276], [78.06303233143935, 17.45096945321763], [78.07021346996908, 17.45578097452985], [78.06673620756494, 17.45961861820093], [78.06447828508168, 17.45800780463444], [78.05949697979099, 17.46073944924991], [78.05608398700548, 17.46896495228664], [78.05303242593061, 17.46965422107813], [78.05340831711703, 17.4754670475841], [78.05228257923348, 17.47443348385941], [78.04997870033014, 17.47589208065248], [78.05157516576024, 17.47883384055072], [78.05765541436068, 17.4797800930542], [78.06378261957241, 17.49001723508687], [78.07124043897336, 17.49589292301819], [78.07111333336984, 17.50036133039474], [78.06564764729211, 17.50071833246681], [78.06559403816425, 17.50199723257198], [78.05869358579038, 17.50443243911848], [78.0580777711599, 17.50886550878523], [78.06679749118676, 17.50755895887489], [78.07155124291562, 17.51372614941362], [78.07103158384585, 17.51840450077137], [78.08211144600848, 17.51642332397783], [78.08310655159154, 17.50525295415703], [78.08281965940377, 17.50367625409196], [78.08066664216108, 17.50173018780968], [78.08167544635747, 17.5017866867809], [78.08161220359871, 17.49745800642934], [78.08376839024918, 17.49736453216325], [78.08379161857607, 17.49125281653674], [78.08975128924224, 17.49108721325742], [78.09574176876775, 17.48873233079998], [78.10231099413204, 17.49027698617171], [78.1054167111749, 17.49020507907428], [78.1085505005517, 17.48850094194722], [78.11061430014172, 17.48409930468391], [78.11110609480367, 17.47968936986747], [78.11354884249523, 17.4797181134846], [78.11396866531682, 17.48142634005143], [78.1160349636758, 17.48321660089125], [78.12196553458948, 17.48511702402967], [78.14529199634653, 17.4841005734305], [78.14441916810142, 17.47005160577971], [78.14508000763959, 17.46783544576461], [78.15778613297027, 17.46522958705991], [78.16434802625874, 17.46278690496], [78.16629131224893, 17.4643315362191], [78.17016328312782, 17.46356553906224], [78.17509663006798, 17.46918454383127], [78.1860762592122, 17.47260454729586], [78.18971015442834, 17.47569005149068], [78.19157837063024, 17.47814557720996], [78.19155072755485, 17.48021299442367], [78.19014383536727, 17.48116869158907], [78.19146578706973, 17.48692930937174], [78.20053430093753, 17.48610063416421], [78.20077559231993, 17.48701581763893], [78.20553186461858, 17.48676996408881], [78.20554477247312, 17.48579708589061], [78.21381415295298, 17.48605321084949], [78.21396242828263, 17.47221647607118], [78.21707243853116, 17.46702439554734], [78.21866990635283, 17.4574115701475], [78.21736336341782, 17.44975740955644], [78.21784842171427, 17.43850260168336], [78.230997282869, 17.42942952605588], [78.24229161785509, 17.42798412934619], [78.25008703677719, 17.42741455949611], [78.26594990482118, 17.42835904293385], [78.270105137737, 17.42952841700123], [78.27085478802921, 17.43112790806031], [78.275604095335, 17.43477213259892], [78.28813550049635, 17.43126255529259], [78.28993153439764, 17.43616903863581], [78.28995195728909, 17.44188909280525], [78.29400351207732, 17.45233511637439], [78.29691940305555, 17.45612715205989], [78.30120316836978, 17.45935916403194], [78.30180399967378, 17.46081665674139], [78.30019027449408, 17.47577526087123], [78.29801793106991, 17.47959169412222], [78.29881501484668, 17.48667143996352], [78.29799891416981, 17.49095395373444], [78.30920727313149, 17.4901921579824], [78.31376770507633, 17.49193460142437], [78.31764855464007, 17.4946283362339], [78.31770069132028, 17.49587671767744], [78.31427021722521, 17.50097352670159], [78.3144835436804, 17.50297868329596], [78.30812916477682, 17.5074258512869], [78.3074637965005, 17.51005045963627], [78.30880331008844, 17.51078316676125], [78.31248399635956, 17.51074408123459], [78.3128899876117, 17.50898036933678], [78.33770962852152, 17.50636228586864], [78.33698491356547, 17.50372338949818], [78.33858572325852, 17.5059732656337], [78.34334969746492, 17.51755555120381], [78.34416439945547, 17.51760906308414], [78.35136217578622, 17.52862791631902], [78.34853292184901, 17.53523221311147], [78.35138465862106, 17.53647722115197], [78.35553309929269, 17.5406876479057], [78.3614300158124, 17.5496855203842], [78.36118335672889, 17.55156392423566], [78.3591291962375, 17.55407977478727], [78.35993460615443, 17.55672830569997], [78.3581272311789, 17.55692711254304], [78.35743009177442, 17.55990865793838], [78.35518211800081, 17.56031114991277], [78.35512136863531, 17.56199244948057], [78.35791745938025, 17.56232799062844], [78.35922235692311, 17.56326342864749], [78.36300195405681, 17.56808036236283], [78.37086493466256, 17.56758925515105], [78.37338474696969, 17.56644790741429], [78.3736542099133, 17.563344466998], [78.37512518877361, 17.56373883015333], [78.37675519056008, 17.56251624206628], [78.37723390533561, 17.56314041305569], [78.37871015598218, 17.56785728911511], [78.38096161440065, 17.57062851052386], [78.38045775608897, 17.57625254034703], [78.38225604364511, 17.58434078722912], [78.38217823280502, 17.58806556292792], [78.38461985269157, 17.59158917890544], [78.38370063052771, 17.59551808129159], [78.38893239157697, 17.59430389243189], [78.38979831054382, 17.59882919663082], [78.38826807829219, 17.60478651268748], [78.38688553733516, 17.60664911001833], [78.37141406439129, 17.61476464214201], [78.37176175810195, 17.61574018720058], [78.3752226055558, 17.61572490118461], [78.37777363903346, 17.61482343099228], [78.38046331573467, 17.61722379456315], [78.38728954671897, 17.62080440365305], [78.3905651253167, 17.62135675207601], [78.39207930023555, 17.62568490198568], [78.38683924491686, 17.63678668494622], [78.38698384927763, 17.63781441431142], [78.38500016633971, 17.64030395158791], [78.38119134533372, 17.64238214359448], [78.38461468707273, 17.64851051696057], [78.38820057191462, 17.66102418773521], [78.39529843140714, 17.67592326803499], [78.4006378791827, 17.67497209278739], [78.40038780427767, 17.67366311289123], [78.4099031792231, 17.66984574178945], [78.41239074385442, 17.66963050162571], [78.4143489427234, 17.67130883581027], [78.42114693181064, 17.67155595963075], [78.42747548698583, 17.67963319674251], [78.43058231531786, 17.68644933505776], [78.43622887687572, 17.69128721930965], [78.43711669481308, 17.69342517382107], [78.44339357783207, 17.69576429248795], [78.44569850137798, 17.69815997952594], [78.44489307176337, 17.70030867842051], [78.45003057858605, 17.71104558803359], [78.4444134461828, 17.71681907207476], [78.44032906785377, 17.72439291103795], [78.44036167822709, 17.72668534200357], [78.4327033281378, 17.72956346121117], [78.42267515962133, 17.73079076614757], [78.41637032856862, 17.73277279673762], [78.41182441717847, 17.72596070204865], [78.40636833238501, 17.72179777211651], [78.40255042099834, 17.71621766711445], [78.40319483978347, 17.71196984207397], [78.40246292941232, 17.70984228045813], [78.39627549563, 17.69916626612095], [78.38799665711598, 17.69924733473861], [78.38504116511764, 17.69994589042391], [78.37865439427617, 17.70433574944564], [78.37501465825959, 17.7059225575476], [78.37429173317271, 17.70647149304366], [78.37473990618537, 17.70907996376344], [78.3738013683945, 17.70993416175634], [78.37166512706698, 17.70900866117129], [78.37246650068973, 17.71124094830779], [78.37207550203514, 17.71423447498289], [78.37281644640632, 17.71855029733243], [78.37239697568197, 17.72634917052627], [78.37030030496852, 17.72785185358502], [78.36510128715918, 17.72788585960478], [78.36096772110422, 17.7314431217557], [78.36295208527315, 17.73204178133133], [78.36054498569082, 17.73344166304536], [78.35980782234081, 17.7352878218617], [78.36173988261635, 17.73764895767201], [78.36078994883268, 17.7395292289905], [78.3518255757665, 17.74132449212892], [78.35128893862606, 17.74163548451525], [78.3517614305595, 17.74372891122891], [78.33812158175148, 17.74121334782237], [78.32969207843412, 17.74153473456515], [78.32082368664351, 17.74363888850783], [78.31807960260595, 17.74353872696053], [78.31792048044655, 17.7398249761493], [78.3128760921245, 17.73920455620412], [78.3180484281638, 17.72283335367754], [78.32066522024878, 17.72121221508389], [78.32288453387946, 17.72483610905012], [78.32377552473427, 17.7248590024451], [78.32388632419388, 17.71673131605547], [78.31971929385973, 17.71607066269241], [78.31981975145442, 17.71111453881288], [78.32217400526963, 17.70427511677464], [78.32438460793016, 17.70426670063629], [78.3252192592472, 17.70344911041157], [78.32442450634808, 17.69657275026184], [78.32118430950321, 17.68779362868689], [78.31977739529303, 17.6800766856547], [78.3249719677266, 17.67682523966478], [78.3250906764044, 17.67377111814945], [78.31962221142568, 17.66337860159124], [78.31090267255706, 17.66689089742989], [78.30551215727532, 17.66742853810823], [78.30855139111746, 17.67442229144581], [78.3106654839541, 17.67599462842599], [78.31095040970217, 17.67709163959453], [78.30737304781485, 17.67772850881066], [78.30524020853794, 17.67909907994148], [78.3047041644856, 17.67768301019442], [78.30177019669999, 17.67814577192484], [78.29943678613175, 17.68014706880881], [78.29740963888469, 17.68049243453459], [78.29017247964826, 17.67734781692088], [78.28503647978663, 17.68570370338427], [78.28159335716856, 17.68723227116647], [78.27951756805936, 17.68653693599722], [78.2759516419941, 17.68890430192463], [78.27372800536146, 17.68669792329571], [78.26826495295542, 17.68909943574553], [78.26508329456759, 17.68723709442146], [78.26452654948703, 17.68955318221593], [78.26192492121949, 17.69027230361108], [78.26059799540877, 17.6896600290063], [78.25919456819378, 17.69046124906033], [78.258740175276, 17.69224296925927], [78.25661618042425, 17.69303444348706], [78.2519613569704, 17.69093702198267], [78.24830077082663, 17.69057748289029], [78.23608601098113, 17.69211210307806], [78.23139565482211, 17.69147007427602], [78.23021449641806, 17.69245664945429], [78.23082743406006, 17.69411334927282], [78.22994677068631, 17.69847577626966], [78.23174825696219, 17.70013607345172], [78.2293773223392, 17.70203228412172], [78.22986813033349, 17.70282865085484], [78.23273685304434, 17.70234378919713], [78.23809742602641, 17.70296568977752], [78.23803489585485, 17.70512156976833], [78.23420114707413, 17.7095069584317], [78.22632037344498, 17.71469016277187], [78.23225957002263, 17.72200947669402], [78.23520012886694, 17.72390776786248], [78.2353789894737, 17.72639617687489], [78.23687186044691, 17.72825205637592], [78.23370201337671, 17.73108473910255], [78.23494599443944, 17.73529331602507], [78.22656115152525, 17.7329889751402], [78.22283372179358, 17.7334421189143], [78.22102674599618, 17.73223827944771], [78.21811378572012, 17.73201730082859], [78.21777542801794, 17.73879964013636], [78.21522915547656, 17.74152565321135], [78.20784692913746, 17.73940765698699], [78.20143087604464, 17.73576719185225], [78.20122261128436, 17.74026325108888], [78.19913045629995, 17.74607727642937], [78.20228987389989, 17.75305977005214], [78.2042630141679, 17.75499331403539], [78.20487337274498, 17.76008591869056], [78.2044136938818, 17.76509907858949], [78.19815173280914, 17.76273965678204], [78.196116789848, 17.76366257894413], [78.19561340681834, 17.77317352966433], [78.1961977670382, 17.77564821565481], [78.19923690387067, 17.7804458777674], [78.20060308964737, 17.79150031406414], [78.20230651407577, 17.79554214650572], [78.20386479027057, 17.8027152734635], [78.1960490461838, 17.80518534232155], [78.19424498950343, 17.80247152506151], [78.19319535164557, 17.79782640071446], [78.17702550799368, 17.78923358623591], [78.17349009635835, 17.78850791821284], [78.16814729160946, 17.7885944161311], [78.16589128271848, 17.78981292933756], [78.16327730702965, 17.79770480003358], [78.16635049448632, 17.81387749802079], [78.16881774357428, 17.81595230279598], [78.18071405887669, 17.82129407946222], [78.18762269447753, 17.83058668620064], [78.17551181170768, 17.82814978358003], [78.1746573160939, 17.82259808242072], [78.16062793278797, 17.81527065361972], [78.14923879981615, 17.80588716228937], [78.14779378874078, 17.80910801526358], [78.15049957106878, 17.81606818372575], [78.149886639192, 17.82112915346752], [78.15093573288529, 17.83243793123303], [78.14847440301412, 17.83617207435295], [78.13906924416143, 17.83169682168182], [78.13874856918203, 17.82696918417467], [78.135548180449, 17.81759854448795], [78.13146062890344, 17.81137788224531], [78.12200279996347, 17.80709117139083], [78.11906133678951, 17.80370854057006], [78.12042517520723, 17.80136845535834], [78.12003288651174, 17.80064074122047], [78.11509701564036, 17.80292758596092], [78.11393845312068, 17.8027336877649], [78.11075175801749, 17.80824960024627], [78.10035706481709, 17.813092384396], [78.0973278688832, 17.81802661636753], [78.09782380109118, 17.82415785075857], [78.09373711267675, 17.83257007935944], [78.09417221210164, 17.83634073734248], [78.09679030089193, 17.84455271968725], [78.09557308348928, 17.84912288928765], [78.0955050635992, 17.85582175005626], [78.09439843837039, 17.86060109198173], [78.09006522533592, 17.86402420152299], [78.08465157751039, 17.86585716818824], [78.0747618872337, 17.86734553364828], [78.07336531835081, 17.86918761335433], [78.07256988140239, 17.87737896219887], [78.07511907560276, 17.88235345075726], [78.07426083987811, 17.88532281285775], [78.07565237276874, 17.88847576368489], [78.07585806007928, 17.89742429830103], [78.07909951379037, 17.90525435303639], [78.07782800632721, 17.90803818526009], [78.07544991882656, 17.91056981810797], [78.07490803688857, 17.9139133646263], [78.0731656803787, 17.91581477036596], [78.07187227482912, 17.91959282370621], [78.06806346103735, 17.92247426945026], [78.06507340485933, 17.92293752779774], [78.06355985443719, 17.92464251599337], [78.05918882083876, 17.92222400608371], [78.05974348050519, 17.9209239064749], [78.06176544394594, 17.92046323071692], [78.06017755168703, 17.91714974843568], [78.05769988639497, 17.91741980241342], [78.05492787933237, 17.91591889817641], [78.05429614102378, 17.91772899620008], [78.05312576337123, 17.91804557369682], [78.0478849222507, 17.91572980765585], [78.04629736088066, 17.91392146823904], [78.04592504561485, 17.91084779952165], [78.04859328434861, 17.90402075524011], [78.04653584578773, 17.89751025553572], [78.04759021742728, 17.89513095402923], [78.04741818459802, 17.89265171857186], [78.04376456523993, 17.88881250841028], [78.03997707194657, 17.8870149724898], [78.03464510042807, 17.87849551143818], [78.0172819925736, 17.88921635308258], [78.01410506522829, 17.88953653685675], [78.00766463004645, 17.88882868504279], [78.00704674716299, 17.88803939743076], [78.00587796967147, 17.88861349821951], [78.00311540799618, 17.88717980639705], [78.002147786761, 17.88789187612407], [77.99867852978798, 17.88750840113335], [77.99584706519623, 17.8840117754139], [77.9722405372868, 17.88218791639792], [77.9724565485577, 17.87641766663844], [77.9734841461472, 17.87581504671472], [77.97519455978325, 17.86691149690985], [77.97060301723224, 17.85395979059901], [77.96574054026576, 17.85324667212366], [77.95572916803837, 17.85608877847029], [77.95611828869892, 17.85229608263354], [77.95456922737877, 17.85271159912259], [77.95403124238373, 17.85160671028225], [77.95261862137289, 17.84189293090519], [77.93679156659185, 17.84224617478869], [77.93166345886463, 17.84382563555715], [77.92244440332503, 17.84959158412419], [77.91988526779154, 17.85394132216731], [77.91967709892369, 17.85720268736317], [77.91793479639966, 17.85508410452513], [77.91272882651721, 17.85715937630351], [77.91057609160943, 17.85323640193504], [77.90554484832184, 17.8471087290162], [77.89473640184293, 17.84700892573936], [77.89586162265537, 17.86037677811349], [77.89543902472509, 17.86944003292142], [77.89341184187606, 17.87562220950308], [77.89043452841709, 17.87549094313135], [77.88755559282038, 17.87931638812728], [77.88640230639385, 17.88861935487311], [77.87796817175528, 17.88874654827097], [77.87924554706989, 17.89596359903889], [77.87072857987586, 17.89836787584246], [77.86605258355551, 17.8977769302446], [77.86744314923972, 17.90006340120669], [77.86573888549634, 17.90355037338681], [77.86337435701888, 17.90417219736104], [77.86067310032297, 17.90700493814474], [77.85415418893962, 17.90755720076577], [77.85616104545903, 17.90964795906051], [77.8554852241553, 17.9110951949006], [77.85126359942167, 17.91111071115692], [77.85502893176943, 17.91796073747721], [77.8586525899844, 17.91678048726097], [77.86271536943156, 17.91664980753664], [77.88004949771387, 17.91847220864598], [77.88288033292044, 17.91406322380017], [77.88395939838877, 17.91069953644708], [77.885715770861, 17.91000228506776], [77.89828702999075, 17.91060766190566], [77.90252903209125, 17.91974098776939], [77.89967038157938, 17.93624672451114], [77.90296310579096, 17.93757958800643], [77.90629544455477, 17.94522347162438], [77.90708786917413, 17.94850588353926], [77.90668463570404, 17.95898839522081], [77.89580171906657, 17.96367031901083], [77.89061197021726, 17.96428965502027], [77.89112713655537, 17.97420013288679], [77.88797333389986, 17.98471661597703], [77.8898877107053, 17.98958580926432], [77.89199092865482, 17.99234173945318], [77.89742272598374, 17.99595185685968], [77.90290155057504, 17.99745590863504], [77.90386066281434, 18.00029724440323], [77.9049325135219, 18.00069446474161], [77.8992088886183, 18.00373937251689], [77.8912890972611, 18.00495837610372], [77.88332612030791, 18.00444540317358], [77.874393166062, 18.00158299968767], [77.87136238425393, 18.00178076657006], [77.87178738500695, 18.00495928656099], [77.86944065236122, 18.01190514383577], [77.870878100686, 18.01708957393583], [77.8657765826075, 18.02229282807071], [77.86390408381384, 18.02801950042291], [77.85881184966621, 18.03774754568385], [77.85789011451276, 18.04232415073267], [77.85265714832707, 18.05087492756019], [77.8513372649926, 18.07299817142356], [77.860932888227, 18.07389861818859], [77.86787652479744, 18.0734462654881], [77.87562758927437, 18.07446353282614], [77.88086281035805, 18.07383603590388], [77.8882264620159, 18.07059483877], [77.89031423237185, 18.0777665419986], [77.89543258833099, 18.08735250877408], [77.89489893376441, 18.08909540070146], [77.89580841264569, 18.09072010723597], [77.89517293860075, 18.09336560675438], [77.89879510783534, 18.09394308220136], [77.90188411956024, 18.09730278747315], [77.90110435517977, 18.09907412870244], [77.89877600137557, 18.09929444457799], [77.90133349833218, 18.09997191837996], [77.90362871379143, 18.0993985801099], [77.90549324021221, 18.09780308645787], [77.90658718696908, 18.09835871830628], [77.90549346463717, 18.0999229207395], [77.90799930232369, 18.09986738411048], [77.90692775095596, 18.10118336921361], [77.90539622650795, 18.10084375233052], [77.9058476528238, 18.10315905552968], [77.90517017983872, 18.10577691438649], [77.90619108650037, 18.10578023791134], [77.90566550143933, 18.10477500245895], [77.90673587217407, 18.10461161670814], [77.90727188720042, 18.10340225498589], [77.90925039084614, 18.10283413741802], [77.9088288029519, 18.10147751634286], [77.91262494995952, 18.10249526639054], [77.91409697216181, 18.10090858052261], [77.91566700563872, 18.10227437444301], [77.91480421402984, 18.10354762446171], [77.91623242170793, 18.10384506947157], [77.91799529918153, 18.10636591133414], [77.9215262050959, 18.10348406822931], [77.92685382961089, 18.10414935353919], [77.92746608334596, 18.10575678982427], [77.92697026145414, 18.10824125462764], [77.92943425568954, 18.11280891648215], [77.9293780954988, 18.11600839186734], [77.92784007784498, 18.11686225295893], [77.92481148037244, 18.11640101629891], [77.92260494523224, 18.11345451900159], [77.92015172059028, 18.11560810354105], [77.91861803845792, 18.11326633469825], [77.9162178291427, 18.11604881269674], [77.91314366227722, 18.11582185794067], [77.91472970222476, 18.11884683315515], [77.91417789789897, 18.11982544410754], [77.90913190978131, 18.11999947237426], [77.91039002556306, 18.1224464722372], [77.90897812886647, 18.12411984924928], [77.91183098666961, 18.12536117460078], [77.91730669269158, 18.12488038792923], [77.91906861579447, 18.12605416948954], [77.92027981551576, 18.1284870561609], [77.92213585480674, 18.12754202093286], [77.92348794978919, 18.12789269909813], [77.92520193954631, 18.13127625582917], [77.92356933002338, 18.13355721973972], [77.92024081228435, 18.1335984926787], [77.91898419504413, 18.13496639790695], [77.91908303173341, 18.13642752130698], [77.92216041055313, 18.14002175125633], [77.92486069899574, 18.14177175960964], [77.92652602508532, 18.14094663727854], [77.92743524777354, 18.13939369799569], [77.9304733340855, 18.14023918850621], [77.932297005392, 18.14212766695412], [77.92919110049708, 18.14392559168813], [77.92914586520182, 18.14484705103088], [77.93266752345119, 18.14631763316051], [77.93548010621453, 18.14923044172609], [77.93117933813642, 18.14912017408867], [77.93102824772751, 18.15342582592774], [77.92793458774952, 18.15572537865042], [77.92585733424255, 18.15513090501246], [77.92325023799742, 18.1527673320177], [77.92232928490472, 18.1534114844614], [77.92141343913302, 18.1529530599672], [77.92046518962354, 18.15028852630945], [77.92279697060629, 18.15092681788844], [77.9252287059919, 18.14936056314293], [77.92304285828654, 18.14733190992732], [77.92090593985758, 18.14841358668449], [77.91857498073081, 18.14519895775648], [77.91600145888866, 18.14855328546671], [77.91439118823588, 18.14840728413157], [77.91599980582141, 18.14366284836975], [77.9156455813306, 18.1418506013228], [77.91458718376113, 18.14109205325632], [77.91391948502599, 18.14295970580905], [77.91201802826119, 18.14410747694602], [77.90995788459566, 18.14724185680708], [77.90912637979851, 18.14720017347418], [77.90818789209597, 18.14524070275961], [77.90585656571398, 18.14421352843813], [77.9026778636935, 18.1443468491825], [77.90230978439729, 18.14536383217939], [77.90420186059362, 18.15241513185894], [77.89466249296868, 18.1565750866529], [77.89589152929922, 18.1615709097027], [77.89968962262067, 18.16394473628513], [77.903406953137, 18.16813902871374], [77.90021596496238, 18.17308564245008], [77.90084269743754, 18.18321298433734], [77.9036861437832, 18.1923592575023], [77.9020340482708, 18.19284539624904], [77.89835740852703, 18.18946976481654], [77.88948924640015, 18.1899584482001], [77.88228393273376, 18.18668857735725], [77.87384750689743, 18.18919318056132], [77.86865118069467, 18.18915648404838], [77.8652778293108, 18.19175003678455], [77.86407740552266, 18.19169459901162], [77.86243854130358, 18.19435457170069], [77.86237061658356, 18.19553342638596], [77.8638819406569, 18.19743224060142], [77.86309266870693, 18.19984963739536], [77.8650142523985, 18.20218729420113], [77.86295591401229, 18.20262751040642], [77.85420344107843, 18.20745504375653], [77.85295027066643, 18.20710064040858], [77.85118186779154, 18.20358958028522], [77.84879508415145, 18.20173864079626], [77.84483349157506, 18.20164429435172], [77.8399714714504, 18.20377606372723], [77.83457200272174, 18.2023032634395], [77.83139772801661, 18.20030669022059], [77.82930730534338, 18.20032132008807], [77.82855752290364, 18.19877987178039], [77.82870067718727, 18.19488106267494], [77.826973087137, 18.19395562159782], [77.8211176211325, 18.19645410295982], [77.81788542881958, 18.19559562121848], [77.81097012276392, 18.1957168529403], [77.80674715383134, 18.19984900558024], [77.79795138196137, 18.20463303800541], [77.79656016606408, 18.20469239853126], [77.79306466502858, 18.20269119220965], [77.79120656068699, 18.19993328299497], [77.78760598620103, 18.19869898313137], [77.78645047905127, 18.1964335245044], [77.78294085053481, 18.19750994069789], [77.77981585124984, 18.19983409551338], [77.77694657759356, 18.19600554614125], [77.7766597015223, 18.19045619910248], [77.77118933400969, 18.18972211102863], [77.76957535174154, 18.18813320010591], [77.76800530102862, 18.19152563952681], [77.76009159170432, 18.19913065828663], [77.75846312371563, 18.20195264288411], [77.75847667594473, 18.2050353477602], [77.74869062722335, 18.20581836334689], [77.74606772834954, 18.2048383906055], [77.74205427844453, 18.20525803229177], [77.74314987437447, 18.20963908645574], [77.74338836271994, 18.22438142053045], [77.74079308266244, 18.22573397588121], [77.73780019723834, 18.22408085528071], [77.73636902125686, 18.23492377378833], [77.72806169794661, 18.23335914642714], [77.73023629525171, 18.24544643907925], [77.72885204532895, 18.25335573210629], [77.71963828373555, 18.260286362835], [77.71164066250459, 18.25802125331266], [77.70682941958557, 18.26097622559936], [77.69458012852961, 18.26102013295755], [77.68758485516356, 18.26024126180062], [77.68626065803119, 18.26650654934775], [77.66512763766433, 18.28358235826644], [77.6486771043739, 18.28438095597984]]]}}, {"type": "Feature", "properties": {"dtname": "Siddipet", "stname": "Telangana", "_state": "TG"}, "geometry": {"type": "Polygon", "coordinates": [[[79.07266341786068, 18.4247248914097], [79.064879482695, 18.42296494454313], [79.05305040103161, 18.41709718742642], [79.03976649532814, 18.40519117131289], [79.03642518388945, 18.40322086455866], [79.03070946070362, 18.40103544790178], [79.01808264376643, 18.39954323161492], [79.01631713142434, 18.39393243362487], [79.00921107647052, 18.39103195419355], [79.00589882690542, 18.38780969560464], [79.00540904945717, 18.38625638725993], [79.0063021845569, 18.38086275021677], [79.0086395260072, 18.3803323267812], [79.00868844897093, 18.37826761921244], [79.01934461076952, 18.37541782000958], [79.02268391828687, 18.37193887027677], [79.02277681951625, 18.36903855414239], [79.02473827236668, 18.36623690290175], [79.02050284479729, 18.35995825637694], [79.01803328553656, 18.35799812112626], [79.01651623611808, 18.35273681339894], [79.01134620248695, 18.34560197017087], [79.01346124719453, 18.34376395138098], [79.01402243099835, 18.34214113232153], [79.01221217344913, 18.33627664856248], [79.01523058403473, 18.33259666769089], [79.01995217185605, 18.33143182051861], [79.02129078186353, 18.32336583677397], [79.01884304147906, 18.31981971520826], [79.01985359647574, 18.31757635467612], [79.0192452081629, 18.31544824461031], [79.01607949754496, 18.31302232883081], [79.01491568905475, 18.31114342202495], [79.00541851125712, 18.30701935361462], [79.00376091424958, 18.30416090835465], [79.00207180995623, 18.30478625692614], [79.00078113335668, 18.30282057352081], [78.99383645097048, 18.30276734270785], [78.99101267849967, 18.30085402551753], [78.98932309458502, 18.29358473018149], [78.98716876262391, 18.28953857552261], [78.9896969450552, 18.28622134627092], [78.98683840793286, 18.27781843715028], [78.9868258218276, 18.27271634518149], [78.98712852857194, 18.26966820620914], [78.98817385785964, 18.26845089350842], [78.98743658489231, 18.26591948671073], [78.99077722589067, 18.26270293386013], [78.98804168831748, 18.2580153808292], [78.99077304099639, 18.25588362666317], [78.98957314297932, 18.25202031854935], [78.99281741027913, 18.25021747208631], [78.996147462781, 18.24587988954944], [78.99557306503603, 18.24123021291832], [78.99242046725703, 18.23728998862596], [78.9923582693076, 18.2361506897821], [78.98826142762503, 18.23203194756517], [78.98053331757693, 18.22173234152869], [78.97357520535265, 18.21831147904872], [78.9708615227226, 18.21519191770619], [78.96948187936245, 18.21093082373272], [78.96425088712404, 18.20972609669479], [78.96408653254878, 18.20731577955859], [78.95764714078915, 18.20655093642553], [78.95451805500738, 18.2075633167491], [78.950360903548, 18.23748324271174], [78.95076809044173, 18.2397314606731], [78.9546509448241, 18.24332504134701], [78.95764467171017, 18.24981231943269], [78.95732458701958, 18.25213851853591], [78.95428781127283, 18.25337751684506], [78.94907919632061, 18.25291056693952], [78.9445041505232, 18.25367269705917], [78.94361296204023, 18.25214780796074], [78.94137275250091, 18.25312129171239], [78.94003543119278, 18.25258960214897], [78.94036783354163, 18.25398157739951], [78.93339022144012, 18.25589654397511], [78.91453450176209, 18.25561324382757], [78.910511569405, 18.25301657439785], [78.90790259302626, 18.25279382152171], [78.89139068238364, 18.2447530152688], [78.89007506752296, 18.23910313965836], [78.88114745169004, 18.24176551372565], [78.86898552073188, 18.24034464126431], [78.85574804741118, 18.23466679443793], [78.8513260538832, 18.23971234004126], [78.84914835642655, 18.2438938916167], [78.84575975879774, 18.24695430161624], [78.84212836589819, 18.24851248119192], [78.83987137498762, 18.24805664743319], [78.83737314396906, 18.24872421248878], [78.8354085089448, 18.25005108953578], [78.83168479393113, 18.24966065686163], [78.8293094389481, 18.25088939156409], [78.82942811416171, 18.25249458409019], [78.82820178059467, 18.25320812005275], [78.82766987439366, 18.25235436329278], [78.8256579781055, 18.25365818648507], [78.82265247920365, 18.25389684183419], [78.82128446947904, 18.25291901926204], [78.81756866933834, 18.25270461782955], [78.81670285351174, 18.25329432017151], [78.81073750581812, 18.25285877115186], [78.79845672607627, 18.25419407697701], [78.79273361560182, 18.25365148236625], [78.77585230022883, 18.26122591512717], [78.76911278213204, 18.26274423420552], [78.76748648269472, 18.25762616241626], [78.76291673460726, 18.25073232624346], [78.76099872851536, 18.24516346450731], [78.76156290625016, 18.24098232696061], [78.76006212387695, 18.23904484374974], [78.75925186881805, 18.23577610608372], [78.7531457588911, 18.22891572717576], [78.74998233922013, 18.22120673229803], [78.74274856762024, 18.21628028729013], [78.73545655239144, 18.2147018982214], [78.72336212845, 18.21550578858532], [78.72365428745532, 18.21718482794315], [78.72735069335768, 18.22102063456412], [78.7271187234572, 18.22678531395628], [78.72658553764121, 18.2276982475791], [78.71827102695727, 18.23190897571287], [78.71147711689554, 18.23426115166249], [78.70266154552041, 18.23477033830333], [78.70040349210728, 18.23140266222985], [78.69003701594356, 18.22985557130296], [78.68503270052686, 18.23298572886056], [78.67633613114707, 18.23544264651584], [78.67014444306311, 18.24160830932051], [78.66335345584622, 18.24103501871177], [78.66313434590539, 18.24421914746211], [78.65975924125534, 18.24401843383576], [78.6599666024578, 18.24611264667582], [78.64535252014595, 18.25302753494164], [78.64486351093522, 18.25371918301933], [78.64553606674134, 18.25512149070007], [78.6401667065727, 18.25670177649297], [78.63212153409474, 18.25467954260383], [78.6310602203843, 18.25090126923446], [78.62857803321901, 18.24684848467119], [78.62767303533421, 18.24652427764061], [78.6173325514326, 18.24961515802629], [78.61610459448356, 18.24795940036831], [78.58856573265366, 18.24867355340449], [78.58470089642077, 18.23863437703064], [78.57483778490689, 18.22342402853452], [78.56757729339517, 18.22255871459546], [78.5637978717034, 18.21498151167459], [78.56118983243589, 18.20710755896027], [78.56633109495613, 18.20270686532653], [78.56939094778568, 18.19597325684749], [78.56902319316345, 18.18914996100271], [78.56834914487506, 18.18797329188597], [78.56880953522455, 18.18491813330741], [78.57019421363287, 18.18308167489702], [78.57387131501353, 18.1813249794372], [78.58084924657327, 18.17275524516435], [78.58093351547517, 18.16319696173992], [78.56668524167748, 18.16208353019804], [78.56934225341331, 18.15728959843835], [78.55324458476811, 18.14348527493663], [78.55280560421956, 18.1329639769541], [78.55149827525715, 18.1294221051652], [78.55062466663338, 18.12316329457277], [78.54554917926396, 18.11830798605737], [78.54531723985404, 18.11644371996447], [78.5466995883412, 18.11291283360977], [78.54776664540702, 18.11208642981761], [78.5583147880239, 18.10940263659511], [78.57532192107374, 18.10979581463972], [78.57605294938294, 18.10947696784995], [78.57584287002179, 18.10825463485369], [78.57952176256136, 18.1061453730135], [78.57826292725612, 18.10005487933331], [78.5763463209246, 18.09694162387224], [78.5763396929788, 18.09328504110782], [78.57209015296804, 18.09047153410133], [78.56905640962451, 18.07892755978795], [78.5697999158897, 18.0739759012786], [78.57191174325165, 18.07164456448699], [78.57211824623188, 18.06986558898704], [78.56871874202591, 18.06381438471086], [78.56567381282844, 18.06016191695965], [78.56298446736895, 18.05974887264977], [78.55863945931615, 18.06093443487525], [78.55329404827644, 18.05675915326299], [78.5602749149373, 18.04514741763233], [78.56529897406817, 18.04262095852925], [78.5785404304515, 18.03374544535935], [78.5863721359565, 18.03007758093025], [78.58781839482732, 18.02276348599143], [78.58419528825867, 18.01353725984384], [78.58334673276613, 18.00609858802072], [78.5616087185341, 18.00300081481585], [78.56226471131555, 18.00068345152707], [78.56179723961189, 17.99922828022373], [78.55729325715834, 17.9927733153478], [78.55293517879586, 17.98782024377271], [78.54225700272917, 17.97958200389495], [78.54204901953607, 17.97298509092742], [78.53584902335241, 17.96951546602356], [78.5359303593613, 17.96422760468148], [78.53283160710451, 17.95344991701635], [78.53184489283298, 17.95247351309212], [78.53181794547923, 17.94998707925957], [78.53874074400898, 17.94534511840247], [78.54172404718524, 17.94122729184697], [78.53822097850474, 17.9326292205219], [78.53103012344754, 17.92969270041274], [78.52968070091394, 17.92487967623677], [78.53095607413405, 17.92341778500674], [78.53595661367306, 17.92297562491656], [78.5411632828416, 17.9179605637433], [78.54577962692963, 17.91576518390482], [78.5459056030096, 17.9149753331168], [78.54324698093039, 17.91451703064048], [78.54339198633032, 17.91087497010523], [78.54191119645192, 17.90974479641748], [78.54051631224083, 17.91041914495633], [78.54000731022849, 17.90984488521973], [78.54077036248151, 17.90719847894145], [78.5352117559508, 17.90731465859926], [78.53362875728294, 17.90461506402074], [78.53486424885479, 17.90288152677127], [78.52425343286285, 17.8964641734453], [78.53411524172874, 17.89188997722754], [78.5357559406284, 17.88881766096434], [78.5373495337866, 17.88762977755478], [78.54188157959088, 17.88813249177331], [78.54356946423796, 17.8893232349411], [78.55194490801789, 17.88932741007594], [78.55538997342376, 17.89042559646297], [78.5583770977939, 17.89295700892238], [78.56653333323533, 17.90323800339941], [78.56991128947114, 17.9049501551786], [78.57340644590494, 17.90099916874798], [78.5777438999828, 17.88239143655433], [78.5609901758607, 17.87698738681415], [78.561023463337, 17.87028377384475], [78.53913291715486, 17.86038309631041], [78.53866546279623, 17.85756251143555], [78.53963855017044, 17.85371542265465], [78.54278760161048, 17.84610011285793], [78.54220411520589, 17.84307951947715], [78.54000549955676, 17.83636883106351], [78.53107134868533, 17.83393610394748], [78.53033766932026, 17.83273588819426], [78.52919725718846, 17.81941216118773], [78.52743201482609, 17.81754693784935], [78.52657633424754, 17.81253018020784], [78.52365498494963, 17.80924829115392], [78.52108596273911, 17.80848312889489], [78.52019723602076, 17.80676153672267], [78.52026561134812, 17.79999026596105], [78.51511100395409, 17.78567053111604], [78.51082288536735, 17.75529638903564], [78.51299371904241, 17.75198928465066], [78.52524921991778, 17.75169606294003], [78.52654757926503, 17.75067284123438], [78.52459646880527, 17.74577678401506], [78.52558363120984, 17.74379220754773], [78.5230479860785, 17.73979048394057], [78.52187049564007, 17.73913301528329], [78.52548176284182, 17.72860119662376], [78.51934649950262, 17.72792050254193], [78.51445073338375, 17.72597181938578], [78.5115462144272, 17.72443929491893], [78.50614982684249, 17.71931205822092], [78.50720049110693, 17.71432180101721], [78.50420435395898, 17.70373289873421], [78.50495699837593, 17.69929145402692], [78.50451054727013, 17.69449045839998], [78.5030039948852, 17.690520528704], [78.4991573557892, 17.68569235457342], [78.50170183020612, 17.68593313095969], [78.50882270928211, 17.68368942382109], [78.51011110033835, 17.68826313225983], [78.5137181311362, 17.69488823749912], [78.5188960584008, 17.70198896465271], [78.52148757261885, 17.69617199180706], [78.53589014267293, 17.69638627012383], [78.55458284766577, 17.68822980367046], [78.55351439374427, 17.6865834999707], [78.56157789029602, 17.68387188068287], [78.57395301002857, 17.68489257600929], [78.57399355317689, 17.68652949213258], [78.57228052029895, 17.68711080949163], [78.57186420417645, 17.69011351719487], [78.5751464764543, 17.69545074604439], [78.58187991628004, 17.69708459374915], [78.58759077197443, 17.69621803223397], [78.5926278240539, 17.69673775903609], [78.59547459569552, 17.69549734695372], [78.59568997886966, 17.6937180202049], [78.60006452377594, 17.69299294446449], [78.60002138589219, 17.6886795930606], [78.60531440935044, 17.68611799317527], [78.6139492113957, 17.67982444872368], [78.61688559703374, 17.67215563405139], [78.62332664800357, 17.67226655675213], [78.63406837495945, 17.66894740523402], [78.6379456241151, 17.6703601353954], [78.63934067965296, 17.67194558197706], [78.65015499470633, 17.67640221365515], [78.65906652173261, 17.69722134987462], [78.66638022616229, 17.6953990152963], [78.66945296931361, 17.69818764592419], [78.68584266523425, 17.69316009761005], [78.68522773427877, 17.68824970093594], [78.70517310028761, 17.68622557253785], [78.70841807401848, 17.68415506775238], [78.71277072467012, 17.67591816644528], [78.71797543757805, 17.66937919475576], [78.72367909138067, 17.66810216950789], [78.72962346419378, 17.66784859891585], [78.73406308294425, 17.6712986791366], [78.73800976117751, 17.67294525163655], [78.74523396092935, 17.68357916480945], [78.75265000935367, 17.68547095121442], [78.76307638022759, 17.6866998264886], [78.76803484053589, 17.68654117192667], [78.77664431687235, 17.69165616090844], [78.78133327889952, 17.69586674108032], [78.7851130564127, 17.70106001105187], [78.78847438475236, 17.70179671856326], [78.78423487332542, 17.70547887817124], [78.78381393133179, 17.70938605308717], [78.78190670486299, 17.71117907276186], [78.79025989681857, 17.71124609223539], [78.79276125294568, 17.71000018907231], [78.8003625157541, 17.70919288852242], [78.80212281982762, 17.70799529523268], [78.8023936318449, 17.70667727794166], [78.80453177340642, 17.70597093704904], [78.80559271264872, 17.70655808720498], [78.80938391941832, 17.70284932659068], [78.81544196801241, 17.70210149964207], [78.81482164163799, 17.70403161078447], [78.81557931566499, 17.72236051234693], [78.82330960406898, 17.72968625761833], [78.82141835041718, 17.73019131157075], [78.82072137836786, 17.73280337687752], [78.82236596944018, 17.73522139131244], [78.82159907758928, 17.73939252379158], [78.82733514364662, 17.73945109538008], [78.84128373920645, 17.75245762263338], [78.8580677753731, 17.74823375531902], [78.85972097298043, 17.7508187679975], [78.8657818206421, 17.76969399483034], [78.86966566208679, 17.78494477231862], [78.86838515124963, 17.78572160005943], [78.8691222311744, 17.78730945119776], [78.86918232456075, 17.79370212093529], [78.86666499765035, 17.80812627195373], [78.86809764296385, 17.80836325213349], [78.86591468491429, 17.81095043022333], [78.86809310632486, 17.81628781441315], [78.8676276966354, 17.82513092769112], [78.87461737779938, 17.8251571405468], [78.8783279144079, 17.826193404414], [78.87748436945877, 17.83373329581239], [78.88239599612224, 17.8346724782618], [78.88871125029449, 17.84162343981139], [78.89540924994185, 17.83958727133552], [78.89889271597151, 17.83989155678812], [78.90129290293373, 17.84390875360068], [78.90564504218612, 17.84456718927798], [78.91219714591318, 17.84259870957722], [78.92217153523478, 17.83652688796296], [78.92239670169842, 17.8385701159247], [78.91737669716976, 17.8487575990968], [78.91645841240468, 17.85459341715887], [78.91798265556638, 17.86378589667969], [78.9202856001733, 17.86644596146953], [78.9210602004497, 17.87314219262102], [78.92313711191923, 17.87321384465217], [78.93152548792828, 17.878004869921], [78.93684246366809, 17.87623485289529], [78.94559061959575, 17.87942865569033], [78.95009832921136, 17.87173918764399], [78.95783579801024, 17.86685566250099], [78.96220241559443, 17.86577362381646], [78.96806379078885, 17.86866663282273], [78.97136952687015, 17.86808791836926], [78.97282527203537, 17.86341362332027], [78.97553166922044, 17.86092853537473], [78.98186882893016, 17.8585380196902], [78.98761114126359, 17.85795159228821], [78.98909657594497, 17.85357990015779], [78.99246962911354, 17.84929070526729], [78.99865112907209, 17.84479729431548], [79.00109769902627, 17.84584071702432], [79.001428976157, 17.84780136860289], [79.00027059524506, 17.84805996623344], [79.0031043380648, 17.85834531712658], [79.00572312476203, 17.86157307415216], [79.01091739346661, 17.86442987950652], [79.01620219605132, 17.87218721288749], [79.0198997682573, 17.87512839880478], [79.02017099061432, 17.87610207708219], [79.03914808650467, 17.87229549358961], [79.03930405471594, 17.86974268647656], [79.04375754189977, 17.86312372411311], [79.04376012000198, 17.8608682184671], [79.04834821160546, 17.8608722897102], [79.05469212735893, 17.86921890753194], [79.05935032172282, 17.87064257334466], [79.06495561053396, 17.87358681657747], [79.06807962378298, 17.87373885027886], [79.06879616377843, 17.87452108011453], [79.07161565797719, 17.87369017160185], [79.0727411837703, 17.87535656988905], [79.08039816468987, 17.87340055844532], [79.09213522406942, 17.87317082017647], [79.09319572701872, 17.87537913053164], [79.10329512323204, 17.88568812118509], [79.11169407618206, 17.89896877017767], [79.11838570349927, 17.90007435985056], [79.12429109488788, 17.90221882131728], [79.11330116142993, 17.90604411826088], [79.10223654865916, 17.91432524523004], [79.10595275166337, 17.92158616931259], [79.11513741983958, 17.92948359573277], [79.12134913638091, 17.94123516331409], [79.12607793295227, 17.94502162848166], [79.13147265783529, 17.94678296345953], [79.13729079895386, 17.95764097043234], [79.14378848833796, 17.96591310264224], [79.1390048504183, 17.97806388076339], [79.15346589824014, 17.99198180740813], [79.16289499907599, 17.99112786506046], [79.17428733436564, 17.99400108893708], [79.18423597110682, 17.9938726457667], [79.18911050455095, 17.9995252663607], [79.19232269076748, 18.00163314521096], [79.19299717606945, 17.9996711585527], [79.20346435233951, 17.99901614845526], [79.21380375387413, 17.99622210584722], [79.2264799839452, 17.99432719253312], [79.23284949211269, 17.99448246353514], [79.22552974651673, 18.01264837297445], [79.22421666155469, 18.02164991151672], [79.22577048879596, 18.02311330772381], [79.2234303235799, 18.03198613513669], [79.22125160461574, 18.03491392690911], [79.22284367730731, 18.03827473574374], [79.2225066911899, 18.04188432067845], [79.2252196435105, 18.04661540538805], [79.2257967832059, 18.05170320233767], [79.22726728973403, 18.05409199225942], [79.23372378509043, 18.05100986929537], [79.2406734828216, 18.05154849729841], [79.24621591222915, 18.05074558087666], [79.2498968269096, 18.04872445566191], [79.25755652332283, 18.04231185973269], [79.26183085967085, 18.04003396877175], [79.26618027281063, 18.03953359687364], [79.27320689538358, 18.05113841154338], [79.27862879410065, 18.06206512347487], [79.2818231892313, 18.06573383004729], [79.27978010307113, 18.06762632580863], [79.28316602450184, 18.07097441665264], [79.29088146664718, 18.0892961937381], [79.29317339637022, 18.10279474310205], [79.29060121257203, 18.12122145954379], [79.29384885187555, 18.12590944166169], [79.3012096012299, 18.12998705122578], [79.29676318955713, 18.13500342253564], [79.2963755102635, 18.13737957813344], [79.29083964071253, 18.14235057103487], [79.29067328290745, 18.15089762307495], [79.28741713892053, 18.15354904949901], [79.25658374510908, 18.1546675065557], [79.25088984705836, 18.1541688595606], [79.25046613897433, 18.16311105755688], [79.24429695830594, 18.16922392617549], [79.24218936329335, 18.1772023850718], [79.24448139671853, 18.18398920506012], [79.2290615451882, 18.18143185931875], [79.22642618466868, 18.17906069486209], [79.22346744053861, 18.17778281124804], [79.21062649441888, 18.17490944756769], [79.2122596941423, 18.16162564599564], [79.20626299928654, 18.16169636118831], [79.19252106230216, 18.16386558143685], [79.19132307597727, 18.16464488047575], [79.18784263238217, 18.17022180173663], [79.17080444393781, 18.16223415825419], [79.16248336047659, 18.15719174342706], [79.16124185994948, 18.16466804087067], [79.16016177795863, 18.1664726300556], [79.15484963160964, 18.16876890353428], [79.14585827369798, 18.17099212068002], [79.14620044142968, 18.18342281359303], [79.14093425256966, 18.18786597215954], [79.14002318025315, 18.19262041982951], [79.14023017962307, 18.19639481980335], [79.13785627400875, 18.20065871538792], [79.1378408714421, 18.20492540308599], [79.1371597706327, 18.20627147087558], [79.13398988629508, 18.20829892745189], [79.12847153867558, 18.21462176551098], [79.12324604314323, 18.21699654648321], [79.12053910891285, 18.21487643122457], [79.11336587722035, 18.21494627037232], [79.11216775228276, 18.21565127950439], [79.10915571437806, 18.22112494063706], [79.10817487879432, 18.22135785944095], [79.10849111864958, 18.23726365854169], [79.11023386538706, 18.23944070004596], [79.11303744559301, 18.23967038987324], [79.11715850737839, 18.24262586651658], [79.12328356458754, 18.24313898834604], [79.12305268388002, 18.24551302829503], [79.12051000448379, 18.25092395752762], [79.12034150150362, 18.255360625283], [79.12389016728433, 18.25787345935786], [79.12711947877887, 18.25871213817789], [79.13004325426222, 18.26132025847475], [79.13368751843201, 18.27125352195458], [79.12739478239844, 18.27542981550265], [79.1215589386645, 18.27590749357147], [79.11979134329827, 18.27702132207778], [79.11800748872724, 18.28713688131802], [79.11688591910695, 18.28920388945407], [79.11471563547714, 18.29038743682034], [79.11736138006285, 18.30225317727934], [79.11917367390451, 18.30420792084759], [79.11472988923724, 18.30440068123152], [79.10898992324984, 18.30837891654729], [79.1087285253882, 18.31006468054817], [79.11044664949827, 18.31262448187707], [79.11026630813897, 18.31603060866641], [79.10459259375739, 18.31814466658925], [79.10186502798867, 18.32045418483841], [79.10296877751752, 18.32491245201125], [79.10432578240462, 18.32570758489914], [79.10693331290793, 18.3309527955715], [79.10523219869464, 18.33261368707455], [79.10689223127464, 18.33737827680958], [79.11251798247524, 18.33742834030649], [79.11692312848909, 18.33879885428943], [79.1223506848183, 18.34212806766745], [79.13029152246905, 18.3487943908472], [79.1361756403086, 18.34713284823482], [79.1389471467088, 18.34869591681955], [79.15295823686189, 18.35222315105644], [79.15752896545298, 18.35505347785737], [79.15488004469465, 18.36452163196606], [79.15354248840572, 18.37801508121709], [79.1278074758818, 18.3851495715586], [79.12662428562346, 18.39659675873852], [79.11962416696554, 18.39655180464359], [79.11704726707434, 18.39749765599419], [79.10897137345266, 18.40362682813602], [79.09336043344398, 18.40692751255456], [79.0855061888583, 18.41234781692414], [79.07947586914736, 18.42336938215453], [79.07652329204643, 18.42448841580248], [79.07266341786068, 18.4247248914097]]]}}, {"type": "Feature", "properties": {"dtname": "Suryapet", "stname": "Telangana", "_state": "TG"}, "geometry": {"type": "Polygon", "coordinates": [[[79.60363810337333, 17.49874378047801], [79.60282645798691, 17.50774761989925], [79.59923187767394, 17.51174272758884], [79.59916015958815, 17.51607791156556], [79.59510830155342, 17.52724126893902], [79.59402964087205, 17.52815900134429], [79.58968151764158, 17.52890903476207], [79.58962134092617, 17.52403024613209], [79.59172595328808, 17.52238279796505], [79.58989153711548, 17.52020251930315], [79.59137156607977, 17.51907404259204], [79.5911334189293, 17.51658200436131], [79.59413126336439, 17.51021100536338], [79.59412075437127, 17.50685532679453], [79.59722791147937, 17.50128928098839], [79.59611988959988, 17.49940830780022], [79.59168335185585, 17.49900063880422], [79.5841731294942, 17.50297429519519], [79.57602829012238, 17.50355864529898], [79.57001914670559, 17.5018958581385], [79.56596522997717, 17.49731169395045], [79.56294848663232, 17.50072153064725], [79.55388363663018, 17.50824502637918], [79.55131280017186, 17.51272768328365], [79.55136200154159, 17.51511580101241], [79.54593869047596, 17.52284519086917], [79.5415504290717, 17.52696228553344], [79.54046126363299, 17.52420410018245], [79.5307241453177, 17.51788039900855], [79.52608183161585, 17.51238882605849], [79.52334041649993, 17.505563076991], [79.52329582187639, 17.50410711356922], [79.52471915814071, 17.50213788284305], [79.52464462849873, 17.49902119121787], [79.52209151835575, 17.49616705397804], [79.5218064679713, 17.49476426776078], [79.51678688976061, 17.49415795837608], [79.50940512068773, 17.49583279228248], [79.50085653308349, 17.49621792026091], [79.49489460564884, 17.50027706591187], [79.48901154094193, 17.50726586827134], [79.48510494345591, 17.51010913916943], [79.4724020819886, 17.51456486631379], [79.46239391845596, 17.51368457336785], [79.45336678986138, 17.51174609213184], [79.44928979447188, 17.51285641144254], [79.44410122785268, 17.51285683836268], [79.44429401996705, 17.51414661671716], [79.43019120780856, 17.51664439761811], [79.42932849603635, 17.51152212299669], [79.42455756901677, 17.50248276015652], [79.42157534442178, 17.50072543743762], [79.41770813248966, 17.50048590178507], [79.41252629813086, 17.49857871395648], [79.40753635484653, 17.5011620194044], [79.40207446726107, 17.50216024318271], [79.39760576046604, 17.50501272901881], [79.38330000006881, 17.5117247068993], [79.37886325999852, 17.51115820831986], [79.37688709142414, 17.50674937967917], [79.37319715841812, 17.50436982402385], [79.37300213860702, 17.50303957900483], [79.36297036151323, 17.50073259277894], [79.3689839125682, 17.49140313413511], [79.36618659138854, 17.48627475862914], [79.37311791133686, 17.48203433282065], [79.37608627111847, 17.47458532410899], [79.37738530724427, 17.4731543873031], [79.39106315504468, 17.46539047967714], [79.40676083396865, 17.45169950371569], [79.41030907726359, 17.44554600409995], [79.42072190189741, 17.4313339930491], [79.42351149071771, 17.42337685921127], [79.42472211633559, 17.41559708339223], [79.42268029228575, 17.41175712970609], [79.4160829786343, 17.40646526524221], [79.41313512027871, 17.40215036265902], [79.41238909977075, 17.39909457574643], [79.41450303008583, 17.39152284492754], [79.41896031757152, 17.38423424978998], [79.4218345605661, 17.37618697212319], [79.44195593913821, 17.36381742499022], [79.4509707479648, 17.35183467477018], [79.45370016005471, 17.34501149420575], [79.46362369438282, 17.3398511206227], [79.47098184479631, 17.33451965235232], [79.47507094184955, 17.33038401416325], [79.48429982165959, 17.31272157908679], [79.48643668304531, 17.29450050273217], [79.49103249001513, 17.28219624250032], [79.49466173222298, 17.26828658224567], [79.49718626352787, 17.26235243667718], [79.49564434572198, 17.25926135760592], [79.4930807608611, 17.25719188413301], [79.4956457200219, 17.25068810614344], [79.49396985633695, 17.23337059052953], [79.4984450103496, 17.2328814798427], [79.50231476923345, 17.23102721598476], [79.51974390096807, 17.23329190496962], [79.52074056138459, 17.22634679504058], [79.52429811393218, 17.21297862063046], [79.52526914388602, 17.20311195709942], [79.52447802756137, 17.19092200729705], [79.52536719040245, 17.18616457576477], [79.533333387736, 17.17140987416063], [79.53868440361379, 17.16411769674165], [79.55153534786137, 17.15330016295104], [79.56174011824804, 17.14181900797387], [79.5657026847395, 17.1284244027337], [79.56916143348231, 17.12000611876982], [79.57346907492938, 17.11300681780632], [79.58288178560419, 17.10124973418977], [79.58845695816376, 17.08840405332196], [79.5921091899562, 17.08355403691039], [79.59393569882332, 17.07490663427428], [79.5924565601365, 17.0632742082684], [79.5928447212167, 17.05963561692142], [79.59593303147135, 17.05357563992821], [79.59946228120033, 17.04973780609344], [79.60116358904729, 17.04468480421436], [79.59831515199458, 17.03127839492694], [79.59900950995923, 17.02641550086982], [79.60331246869332, 17.0135818478823], [79.60546695679868, 16.99970799246822], [79.60980019035297, 16.99555222633005], [79.61558893426367, 16.98432073302497], [79.61661242833765, 16.96985403050397], [79.6146947256709, 16.96158855387868], [79.61414018195707, 16.93966713050146], [79.61681986651128, 16.92358367080057], [79.61907727942356, 16.91778646109572], [79.62233285978301, 16.91250885850565], [79.62650532474915, 16.90701340765991], [79.63381167111095, 16.90130001128814], [79.64177669327114, 16.88768405486515], [79.64473698191036, 16.87660733603407], [79.64500709334202, 16.8684817966576], [79.64583915137285, 16.86613355394464], [79.64831328159208, 16.86309999846451], [79.66305386711184, 16.85024727141034], [79.66641828925184, 16.8453537029871], [79.6679472508082, 16.84135747215533], [79.66832948984099, 16.82867377114317], [79.66585299330723, 16.81467638473826], [79.66646537438, 16.80308784777139], [79.67350763887138, 16.77965315127232], [79.67414754739237, 16.76360551567594], [79.67345160406164, 16.75605939122252], [79.67051211648698, 16.75072499653059], [79.67087054591747, 16.74808530944192], [79.66885599059275, 16.74273641194299], [79.6680601593116, 16.73333561292504], [79.67445852088859, 16.72407140027007], [79.6886756426624, 16.72259303616293], [79.69982933842527, 16.71845203142654], [79.67914790126001, 16.69340442954762], [79.68154172834936, 16.69437243240257], [79.6855154974596, 16.69456407169621], [79.69885980594829, 16.69138576462304], [79.7069171979909, 16.69127126896333], [79.71388882097433, 16.68924395222332], [79.72289412150106, 16.69027652891487], [79.72551165392765, 16.69168354466614], [79.72932108125836, 16.69550538392825], [79.73948488896063, 16.71017224371453], [79.7417856467731, 16.71595570919729], [79.74461292821822, 16.71908174847609], [79.76856054233554, 16.7282692907937], [79.77276665749694, 16.73057207783659], [79.7791194746956, 16.73111378700999], [79.78408245747447, 16.73054264547125], [79.78856549937397, 16.72898390906002], [79.7931094384662, 16.72483385035673], [79.79887133663556, 16.71067953286066], [79.8111956179581, 16.69568250981564], [79.81391591779766, 16.6933713063669], [79.8172622021252, 16.69186699060678], [79.82108767889797, 16.69151292885474], [79.82815613915136, 16.6937831063632], [79.8470311691325, 16.70456026021646], [79.85106272923747, 16.70583889490191], [79.85884721164803, 16.70465502063913], [79.87835650125432, 16.69667650314809], [79.8834428170005, 16.69081210946638], [79.88594447192168, 16.68609334217267], [79.89037916097413, 16.66011068710399], [79.89372220560973, 16.65011185209259], [79.8957389424142, 16.64723225414026], [79.90889388713855, 16.63457897953981], [79.91569262843537, 16.632512904254], [79.93235390739459, 16.6313143795476], [79.94975405964682, 16.63590080473647], [79.95415468288651, 16.63915024055389], [79.96160903697184, 16.64257927540508], [79.96476917968802, 16.64495254244009], [79.97735230134315, 16.66227807955415], [79.98507098614402, 16.67635738998239], [79.99499436206268, 16.69848717794239], [79.99741122798896, 16.70209277244183], [80.00056625597806, 16.70334842663238], [80.00240896186342, 16.70579944989417], [80.00758216720509, 16.70883704411137], [80.02214517282238, 16.71032651067618], [80.02532448137957, 16.71132407801359], [80.03053949614343, 16.71477719005058], [80.03233547935287, 16.71732729478392], [80.03409143511578, 16.72300233112913], [80.0366429277167, 16.72765704176375], [80.03977935993616, 16.73112353260372], [80.05102237985437, 16.74036429949652], [80.05511402687705, 16.74504006401621], [80.05530385474772, 16.75038144675552], [80.05345346011956, 16.76325741966865], [80.05386162023198, 16.7654335543232], [80.05674885569454, 16.77155388564962], [80.06314679552254, 16.78024561332905], [80.06645230008553, 16.78641184508993], [80.0706019446822, 16.80169227703557], [80.06980914940597, 16.8078682335415], [80.07080218562886, 16.81323833456675], [80.07325398412229, 16.81719121951092], [80.07195346596892, 16.81712986018898], [80.07106396691894, 16.81809130969475], [80.07079404232223, 16.82130159430542], [80.0663409745017, 16.82212020944078], [80.05949737482922, 16.8251858967888], [80.05118882260776, 16.83022891965182], [80.04817673111222, 16.83322992968873], [80.0464031976699, 16.83868459003414], [80.0468438163827, 16.85334232730344], [80.04134867467627, 16.85358381620891], [80.02900585598748, 16.85202377685086], [80.01789692207672, 16.85489766726874], [80.01703916670103, 16.85423102289695], [80.0039504391665, 16.86179381788641], [80.00363041130494, 16.86389591576554], [79.99876148261502, 16.86521405331525], [80.00155909388343, 16.8676852850198], [80.00508299956577, 16.8764531589572], [80.00457827704946, 16.88104658072196], [80.01241688365826, 16.89268245068327], [80.01738367597314, 16.91497478831021], [80.02455693317837, 16.91505874786839], [80.02705957687225, 16.91753807749496], [80.03144886543726, 16.91687847907663], [80.03750976398442, 16.91856039922503], [80.03955207926583, 16.91707250432913], [80.04454589627663, 16.92926158324026], [80.05039838072129, 16.93597597383231], [80.05189730883536, 16.94210219038927], [80.04849458787436, 16.94670753246236], [80.0482205168148, 16.94942938060332], [80.05244894656617, 16.95987094268268], [80.05742975209404, 16.9640371971772], [80.05569786982157, 16.96941946864472], [80.05553366413643, 16.97276498142772], [80.06034939517178, 16.98361415945192], [80.06118716914494, 16.98725605275769], [80.06052263440546, 16.99020297043709], [80.05642740840216, 16.99532693230541], [80.05759359494772, 16.99708835316858], [80.05615139969315, 16.99893936277429], [80.05993539270412, 17.00065198227215], [80.05955511105343, 17.00336146627511], [80.06199983642989, 17.00934930681024], [80.06014079882574, 17.01049407714024], [80.05513656940802, 17.00989580755422], [80.05096033157787, 17.01107636742424], [80.05132937198086, 17.01205838136688], [80.04967146337039, 17.01357888626387], [80.04579667442532, 17.01441172310204], [80.04633131357595, 17.016967800838], [80.04358001690754, 17.01772162876863], [80.04156801416609, 17.01986988759138], [80.0392766870831, 17.02087336874911], [80.03929488807101, 17.02298397946347], [80.0368717497497, 17.02416469330505], [80.03812451287877, 17.03277000784471], [80.04034872307147, 17.03881470170653], [80.03976286513743, 17.04375269725539], [80.04073448182682, 17.04836712159458], [80.03976520969222, 17.05117669229439], [80.03791764762, 17.05320760553649], [80.03596520760647, 17.05384090398113], [80.03029795293763, 17.05292861039554], [80.0272904953922, 17.05439610298231], [80.02257618095109, 17.05790376828368], [80.01568296980356, 17.0661182874397], [80.01297202494773, 17.06729232504715], [80.00887848283948, 17.06677192414737], [80.00596055956804, 17.06800870694171], [79.99544875672467, 17.07697835799346], [79.99234337796288, 17.08152461368348], [79.99135366246709, 17.08607133994925], [79.9856990901364, 17.09623218659144], [79.96979685542163, 17.11190700622503], [79.9643976864186, 17.11909692272656], [79.96205543926305, 17.12440426892801], [79.95866331764557, 17.12662496210395], [79.95100389270759, 17.12949936793671], [79.94618684458533, 17.13499461158607], [79.94350343259127, 17.13429574457001], [79.93927248871883, 17.13038223113386], [79.9318881161448, 17.12741891680154], [79.92524209495427, 17.12935006304649], [79.9218449195082, 17.12831890013751], [79.91838501921005, 17.12945798904012], [79.91251968603454, 17.14865097195149], [79.90976161651298, 17.15087714343313], [79.89893033909225, 17.15528728619387], [79.89073704458451, 17.16741426243119], [79.88867273608973, 17.1717266983476], [79.88503633359194, 17.17335769904494], [79.8810464896438, 17.17362643603568], [79.87760421614603, 17.1926804691057], [79.87656162251892, 17.19358630999688], [79.88194796054472, 17.19814635639268], [79.88624194993766, 17.20910607627603], [79.9018731578899, 17.21154701998567], [79.89573512167948, 17.23090089300261], [79.8973178797255, 17.2364761386984], [79.89970094459613, 17.23575945186612], [79.9022285617159, 17.24634281667216], [79.9002286486848, 17.24629430654485], [79.90067634171993, 17.25384897389358], [79.89429250474956, 17.2562590909914], [79.88953459083979, 17.25937451977423], [79.89004505802099, 17.25631580991252], [79.88698460690757, 17.25929661102294], [79.88139481090798, 17.25909058125997], [79.87482709788867, 17.26302324847093], [79.87428862392153, 17.26513770550172], [79.8728176951163, 17.26600150587183], [79.87149505534047, 17.26607898381929], [79.86985334480495, 17.26439218076174], [79.86972582111902, 17.26306248880723], [79.86812368363546, 17.2622800335825], [79.84590377282484, 17.27608948376495], [79.84514157755478, 17.27744355835073], [79.84040570677492, 17.27925562490189], [79.83820178561315, 17.27968287937865], [79.83810001943563, 17.27846522842475], [79.83653546283882, 17.27767362758247], [79.83606241613842, 17.27419498110372], [79.83444171967938, 17.27472353007851], [79.83278252999645, 17.27129545589922], [79.83227765546839, 17.27170075147712], [79.83046132943997, 17.27020746154745], [79.81773721512901, 17.2819821892681], [79.81741930482593, 17.28407920475856], [79.819077628297, 17.28769729532063], [79.81879052043267, 17.28995781857033], [79.81490948852375, 17.29345853623712], [79.81311659277912, 17.29742254460623], [79.80908293347535, 17.30146074508995], [79.80769728548456, 17.30464839147492], [79.80464610964462, 17.30763621083309], [79.80168747786273, 17.31235136203109], [79.80354494422045, 17.32513124006697], [79.79280390163605, 17.32601374617463], [79.79462871170506, 17.33043741516907], [79.79278073291643, 17.33638618108042], [79.79459697962226, 17.34189943708319], [79.79510207923248, 17.35052175723222], [79.79613395777629, 17.3539859171632], [79.77764774700086, 17.36898527035002], [79.77927705491332, 17.37665468161165], [79.78116770788658, 17.38108907598179], [79.78669924927647, 17.38270822360656], [79.7876827068152, 17.38420349228652], [79.79143182285323, 17.38394472492734], [79.79452887687853, 17.38825925679224], [79.79684504828276, 17.3936788273881], [79.79312733166473, 17.39693991556028], [79.78271979719682, 17.39973018417736], [79.77553999898105, 17.40301559896386], [79.77246421550342, 17.39935184345197], [79.76726446764928, 17.40584940199889], [79.76221785588812, 17.4078350376695], [79.76100078604905, 17.42589831040691], [79.76200385442246, 17.4298574958994], [79.7520093792942, 17.43982802769495], [79.74854976197925, 17.43427293912329], [79.74362886547432, 17.42910139324731], [79.7376284180587, 17.43032787691418], [79.73274965979545, 17.42852490641496], [79.72956162085596, 17.42835069654839], [79.71983944031537, 17.43445983979355], [79.71834737732853, 17.43418761014788], [79.71012496623166, 17.44551945698684], [79.706930517, 17.44701466337135], [79.70473958327152, 17.44469472834326], [79.70257268719938, 17.44704223430237], [79.70027075190556, 17.44782484735377], [79.70068183345217, 17.45057847146094], [79.69986783252239, 17.4561320619023], [79.6970610665354, 17.45597229929744], [79.69736956539055, 17.45464567200825], [79.69250464555995, 17.45548185051753], [79.69024708259771, 17.45462782698539], [79.67087552957132, 17.46498856043889], [79.66294729565266, 17.46713686423099], [79.66119592075755, 17.46908767203536], [79.65647767300385, 17.47078716503406], [79.65789005768374, 17.48087727551512], [79.65910486127291, 17.48434532134767], [79.65871688663309, 17.48801936405854], [79.65543564577251, 17.49401036796946], [79.65413952671787, 17.49300447872528], [79.65020041139694, 17.49307474273981], [79.64199957459778, 17.4872004487158], [79.6386250826738, 17.48636849899772], [79.62958848185353, 17.4906586591441], [79.62638707119824, 17.4964734806972], [79.62077246307389, 17.50028437659985], [79.61627496424649, 17.49875577158552], [79.61280186842934, 17.49992139424236], [79.60960839927655, 17.4965624130361], [79.60363810337333, 17.49874378047801]]]}}, {"type": "Feature", "properties": {"dtname": "Vikarabad", "stname": "Telangana", "_state": "TG"}, "geometry": {"type": "Polygon", "coordinates": [[[77.79979363953726, 17.62495123155128], [77.79426801023025, 17.6279920162424], [77.79142750446222, 17.63257663895227], [77.79022005974298, 17.63772465286439], [77.78350560697311, 17.63871983109545], [77.78191448787472, 17.63070152792722], [77.77622971573253, 17.62682206377881], [77.77139368585597, 17.62601888219917], [77.76876463807481, 17.62689405484268], [77.76440680809219, 17.62628661365973], [77.76231736036982, 17.62768856105998], [77.75872144790999, 17.62519637077304], [77.75641129236413, 17.62517577898337], [77.75226624466445, 17.6235218670705], [77.74957572629512, 17.62440051650184], [77.74639698938142, 17.62407057313077], [77.74564795781406, 17.61770571446469], [77.74986351150893, 17.61766296054605], [77.74956315553952, 17.61352209307417], [77.75761461506181, 17.61430839443499], [77.7604419045053, 17.61543886525423], [77.7616310533859, 17.6153682173087], [77.76177820346214, 17.61327223966948], [77.76741201803725, 17.61262546609315], [77.7741601212822, 17.60099694301449], [77.77278657248189, 17.59330663307252], [77.76991167255882, 17.58409148095226], [77.76504282694229, 17.5843682393001], [77.76148066540271, 17.57917269101251], [77.76018863081276, 17.57278091757694], [77.76131414952727, 17.55799211544319], [77.75413028438875, 17.55465344031587], [77.74663829154063, 17.54890167484184], [77.74365736571258, 17.54929200098849], [77.71008658352217, 17.52797105338214], [77.70943563812075, 17.52577113666307], [77.70576669414652, 17.52436757668231], [77.70356852164765, 17.52616202561575], [77.70144423157872, 17.52526380880007], [77.70069164453297, 17.52729268510059], [77.69491385181226, 17.5279093027602], [77.69053859224869, 17.52627976209648], [77.68757450700912, 17.52028996954365], [77.68697370569838, 17.51218039811494], [77.68879856676739, 17.51093894876474], [77.69251869282327, 17.49893461938609], [77.69225579668482, 17.49632115397325], [77.68800511242556, 17.48942605082149], [77.68917178292433, 17.48677825137407], [77.68963180191231, 17.48281146311368], [77.6886139897707, 17.47534063965166], [77.68548341696187, 17.47544093089425], [77.676633592171, 17.47838458479209], [77.67052742284535, 17.47788900086723], [77.65736485693098, 17.48091848546817], [77.65543971230595, 17.48308284082942], [77.65231548034721, 17.48273431391106], [77.65332738289533, 17.49389468855414], [77.65450447787276, 17.49588941581914], [77.65713159325333, 17.50658351200989], [77.64995224773345, 17.49988825201439], [77.64787550511937, 17.49607544258014], [77.64765794373587, 17.48717084762758], [77.64478522890796, 17.47756623276958], [77.64051063124417, 17.47646421204958], [77.63824139669454, 17.47351872806466], [77.62218877423169, 17.47327499802643], [77.61734000655093, 17.47388472020638], [77.61523110067587, 17.47289068091586], [77.61300022105844, 17.46682760847703], [77.61400305193526, 17.46453262046359], [77.61427136321801, 17.44594641200474], [77.60291831473653, 17.44415163785456], [77.5977074153832, 17.44624277304713], [77.59466145516126, 17.44900280195419], [77.58700242775082, 17.45194715372095], [77.58423884718654, 17.45450375607001], [77.57618607401218, 17.456167635162], [77.57519211771539, 17.44576819176606], [77.57586181683064, 17.43071442251726], [77.56150896441598, 17.43761372182936], [77.55268870397343, 17.43705041737604], [77.5373010320835, 17.44374685051216], [77.53259745332643, 17.44237763215862], [77.51299842604668, 17.43087032742729], [77.51417375863046, 17.41418124081345], [77.52983378618445, 17.40817625580984], [77.53607382773656, 17.40798042378692], [77.5378441403065, 17.40609276297458], [77.53723461389687, 17.40225068597983], [77.52428547312502, 17.38799623292679], [77.52411417143036, 17.38661417673506], [77.52521533958218, 17.38637981345967], [77.52497148676888, 17.38490234961013], [77.52640233634877, 17.38407179082918], [77.52613057080214, 17.38200247361056], [77.52972156869974, 17.38020615089227], [77.53270426627331, 17.38088978368193], [77.53323634700642, 17.38010844521656], [77.53231681981856, 17.37514473542928], [77.5303219675045, 17.37468988082582], [77.52980190689141, 17.3707113451372], [77.52410304245574, 17.36417083432045], [77.515758823517, 17.3603847195725], [77.51147739680944, 17.36058104420301], [77.51094626996222, 17.3596862207655], [77.50774717718873, 17.35945845057983], [77.50262521324771, 17.35706521703273], [77.48820081315671, 17.35872685958457], [77.48381852043093, 17.35499742577563], [77.47874356780751, 17.35742628309075], [77.4764306281589, 17.36081142973482], [77.47443145398121, 17.36151274402594], [77.47653287441112, 17.3637116563578], [77.475998896791, 17.36840959813048], [77.47734465725512, 17.36874325108999], [77.47909594752791, 17.37072119311655], [77.45360624463846, 17.37398992584053], [77.45223153840686, 17.37188511889691], [77.45285544822718, 17.36738508700715], [77.4519369372231, 17.36472440612397], [77.4522838910508, 17.36178314150171], [77.45106442473383, 17.35938008594401], [77.45191105618574, 17.35889635911142], [77.45213589647356, 17.35647921283421], [77.451678027698, 17.3526798494007], [77.45486724911423, 17.35178409988002], [77.45705761004182, 17.3474099337205], [77.45601107372725, 17.3312363282257], [77.45495101682631, 17.33102177893432], [77.4546247954616, 17.32948835588131], [77.45391454478084, 17.32959706620829], [77.4524542631376, 17.32747482540356], [77.45219068973573, 17.31755310475226], [77.45149462725225, 17.31770245381861], [77.44884341544154, 17.30962090300881], [77.44808150317543, 17.30968894208918], [77.44765266861646, 17.30749791255222], [77.44559742648845, 17.30773807175914], [77.44487666006218, 17.30454416120459], [77.4435029359637, 17.30345128733699], [77.4429753890703, 17.3012196178975], [77.44050628309014, 17.3013017323005], [77.44046320046391, 17.29908797353396], [77.43934269316198, 17.2955643595608], [77.43827481332102, 17.29463399786639], [77.43792590753684, 17.29191884255001], [77.45487781865575, 17.28724149753627], [77.45868889718895, 17.28072968460607], [77.45853522374993, 17.27899729039427], [77.45699673664318, 17.27723138139684], [77.45355855017941, 17.27609859893209], [77.45081476334667, 17.27053335618293], [77.44399611537402, 17.27054926011782], [77.44122523271777, 17.26788904701046], [77.43896669482335, 17.26349811012377], [77.4357821818336, 17.2601827903523], [77.4318034488968, 17.25807394384923], [77.42632970444242, 17.25646240644303], [77.42254317157129, 17.25075928347839], [77.42105503034293, 17.24493472075606], [77.42041860869807, 17.23762484783892], [77.41144815573927, 17.23767174598945], [77.410390805662, 17.24041430593311], [77.40827052872946, 17.24120528046639], [77.40494581023012, 17.23652970483924], [77.3978697408629, 17.2333182999585], [77.38018764838097, 17.22253049008913], [77.38296117173871, 17.21797634923614], [77.38876204644997, 17.21532407381038], [77.39593552918643, 17.21386424528811], [77.40197621767449, 17.21412112135249], [77.40199944626123, 17.21203382786472], [77.4037478603618, 17.2098921026836], [77.40250217105954, 17.2092775223138], [77.4018629591041, 17.21002753517757], [77.4006265142802, 17.20944033442499], [77.39838889804163, 17.21031264099501], [77.39773994684788, 17.20833829002686], [77.39640950282298, 17.20752959677133], [77.39649870370022, 17.20477860610071], [77.39389361274554, 17.19439658916088], [77.39248829949874, 17.19573401291726], [77.39022743236387, 17.19638475389641], [77.38739304030605, 17.19607317593821], [77.38602525674783, 17.19711236815517], [77.38360920537491, 17.19690011376623], [77.38174313613133, 17.19765466052102], [77.3760461468212, 17.19702670693405], [77.37227170717348, 17.19556283076913], [77.37395918212314, 17.19455084593392], [77.37335290878757, 17.19086870318901], [77.37143990832529, 17.18996958309739], [77.36945653923696, 17.18632352614687], [77.3720182628159, 17.18241106063075], [77.37190079798212, 17.18112795701095], [77.37000687961739, 17.17579218746415], [77.36620014519542, 17.17220926955623], [77.36676899207443, 17.16930425054796], [77.36244563758909, 17.16382820409579], [77.36387914576342, 17.16218376537716], [77.36372430799281, 17.15878172689891], [77.36545837688493, 17.15955892671913], [77.36681657447832, 17.15898070291989], [77.36591915248512, 17.15596716911711], [77.36689672272736, 17.15441304093405], [77.37822696763685, 17.15257449718756], [77.37899292156997, 17.14783062395868], [77.37774761038052, 17.14009133983339], [77.38454241906148, 17.14002796171792], [77.40382156819624, 17.13291506620026], [77.40665836419679, 17.12451123141583], [77.41499336220717, 17.12249935305504], [77.43600313902151, 17.11498095408261], [77.43848920612074, 17.11684614697251], [77.44229016138259, 17.11656936707583], [77.44579571085536, 17.11795523491056], [77.44955336489066, 17.11501724115836], [77.45427519993474, 17.11485285587253], [77.45563161774466, 17.111450294937], [77.45742624926233, 17.11115140571032], [77.45919191854539, 17.10909953557432], [77.46362279292998, 17.10999677650795], [77.46468826118213, 17.10775991817243], [77.46321530450179, 17.10249709237259], [77.46285441454847, 17.09408474717084], [77.46644589955781, 17.08903660304372], [77.46643095432249, 17.08724296637993], [77.4672526167842, 17.08632996952952], [77.47655979524984, 17.07943117079692], [77.48098005136869, 17.07923468795269], [77.48194115437735, 17.07584569664143], [77.47898339315066, 17.07262753040897], [77.47992680841048, 17.06880316280577], [77.48187410701804, 17.06509740904288], [77.48345355515761, 17.05890692450669], [77.48640645824945, 17.05629847142592], [77.4865181901638, 17.05458608743324], [77.4898364748309, 17.05053614335618], [77.48765657119736, 17.04952982185057], [77.48810607290922, 17.04717117666217], [77.49665126680378, 17.04272061959309], [77.49494603003211, 17.02708928257481], [77.49769921245456, 17.02162087086504], [77.50062159784308, 17.01928551735646], [77.5025316157516, 17.01410452679549], [77.50220135390481, 17.00936943303732], [77.49782754060682, 17.00932725490389], [77.49589602180892, 17.00684799182977], [77.49319534698235, 17.00580136362451], [77.49187456184448, 17.00366056486872], [77.48655885238576, 17.00321167989405], [77.47951622971492, 16.99601753671311], [77.47905526159049, 16.99450422599945], [77.48274647850066, 16.98722831430108], [77.48191640948569, 16.97203908817233], [77.48134131461853, 16.97043022144173], [77.47829788860076, 16.96836696082538], [77.47214655046463, 16.95714209548228], [77.46594579235608, 16.95892960220632], [77.46522847780733, 16.95661329695179], [77.46627006265082, 16.95537038239748], [77.46620599396147, 16.95409633765125], [77.4988008075186, 16.95043892581486], [77.50061708730686, 16.94966407118465], [77.50925965459881, 16.9502154787662], [77.52093846237979, 16.94792801893597], [77.52306631137175, 16.94830154832495], [77.5239752737765, 16.94691681463136], [77.51901087029232, 16.94023512476656], [77.5158195841319, 16.93780681987803], [77.51582492228914, 16.93341546909918], [77.5249235315964, 16.92550618629325], [77.53212148122198, 16.93112444387793], [77.53496566273589, 16.93133594579275], [77.53773471370653, 16.93029363911175], [77.54003369026549, 16.92332006774462], [77.54296996070559, 16.92146140632569], [77.54365303436423, 16.91914626026015], [77.54540215670232, 16.91717606251125], [77.54510883059184, 16.91292966214011], [77.54658494980174, 16.90941794616158], [77.55367268085733, 16.90293129685937], [77.55764815611484, 16.90223105004815], [77.55850893277399, 16.90436856816614], [77.56592348420757, 16.91154003083041], [77.56835503491527, 16.90758456475969], [77.57884871528609, 16.90579324252614], [77.58003814494357, 16.90953623741154], [77.58386528635951, 16.91251947706285], [77.58837122066319, 16.91376168238769], [77.59649051875921, 16.91433837492598], [77.59538715329505, 16.9203431475169], [77.59587281435758, 16.9237372378592], [77.59475481626451, 16.92531386433761], [77.59503128923127, 16.92854682906122], [77.59322884965049, 16.93065693641586], [77.60284801948939, 16.93600730261623], [77.60363619928386, 16.9466372045067], [77.60538594827555, 16.9481172519105], [77.60945855981832, 16.94949323258258], [77.61527718643556, 16.94908829999876], [77.623066813778, 16.95292606264523], [77.6234594082156, 16.96058710162963], [77.6226709226347, 16.96888446271452], [77.62498165045842, 16.97477685946712], [77.62342450077243, 16.97746034832249], [77.62397704149971, 16.98435558681958], [77.63038712595399, 16.98697491675657], [77.63538642837534, 16.98706487457784], [77.64412317972337, 16.99033008592654], [77.64683128961202, 16.99351414703336], [77.64485257994147, 16.99513829850152], [77.6518506629892, 17.00069035146097], [77.65323179227686, 17.00313222772353], [77.65419864787964, 17.00543524873119], [77.65306835464331, 17.00694860293011], [77.64800926331061, 17.00805358537473], [77.64257210001678, 17.00494450780166], [77.64127345564509, 17.00597632376049], [77.63792048021655, 17.00243105110308], [77.63257435032936, 17.0010945516244], [77.63063918612784, 17.00214241989687], [77.63320663272701, 17.00551348491524], [77.63588006952715, 17.01161630512451], [77.63777568963894, 17.0142245299754], [77.64022244584919, 17.0157064280238], [77.64153676375541, 17.01916466166081], [77.64535791726905, 17.01948399829199], [77.64762319103447, 17.01792896236205], [77.65185206107469, 17.01784126203736], [77.65431489484193, 17.02395843516172], [77.6593911794074, 17.03205853908093], [77.66217438203624, 17.0335111754315], [77.66706466705837, 17.03454181487489], [77.66869583990001, 17.03406212031481], [77.67227490136149, 17.03098065233899], [77.67339186288736, 17.028175907511], [77.67649559699532, 17.02788459133534], [77.68563115802642, 17.02069650662109], [77.68671891033712, 17.02153896323944], [77.68726987376449, 17.02063061156012], [77.69224393834598, 17.0241091747266], [77.69981174317506, 17.02621349373544], [77.70413148621817, 17.02651698091874], [77.70584740207015, 17.03019985627335], [77.71163723820132, 17.03279483664865], [77.71458613222624, 17.04023349425769], [77.72139777602445, 17.03878444649667], [77.72755284919656, 17.03844723297784], [77.73402239513297, 17.03366322138812], [77.73108952042575, 17.02888407212251], [77.73515276688157, 17.02940502784935], [77.73764459827072, 17.02885149798856], [77.74013722682548, 17.02966383184774], [77.75180865622907, 17.02407344421904], [77.75957583369068, 17.02222933617306], [77.76579148695164, 17.02178166072614], [77.76316203695946, 17.01581883616543], [77.76089005050709, 17.01390823878253], [77.76023927282294, 17.00223184756254], [77.76673850238716, 17.00299840238312], [77.77965708875472, 17.00180265106976], [77.78702627186094, 16.99912904028863], [77.79838010439327, 16.99891174363568], [77.79883844466893, 16.99256801909341], [77.81343733161202, 16.9945799730769], [77.8198756525867, 16.98944660911951], [77.82511313297891, 16.98689404914496], [77.83430480959656, 16.98767430596748], [77.83184705761994, 16.9775944839212], [77.82598382452586, 16.96395318339747], [77.82462284936058, 16.95655528232265], [77.82577207248733, 16.9532457576726], [77.83346052216615, 16.9486660252908], [77.83715258943575, 16.94911026231505], [77.84039988963907, 16.95952559161011], [77.84162809921968, 16.96079365585295], [77.84424719938961, 16.95997167029849], [77.84626653654243, 16.95413097740284], [77.84903516438766, 16.95058381175615], [77.85464638582727, 16.94913405407924], [77.86095046027305, 16.95032946200009], [77.86560828148878, 16.95305538670749], [77.86721047716719, 16.95517376032557], [77.86871639326377, 16.95817726765302], [77.86953825996966, 16.96631439398704], [77.87040921923438, 16.96759606077278], [77.87412266470501, 16.96857811588357], [77.8783418365382, 16.96793820132491], [77.8831275681358, 16.96108666474798], [77.88416616620452, 16.95789300424393], [77.88046247490342, 16.95124000061692], [77.87781998725033, 16.94076931023066], [77.87173301171792, 16.93248137151023], [77.86955411900239, 16.92745695268259], [77.87734261055097, 16.92862947845215], [77.88339972879909, 16.92750563620481], [77.88972912421967, 16.92461661905785], [77.89882382276626, 16.92649642807982], [77.90325357140948, 16.92620232209621], [77.90980853097558, 16.92256926512351], [77.9146398818685, 16.92101798946894], [77.92141725871198, 16.91400890606062], [77.93177665622584, 16.90678058425], [77.93366185300393, 16.89549685101498], [77.93631327173449, 16.88848716149199], [77.94276251588646, 16.88235982007038], [77.94818351261573, 16.87181492517551], [77.95481451219395, 16.86827631760299], [77.95944881345382, 16.86293623850544], [77.96009364744846, 16.86027561439289], [77.96694035207706, 16.85013611913021], [77.97743247310518, 16.84682367708071], [77.98008458756878, 16.84877274848594], [77.98397687863819, 16.85621794254956], [77.98704385546786, 16.85952851362056], [77.9889722952639, 16.86373473908098], [77.9903689181624, 16.87061200626955], [77.98324122741549, 16.87263533293852], [77.9828734363626, 16.87385208455034], [77.97846139953448, 16.87653599494911], [77.98018262458073, 16.87968152260406], [77.98050352762012, 16.89022290987402], [77.98152188978223, 16.89323796578923], [77.98545103899322, 16.89787038874882], [77.98798051701006, 16.89880935112383], [77.99235007448003, 16.89986042450093], [77.9996338994365, 16.89892862649473], [78.00309600570165, 16.90005012938992], [78.00428229100515, 16.90133950894765], [78.00862280576645, 16.90246672820302], [78.01116917880472, 16.9091537527424], [78.00999958649152, 16.92363935358475], [78.00891709096419, 16.92824418317095], [78.00722012118065, 16.93388645056421], [78.00455385372862, 16.93591294275511], [78.0055789653933, 16.9362144477982], [78.00841422444164, 16.9438590984814], [78.01215224951092, 16.94328778596223], [78.01131296758173, 16.94761049234339], [78.01079871724386, 16.94963956280201], [77.99868765274506, 16.95238742401633], [77.99404786181775, 16.9492122414001], [77.98995531327881, 16.95104086363973], [77.9877549292248, 16.9529821247372], [77.9859940889746, 16.95693658898985], [77.98570092381829, 16.96039287641128], [77.98783875844542, 16.96188336460323], [77.9922654816214, 16.96224768884377], [77.99519792820207, 16.96371584791272], [77.99885393357056, 16.97482085508995], [77.99974459872179, 16.98017675769509], [77.99882092491647, 16.98259906029715], [77.99477134144955, 16.98765719500783], [77.98370769616237, 16.9961419391053], [77.97803817841405, 17.00431920751423], [77.97746578018963, 17.0071706245924], [77.97826992013374, 17.01007894137816], [77.96839464295239, 17.01262542878194], [77.96773341992274, 17.01396981097459], [77.95875339642726, 17.0134105022979], [77.95357004860394, 17.01440222956401], [77.9482785133319, 17.01684427891918], [77.95073887252283, 17.02032885050018], [77.94634311144426, 17.02037562484893], [77.94391918714383, 17.02135051464195], [77.94020035173389, 17.02393333149594], [77.93841585889668, 17.02704592868185], [77.93494328462275, 17.02803062776165], [77.93445680430415, 17.03181903887391], [77.9329443172277, 17.03280936599593], [77.93226524358077, 17.03765818570164], [77.93063664618124, 17.03961946596324], [77.93183613198052, 17.04352756922189], [77.93103353627934, 17.04702722121321], [77.93218789084013, 17.04719496190239], [77.93221528176957, 17.0479685762481], [77.92943269646236, 17.04973488012605], [77.92674526484255, 17.04996471324539], [77.92274399447273, 17.05179765055068], [77.92345440181303, 17.05678536243731], [77.92287437337195, 17.06338551973989], [77.9241661088991, 17.06599692637901], [77.93447110523044, 17.07041314862587], [77.94209457310257, 17.07533479506047], [77.94901769432296, 17.07554899973838], [77.94918619722847, 17.0806929324096], [77.93815835375086, 17.08189456384887], [77.9338252403877, 17.08533360986623], [77.93411230463776, 17.08603343139052], [77.93670396456962, 17.08634046014254], [77.9426615810644, 17.08887238876107], [77.94666351468908, 17.091389599099], [77.9477531025317, 17.09294476930545], [77.948496750196, 17.09252405885793], [77.950962279701, 17.09349877123374], [77.95420868212244, 17.09554097371103], [77.95415190232582, 17.09920791463314], [77.96260243566962, 17.09919569523265], [77.97182763684599, 17.10074361218414], [77.97526692446193, 17.09950016631004], [77.97943097314136, 17.10152576726389], [77.98228264170753, 17.10173582600301], [77.98360917619254, 17.10391311978931], [77.99001201403422, 17.10333749769628], [77.99226562926377, 17.10952788458358], [77.99102912424077, 17.11171567346536], [77.99289798543356, 17.11379080923881], [77.9933715905329, 17.12238865659732], [77.99152255001276, 17.12244825870146], [77.99166540289053, 17.12821585430605], [77.9941359020328, 17.13106676982467], [77.9965632926465, 17.13139384134094], [77.99868521797623, 17.13355334070978], [78.00252011760851, 17.14120011083129], [78.00397898138299, 17.14744426387539], [78.01133311732508, 17.1476298858557], [78.01110447642878, 17.15046264109032], [78.0130155351859, 17.15221689544302], [78.0160512501932, 17.16548423006443], [78.02155452408942, 17.16626729233973], [78.02338797378701, 17.16710725175863], [78.02350433974676, 17.16795416099917], [78.03195265263975, 17.16834624392505], [78.04115467103769, 17.16639513093708], [78.04421771779552, 17.16861014617243], [78.0429000462795, 17.1735512267213], [78.04288235181684, 17.17948859990345], [78.04374369355558, 17.18510606988822], [78.04526759085809, 17.18777352798391], [78.04144754853179, 17.18776565899749], [78.04084677052936, 17.18840539229111], [78.04386253497061, 17.19404760906254], [78.04692576593885, 17.20835010543339], [78.04998378571473, 17.21139696025511], [78.05475067126262, 17.21437756687031], [78.05721539259929, 17.21444648943812], [78.06188316166556, 17.21101356974765], [78.06404721464118, 17.21103822077403], [78.06611742533534, 17.22359256474583], [78.06952158172543, 17.23064967856491], [78.0560192631558, 17.23308627272327], [78.05096939901148, 17.2354114128153], [78.05081104592794, 17.24359445349153], [78.05736297720587, 17.24803796189132], [78.0594737889708, 17.25124108650434], [78.04851335391005, 17.26597001609129], [78.04660260976128, 17.27274906785451], [78.04337864579293, 17.27500900598326], [78.04568737552803, 17.28386253261441], [78.04721677577572, 17.29520754126781], [78.0440504034213, 17.29621551570144], [78.04178237249198, 17.29840972103135], [78.0378975178004, 17.29927834383168], [78.0355527417751, 17.30157553340333], [78.03151920216406, 17.30302554483445], [78.0324987080629, 17.30862144575685], [78.01476220187214, 17.31187914750365], [78.01354849675899, 17.31330292451426], [78.01289330076509, 17.31969377132342], [78.00948405160091, 17.3201332503703], [78.00781930023822, 17.32482558408716], [78.00777456206225, 17.32723075286246], [78.00530283017049, 17.3279840834359], [78.00668953418555, 17.33706216668003], [78.00557751011405, 17.3378720704082], [78.00809176856605, 17.34158680445664], [78.01256287987803, 17.34431595751715], [78.01715370936131, 17.34418908867328], [78.01703983072112, 17.34586488487464], [78.02078725137198, 17.35523256132394], [78.02140252909608, 17.36282724144022], [78.02295170707198, 17.36394409996772], [78.0231810343015, 17.36592728632458], [78.02168169253252, 17.36758292836145], [78.02200832951479, 17.37005097998504], [78.02514022720645, 17.37001963199452], [78.02793781951755, 17.37559585140993], [78.0309438160942, 17.37696460369169], [78.03285047691735, 17.37888580107211], [78.03449412121608, 17.386379249937], [78.03611461629693, 17.38784500637371], [78.03592967043551, 17.39057400784304], [78.04365514442587, 17.396821693014], [78.04706746160942, 17.4011385275024], [78.0512284424895, 17.41191641524153], [78.05732005667961, 17.41140296691803], [78.05799859871597, 17.41023959457717], [78.0640953712241, 17.41082484798383], [78.06953026888557, 17.40971116121914], [78.07135890060478, 17.41152261055187], [78.07216058178454, 17.4133494036216], [78.07226933279286, 17.42398573101429], [78.07142761785036, 17.42653536102237], [78.07293643975521, 17.42947354921763], [78.07227630711714, 17.43752808575441], [78.06849488240334, 17.44314155735072], [78.06327294939695, 17.44713792984525], [78.0629238057651, 17.44870740062276], [78.05694844726422, 17.44886965661156], [78.04769443364886, 17.45129104194784], [78.04604410481635, 17.45330224958527], [78.04541504699887, 17.45802460947924], [78.04084786068205, 17.45782280677537], [78.03946070259686, 17.46664662893032], [78.0412359254449, 17.47047869676325], [78.04043525001721, 17.47121548000806], [78.03063956664433, 17.471278674826], [78.03104493024341, 17.468262931129], [78.022587061295, 17.46499065581357], [78.01993916944745, 17.46947702048397], [78.00829749440389, 17.47282293809118], [78.00425446146585, 17.47509975329552], [78.00192819203927, 17.48167399335862], [78.00050365784212, 17.48290981353968], [78.00542897119048, 17.49057725175267], [78.00469367907021, 17.49133728879054], [78.00777161521937, 17.49608020617761], [77.99866569416298, 17.49848758784558], [77.99523101202732, 17.50067639937437], [77.99421843279845, 17.50321915219031], [77.99262801120602, 17.50377916939408], [77.99101415173301, 17.50691165503632], [77.98763516356894, 17.50251319156939], [77.98821297855515, 17.49896608200696], [77.98491894776622, 17.49457308420255], [77.98402798762727, 17.49056097344329], [77.98258198995859, 17.48941804080148], [77.98083110226092, 17.4859610220039], [77.98081577359203, 17.48384930562409], [77.96458510118738, 17.48449801605283], [77.96761245226976, 17.4916146772009], [77.96597359782413, 17.50469866537868], [77.96683518045062, 17.50694710777926], [77.97283299504475, 17.51360597856403], [77.97423981073898, 17.51780953283214], [77.96846371827553, 17.52757071190073], [77.96793199249585, 17.53006035050085], [77.9623517858227, 17.53409496850858], [77.94395325127942, 17.53839229840946], [77.93666043290379, 17.53889720007246], [77.93895405080116, 17.54190886359863], [77.94018463306888, 17.5509122443309], [77.93593211446559, 17.55496665905597], [77.93508579636047, 17.55877707726174], [77.93379199831965, 17.56075546549941], [77.93411825114221, 17.56356267638899], [77.93611311820878, 17.56565737919448], [77.93651283902723, 17.56753411010544], [77.93236396603423, 17.56723103714347], [77.92938111181293, 17.57220474759101], [77.92681233287249, 17.57254461917553], [77.92192718895546, 17.57482314476617], [77.91293800289634, 17.57624262651623], [77.89728498372335, 17.5821425959321], [77.88610671029146, 17.58010250554735], [77.8821293839007, 17.58107104148796], [77.8763246127627, 17.58120324458703], [77.87274727808914, 17.58256990412729], [77.87153924614798, 17.5854757969652], [77.87108831305738, 17.58887484968633], [77.87232773708547, 17.58961351093589], [77.87073620533245, 17.59298947250795], [77.87110415985207, 17.59402934271389], [77.86869578109012, 17.59678936243422], [77.87013991527847, 17.59984551786791], [77.87308991459442, 17.60064597721296], [77.87491591297528, 17.60300137818126], [77.8674707856025, 17.61079941007032], [77.8672915352966, 17.61431934510652], [77.8661538143142, 17.6165343131569], [77.86741436646919, 17.61957456222076], [77.86660728073007, 17.61998954510685], [77.86596319402622, 17.61809175665966], [77.86297127241052, 17.61688838026553], [77.86175929597947, 17.61304379536529], [77.85836406149463, 17.61238692863405], [77.85785887223187, 17.61034156342057], [77.85280683792122, 17.60842522733619], [77.85534612168944, 17.60997587263547], [77.85590982245039, 17.61293071991093], [77.85154222554333, 17.61689157323074], [77.84919435894231, 17.61862566335672], [77.84315590518126, 17.61887619548364], [77.83905300129697, 17.62137510271866], [77.83558380244483, 17.62512066057877], [77.83422851502206, 17.62595822222788], [77.83373671931678, 17.62537339557214], [77.82990028577161, 17.6280201071572], [77.82590440505015, 17.62886979067106], [77.82290963316659, 17.63202429418359], [77.81971247402379, 17.62962405478519], [77.81905175862232, 17.63001365945216], [77.81550377565554, 17.62637464316326], [77.811182572537, 17.62755913352457], [77.80383294224761, 17.62780547433228], [77.79915335454803, 17.62658891749801], [77.79979363953726, 17.62495123155128]]]}}, {"type": "Feature", "properties": {"dtname": "Wanaparthy", "stname": "Telangana", "_state": "TG"}, "geometry": {"type": "Polygon", "coordinates": [[[78.06269447111335, 16.62400125563827], [78.05785406283508, 16.62621154095832], [78.05594542929434, 16.62312300747004], [78.05111609801214, 16.6248131769385], [78.03805483292605, 16.62565722395162], [78.03746174973178, 16.62468708536016], [78.0309874014845, 16.62173068157354], [78.02544171220774, 16.61619344705951], [78.02138057136948, 16.61571641854878], [78.0121849471506, 16.61694310304656], [78.00833930559907, 16.61538287153981], [78.00004846248582, 16.60701749103882], [77.99994678151359, 16.6024526957919], [77.99856143164976, 16.60221020275793], [77.99802558154568, 16.6004445278375], [77.99834847816811, 16.59865725248066], [78.00005568011647, 16.59792657457209], [78.0003495002111, 16.59435691588856], [77.99602280646626, 16.59304856259901], [77.98891234442833, 16.59229521806774], [77.99308167023857, 16.58641942645239], [77.99672899366169, 16.58432311382551], [77.99675972364537, 16.58265001222712], [78.00407757763003, 16.5680818772022], [78.00244091618082, 16.56622634384548], [78.00231713488849, 16.56414887291556], [77.99778441326521, 16.55767745193458], [77.9978386173549, 16.55414567763909], [78.01387660069172, 16.54521139215218], [78.02008737015272, 16.53309016377241], [78.01899470352156, 16.5316029313165], [78.01949853301193, 16.52993980993596], [78.01863160619375, 16.52841450778486], [78.00720436816516, 16.5321658201357], [77.99792071980754, 16.53101173051818], [77.9932801405289, 16.51945055638219], [77.99475975674983, 16.51590390687851], [77.99226952404923, 16.51558497306966], [77.98984564324655, 16.51816157506914], [77.98489369786705, 16.51380611484738], [77.98635657461726, 16.51269267007931], [77.98682542722632, 16.51121927315249], [77.98474938477226, 16.50857133669927], [77.98499508793272, 16.50510509308721], [77.98244496272183, 16.50249677542247], [77.97942493074781, 16.50183220738415], [77.96811882002254, 16.50387319309403], [77.9676415992444, 16.50050691017494], [77.94123493782621, 16.50034836163828], [77.93485106906148, 16.49264545765585], [77.93097711875441, 16.48196503415944], [77.9211028950114, 16.48389413921726], [77.91956590023699, 16.48456745128975], [77.91953933614758, 16.48695986784718], [77.91866217210361, 16.4880754485209], [77.92322802278782, 16.4927624620292], [77.92166898575148, 16.49941501004363], [77.92875553491888, 16.50641661505064], [77.92862866258908, 16.51148536334661], [77.93029837218398, 16.51828099546763], [77.93393554614032, 16.51909847446713], [77.93404264891944, 16.52167787313395], [77.92892197388329, 16.52208635912494], [77.92426085434614, 16.5206818988654], [77.9157250958891, 16.52408352259894], [77.89788814687857, 16.52805828748165], [77.89420494876515, 16.52575611412754], [77.89058140936442, 16.51929353253642], [77.89010294119186, 16.51612153726774], [77.89134101361704, 16.51219264051604], [77.8973026842898, 16.50239670572443], [77.89697821311746, 16.50069200139365], [77.8933135791537, 16.49595666224433], [77.89089549134168, 16.4781379047953], [77.89107084786075, 16.47480206094595], [77.8929067633919, 16.47207918199971], [77.89720892157237, 16.46859949398522], [77.90688946024325, 16.46352559915817], [77.91014012496532, 16.46371902541343], [77.91521566280726, 16.46557216715153], [77.91867107490292, 16.46515285648202], [77.92153707983357, 16.46176829897744], [77.924084048422, 16.45336376146502], [77.92393935828598, 16.45152558543387], [77.92256230515069, 16.44929261416163], [77.9191346732069, 16.44653709213372], [77.91638613229838, 16.44238310324349], [77.90268782167242, 16.44441855617669], [77.90050024527604, 16.4496701457736], [77.89588768478599, 16.45113333984483], [77.89149308820248, 16.45099336649368], [77.89020699600174, 16.44935372579318], [77.88000895794232, 16.44928692058997], [77.87406729861766, 16.44705588435917], [77.86380956953455, 16.44654875001466], [77.8634623698934, 16.43640368900478], [77.87004180144042, 16.42131497580142], [77.86922375612302, 16.41587720654427], [77.8677057184371, 16.41409884344373], [77.86499945637685, 16.39951442566798], [77.86538321780597, 16.38900760097878], [77.86274931082409, 16.3844833751112], [77.8626564145644, 16.37180851170652], [77.85820340626378, 16.37088911908301], [77.85501808992142, 16.3718942185346], [77.85149537334837, 16.37605228934682], [77.84682520356012, 16.38539302167148], [77.8435863899126, 16.38931003897155], [77.8427093988639, 16.39215765640692], [77.84007496982906, 16.39501941537013], [77.8318044071436, 16.39711380910137], [77.82672151008809, 16.39599132899127], [77.81712582927041, 16.3914420782141], [77.80216505436796, 16.39757550936951], [77.79683480853309, 16.40563574220032], [77.79268189528615, 16.40742360166168], [77.79132660023801, 16.40921102146269], [77.7907329817395, 16.41251448606388], [77.7934693397069, 16.41972752020301], [77.7934120652759, 16.42185713344928], [77.76822087279466, 16.42265584368603], [77.75422300152644, 16.42127196470102], [77.75556286883773, 16.41456345595743], [77.75878101277387, 16.40925432922906], [77.75893171899793, 16.40345756795147], [77.76184255443661, 16.3939240748988], [77.75907803737583, 16.39155903336051], [77.74916184753306, 16.38794329567158], [77.74871316166667, 16.39106454774494], [77.74485936641395, 16.37678988282456], [77.74231391459, 16.37437050676279], [77.7357076502244, 16.37199626590883], [77.73380739787808, 16.36970894464471], [77.73642300791033, 16.36777800285189], [77.73940230104517, 16.36693431601106], [77.73932880378773, 16.36549595883126], [77.73740238472494, 16.36479529411549], [77.72304960305077, 16.36764429558399], [77.71825250573283, 16.36743597160277], [77.71727938874477, 16.36533144751009], [77.71615379371838, 16.35763536012416], [77.71561440918471, 16.33431565479811], [77.72013931949887, 16.33394763580483], [77.72873425680417, 16.3316707694487], [77.73848673643492, 16.32444063508377], [77.76225808445442, 16.31354416187531], [77.77492247686054, 16.30680498036671], [77.79207912650055, 16.29481228688966], [77.8036832574863, 16.28872275274077], [77.8287330254152, 16.27041806616448], [77.834534852302, 16.26487337957361], [77.84059580122387, 16.26162499008942], [77.84316865698791, 16.2579798846849], [77.85681672330809, 16.25073247585567], [77.8614233619589, 16.24727998731661], [77.8661329815222, 16.2420509611597], [77.87591933138344, 16.23706577480486], [77.88597564770168, 16.23002987766911], [77.89370742554229, 16.22312319634589], [77.89971489707192, 16.22127020209117], [77.90795116482205, 16.2161740252847], [77.92089315396218, 16.20522299066866], [77.9263980393675, 16.19876297924862], [77.92992955980071, 16.19609200684569], [77.9318398909296, 16.19280882582556], [77.93218795286855, 16.1861909834164], [77.93143381521435, 16.18262665322984], [77.93229392316061, 16.1776615262058], [77.93110032385094, 16.17478840546296], [77.93559822986857, 16.16359827440155], [77.93953863051895, 16.16037118123846], [77.94238727305073, 16.15324995970992], [77.94197234608491, 16.14987066260805], [77.94260254718178, 16.1474628587872], [77.94104333856762, 16.14209310705494], [77.94095971560704, 16.13770460098364], [77.94291287343874, 16.13141379394092], [77.94357331907213, 16.12556877493223], [77.94658430094783, 16.11923647783108], [77.94961138839805, 16.11635997782965], [77.96146493826188, 16.10822947808558], [77.96726087252888, 16.10101657632572], [77.97381575460173, 16.09515592063273], [77.98176679246488, 16.0909536184322], [77.99385517134989, 16.0873247139249], [78.01253839086394, 16.07113488757907], [78.01430259419315, 16.06736973075771], [78.01607870492013, 16.06599741397167], [78.0264030437627, 16.06223747637387], [78.02928225537939, 16.05980142672296], [78.03634856059371, 16.05092337255493], [78.03920061694983, 16.04538394757197], [78.04357532444952, 16.04074878580285], [78.04577299214667, 16.03702906040539], [78.04652039089116, 16.03257787246419], [78.0507700314843, 16.02857427577062], [78.05676582726197, 16.02478983534979], [78.0694379486233, 16.01431980226642], [78.0720015394486, 16.01311446010506], [78.0882313478961, 16.00796718118081], [78.10526441784027, 16.00477729263542], [78.11352861275815, 16.00198484363955], [78.12740770908141, 16.00240774314748], [78.12843848258524, 16.00146039520563], [78.12727953633991, 16.00022160284578], [78.13269759159772, 15.9984187240992], [78.13607179012202, 15.99624011433465], [78.13953056134885, 15.99285014123922], [78.14215246453597, 15.98746971205539], [78.14337159709687, 15.9809020938081], [78.14381280199501, 15.9721140127064], [78.14658963131625, 15.96232056690839], [78.15179754470819, 15.95368944550009], [78.15973503173508, 15.94824106543937], [78.16335609256339, 15.94723172129823], [78.17092710675632, 15.94705283632399], [78.17708956878039, 15.94539721360171], [78.1943834185866, 15.94370930440994], [78.21225862777715, 15.94306207214551], [78.22144501683256, 15.94386677049215], [78.22977595518405, 15.94694237144147], [78.2360161212827, 15.95088475911011], [78.24037819872619, 15.95496609653198], [78.24778723643146, 15.96988092153334], [78.25122581614607, 15.9750787623991], [78.2521204201937, 15.98067846499724], [78.25817221529572, 15.99089261371886], [78.2598214413219, 15.99556433651075], [78.25984240345805, 15.99908356827304], [78.25550579999884, 16.01285127179124], [78.2568043789448, 16.01958641651485], [78.25855437815564, 16.02322796287655], [78.2540555508384, 16.02484931322457], [78.25106421204318, 16.02550956098851], [78.24867047291026, 16.02507395257961], [78.24185334807906, 16.02691769903656], [78.239824201968, 16.02850175225383], [78.24112108956456, 16.03165919524981], [78.24692394745172, 16.03835652428952], [78.24868210797852, 16.04209777668465], [78.25113875494726, 16.044887478953], [78.24784637719983, 16.04731303964909], [78.24288167348037, 16.04912367917049], [78.23990413019703, 16.05304975276788], [78.23376611030561, 16.05436362550588], [78.23123334706263, 16.05577929768597], [78.22864035251435, 16.0595871473322], [78.23028360188432, 16.07048748697679], [78.23219844119784, 16.07402245532343], [78.23203125309419, 16.07636817182263], [78.23360911437027, 16.07870994554145], [78.23265115724872, 16.08268452757439], [78.23299212986615, 16.08518941041034], [78.23507905491651, 16.08965808777952], [78.23689037562298, 16.10594710965557], [78.22924241137692, 16.12169161174329], [78.22890420587227, 16.12424810828999], [78.2253021896936, 16.12986330123137], [78.22412393396229, 16.13465875251688], [78.21494403089774, 16.13738680805399], [78.22177406093101, 16.15505075495072], [78.2264464022867, 16.16304354045713], [78.22718428763572, 16.17458993074554], [78.20918161333674, 16.17999563468473], [78.2108887856453, 16.18293146486054], [78.21028814565324, 16.19600579468088], [78.21119280499892, 16.20074674870493], [78.20212248716285, 16.20423988071254], [78.19665574673968, 16.20859506145342], [78.20026277736622, 16.21241103220497], [78.20082973868703, 16.21437115981375], [78.19986749974375, 16.2218374015463], [78.19632161254417, 16.22401524619204], [78.19247195571641, 16.22775010914063], [78.20004533181513, 16.23553529372015], [78.20061174276144, 16.24157977712575], [78.19925577198921, 16.24827726510349], [78.20126412976354, 16.25071894235215], [78.20039877652012, 16.25184031025205], [78.19884646063481, 16.25970266409147], [78.19787288721712, 16.26047007676128], [78.18156279403928, 16.26296541413506], [78.16422183488474, 16.26705384185826], [78.16186341810567, 16.2795929773727], [78.16193951809474, 16.29216338414064], [78.16274384788015, 16.2962294994586], [78.16849318906877, 16.30829251198544], [78.17403210791447, 16.30923974662068], [78.17990888856023, 16.31133057562745], [78.1887610498154, 16.31654289659825], [78.18978089872392, 16.32185505615637], [78.19427305143302, 16.32062389883911], [78.20794954363951, 16.31985852291755], [78.20950164647417, 16.3184958443658], [78.21330364001636, 16.3214406627698], [78.21782354988807, 16.31982036078082], [78.21889555225202, 16.31297949560042], [78.22190840155567, 16.30636749732348], [78.221172031084, 16.3036140696039], [78.22771080390363, 16.30192932304375], [78.23477885991633, 16.29695729170951], [78.23989043490866, 16.29718823406806], [78.2437651422207, 16.29581379348907], [78.24866435284964, 16.29083624280177], [78.25431453970451, 16.2881597731328], [78.25638864119527, 16.28943911935484], [78.25522636416433, 16.29735120002475], [78.2596189814936, 16.3027575387606], [78.25838339466743, 16.30598744867225], [78.25910909237815, 16.31303749940977], [78.26368139720962, 16.33281528917997], [78.28121628880099, 16.32887455174064], [78.28866257945072, 16.32607110510864], [78.29281320438075, 16.32601034697931], [78.29234351947782, 16.32947917147768], [78.2906401672637, 16.33017153458304], [78.29092436240605, 16.3319836676614], [78.29171543275403, 16.33287846514491], [78.29544583086512, 16.33271375791525], [78.29727424276872, 16.33383188033794], [78.29866628373235, 16.34173900456288], [78.30095577440443, 16.34522283998351], [78.30147763599065, 16.3475756748586], [78.30348258718844, 16.35010676207941], [78.304502116471, 16.34899556440646], [78.30860757004062, 16.34841391826717], [78.31194052870804, 16.36005885322412], [78.31358389096867, 16.3626855536614], [78.31495367858416, 16.36930325963617], [78.3145226479589, 16.38074205034588], [78.30964526098715, 16.38834908428752], [78.30302324103924, 16.39142859525803], [78.29661328968938, 16.39270555087364], [78.2882636098002, 16.40023525317998], [78.28147824772923, 16.39985225615992], [78.27751077103996, 16.40348343535817], [78.27398540029287, 16.3994661547542], [78.26453435158707, 16.40070556750807], [78.26284442121016, 16.40180042082831], [78.25814587454114, 16.40787949770759], [78.24679866540511, 16.4155025517512], [78.23317113043271, 16.41838324817896], [78.2302330675001, 16.41756468035691], [78.22220937585858, 16.4123495778456], [78.20977233082967, 16.40953816811486], [78.20139294938951, 16.40920782881898], [78.20166640080139, 16.41671889294165], [78.19900719866149, 16.42736433792026], [78.19850449203749, 16.43270506029157], [78.20085999497184, 16.43929793516396], [78.20077293118321, 16.44718961647679], [78.1958518786746, 16.44636734522331], [78.19251993473677, 16.45035203494277], [78.1760314349542, 16.44952977954816], [78.16220971301406, 16.45348022203105], [78.15644596089432, 16.453760357145], [78.14783601261693, 16.45611199781787], [78.1335946997177, 16.46526645562503], [78.13009331634758, 16.46643037588025], [78.13123578893112, 16.46966359626791], [78.12493486138324, 16.47169629451747], [78.12397357543831, 16.4744536439445], [78.09989305233593, 16.48722681212042], [78.10258943571847, 16.49141390333605], [78.10366691061625, 16.49532944019084], [78.10306868986511, 16.49904053853142], [78.10414976280656, 16.50073984935864], [78.10421067703358, 16.50538107633502], [78.10677630414263, 16.51534679982593], [78.10852362688964, 16.52941031559799], [78.1111164871565, 16.53755373953241], [78.11230586228343, 16.54079194833152], [78.11639569150725, 16.54420744583146], [78.12261572065063, 16.55221040786365], [78.1229960512468, 16.56346773086224], [78.12224878150568, 16.56282161272604], [78.11961855481275, 16.56315399588848], [78.11853652929592, 16.57315553907236], [78.11615590492745, 16.57300657650044], [78.1228932933704, 16.5856242353561], [78.12517310833749, 16.5914480158912], [78.11894283519545, 16.59196173424762], [78.11607242005664, 16.59778207686357], [78.11316048973625, 16.59732873023957], [78.11133755636787, 16.59834848352422], [78.10160018864768, 16.59795830559482], [78.08956038757209, 16.60404545330415], [78.07678600253911, 16.60877115912932], [78.07017666557012, 16.6144940491482], [78.06884953374696, 16.61788447993384], [78.06903529272624, 16.62451714638571], [78.06269447111335, 16.62400125563827]]]}}, {"type": "Feature", "properties": {"dtname": "Warangal (Rural)", "stname": "Telangana", "_state": "TG"}, "geometry": {"type": "Polygon", "coordinates": [[[79.65250754406725, 18.25246823673949], [79.6350527365331, 18.27651183895005], [79.63726582419436, 18.28095378932413], [79.63639660055077, 18.28176827790024], [79.63644741684398, 18.28310603590045], [79.63294209507933, 18.28526098856297], [79.63116973574267, 18.28489236484146], [79.62832227412578, 18.28165420060463], [79.62740062668661, 18.27300574809772], [79.62333128478849, 18.26803634074371], [79.62154744243345, 18.2681555650674], [79.62041924002544, 18.26239829048325], [79.60999057929195, 18.26221515887181], [79.60668411810421, 18.2591782076681], [79.59739210651013, 18.26278156928623], [79.5938488560999, 18.26086405219096], [79.58591292999755, 18.25966452192824], [79.58208686013063, 18.25655717054504], [79.57809066867584, 18.24285704535821], [79.59083637607318, 18.2261975078893], [79.591707394801, 18.21956574715738], [79.59668220546399, 18.21706450639027], [79.59784950878367, 18.21535438357527], [79.596981005037, 18.1982039945763], [79.61269877864908, 18.18848120753415], [79.61085192163871, 18.18400713858606], [79.60786524605662, 18.18498593916709], [79.60977932576519, 18.17633893274892], [79.60475963159735, 18.17315076411678], [79.60265810574545, 18.15918098237395], [79.60126012708281, 18.14145908312422], [79.61323695416922, 18.13753966270592], [79.62197566397712, 18.13736767835939], [79.62346480321288, 18.13283398302344], [79.62462952825621, 18.13180426578241], [79.62499718066321, 18.12764377409012], [79.62731572706808, 18.12458985541166], [79.62697511459466, 18.11882321102338], [79.62390198789598, 18.11866865001731], [79.62197570268252, 18.11671519974285], [79.6141611662373, 18.11517244117919], [79.6049467733478, 18.11700886336087], [79.60519704972442, 18.10705897463054], [79.60326475602118, 18.09634155628954], [79.60700828314755, 18.09571962457361], [79.61238296298437, 18.09236859373395], [79.6161492235558, 18.08164290567029], [79.6204023558742, 18.07341976785729], [79.61772042650557, 18.06866142184827], [79.62331234457645, 18.06812885439146], [79.62195057838767, 18.06336555894107], [79.62267149124625, 18.05860387096431], [79.62075440304794, 18.05246065386785], [79.6221713952561, 18.04616738826457], [79.62061186592503, 18.04293095559363], [79.62083986158291, 18.03970536164325], [79.62941797888995, 18.03833973402949], [79.64186596350974, 18.03818046725413], [79.64266046678519, 18.04287436157036], [79.64604734878988, 18.03891996771703], [79.65099091165847, 18.04223912684594], [79.66174694416738, 18.03707277085776], [79.6666230477225, 18.0338862259441], [79.66599740075151, 18.03280866942417], [79.67089947249416, 18.02817866449296], [79.67091137240173, 18.02706965467506], [79.67165978070399, 18.02711256711606], [79.67074168831049, 18.02373567286303], [79.66805968986962, 18.02301264471436], [79.65921550296879, 18.02371857688608], [79.65188958102918, 18.01137991886542], [79.64821872913917, 18.01067675456615], [79.64644609713231, 18.00932338146588], [79.64126403470846, 18.01020989788404], [79.63745795787476, 18.01184659777213], [79.63259498188138, 18.01119702522482], [79.63139144163632, 18.00976010699526], [79.63123391994503, 18.00749450785752], [79.63698284190004, 18.0056754371961], [79.63660824765377, 18.0030280529685], [79.64044967953528, 18.00115429153213], [79.64305748499653, 18.00088016956913], [79.64033822408634, 17.98545673469278], [79.63984253511522, 17.98432942990706], [79.63790469218878, 17.98356656278439], [79.63109003060963, 17.98228711850267], [79.62574360839132, 17.97909252099279], [79.62502458185588, 17.97719109896616], [79.6232245470968, 17.97731940216318], [79.62205806551835, 17.97308402594232], [79.62602621752274, 17.97075896507932], [79.62702532583099, 17.96912678632701], [79.6311485732984, 17.96695147134902], [79.63005181580486, 17.95975130116715], [79.63185944679155, 17.95467373670178], [79.6316338882756, 17.95336210642028], [79.62700119693613, 17.94061961739877], [79.62565114439134, 17.93415506504039], [79.62552866498804, 17.92563435211256], [79.61943014331415, 17.9251708923655], [79.61909447936715, 17.91791491922273], [79.61661604199118, 17.91153595270033], [79.61416571857613, 17.90836631524287], [79.60829776133022, 17.90819276585701], [79.60783226135521, 17.89741496263152], [79.58743495056433, 17.89785778407979], [79.58285399411916, 17.90017959581602], [79.56661075595356, 17.91258010066958], [79.56239033722171, 17.90454759388926], [79.5591684616055, 17.89608545377455], [79.55600604409926, 17.89105874280472], [79.55616075875763, 17.8883338085779], [79.54626041806154, 17.88941986071081], [79.5302995254259, 17.88261769450203], [79.53046431506596, 17.87890285210965], [79.52878905683737, 17.87496728335672], [79.52831072666562, 17.87147099235513], [79.5286653850185, 17.86847577166746], [79.5260738076966, 17.8647031593195], [79.52734447039235, 17.85786089828634], [79.52470087334824, 17.85221663934655], [79.52524259508266, 17.84484212347982], [79.52463828377175, 17.84392628119018], [79.52443827869537, 17.8338542935298], [79.52498229571928, 17.83264081406153], [79.52092014200899, 17.82953492986802], [79.5140214245147, 17.82741484887765], [79.51213329287697, 17.82279100044775], [79.51359902966, 17.82131501822151], [79.51527293714007, 17.81595716633352], [79.51343859798737, 17.80442182983619], [79.5149279489339, 17.79257628461364], [79.51459143354982, 17.7740863919325], [79.510872170002, 17.7668591469306], [79.50537631450287, 17.75093071876331], [79.5053408994604, 17.74861600690972], [79.49307422176305, 17.75432675036189], [79.49048348957798, 17.75447272556989], [79.48643566654522, 17.75264984942874], [79.48100166377316, 17.74524205883632], [79.49082230058396, 17.74178970235715], [79.49533564110476, 17.7383348311061], [79.50418635729746, 17.72419087479478], [79.50228951559451, 17.71540624722984], [79.49894193487104, 17.71663964892674], [79.49500915893857, 17.71550915172497], [79.48688407894899, 17.71149267526562], [79.48099674590037, 17.70531217083063], [79.49022098166449, 17.69823146693769], [79.49059466386069, 17.69617633787041], [79.48973028358053, 17.69001062483492], [79.483938433799, 17.67825217344183], [79.48131998812471, 17.67484008792682], [79.49111360192181, 17.6658815575457], [79.48982273783639, 17.66289618636804], [79.50354457426754, 17.66108916563463], [79.50887939766027, 17.66169256278747], [79.52222111022724, 17.66136074521949], [79.52445987518529, 17.6331074294372], [79.53644933765624, 17.63026855426845], [79.54047217224, 17.63789060131477], [79.5458324640846, 17.63008467575496], [79.55044885599413, 17.62701290422194], [79.55189097609531, 17.62714150222678], [79.55986639399856, 17.6206080361683], [79.56369050365595, 17.61849111590074], [79.5723069678781, 17.61781436507128], [79.57783908774087, 17.62036549365107], [79.57728152454074, 17.62364965598611], [79.57769734653279, 17.62847511383697], [79.58701333037789, 17.62950971303228], [79.6138711549056, 17.63615985796358], [79.61640614849591, 17.62183504868889], [79.62148256699959, 17.62418872899898], [79.62685268666581, 17.62308053143846], [79.63104527223794, 17.62383455035928], [79.63548833043477, 17.62339141616011], [79.65350631763106, 17.62796178192899], [79.65786107389181, 17.64373380682586], [79.66143391530055, 17.64952083369029], [79.66587718118433, 17.65026155431688], [79.67047372271725, 17.64932105280478], [79.67687626204524, 17.6505934978374], [79.67808662632855, 17.6509101404357], [79.68005811109568, 17.65419066308519], [79.68253145072849, 17.65471097318463], [79.68071477691716, 17.65725820894699], [79.68051942468377, 17.66117239484412], [79.6836847992194, 17.66992296309396], [79.69137361268092, 17.68652935844691], [79.6989549204162, 17.68356981959833], [79.70526731271946, 17.68296051806793], [79.7052279130321, 17.68222799476424], [79.70818073586723, 17.68207173860275], [79.70813889538942, 17.68308412624743], [79.71412983470076, 17.68384315834876], [79.71363577469928, 17.68945145177282], [79.7167164089117, 17.69509996713934], [79.71544149659161, 17.69784378868144], [79.72154196952755, 17.7008406386061], [79.72441155808751, 17.69913321718333], [79.72284442973255, 17.69589080091345], [79.72526831397431, 17.69594929414095], [79.73300557504699, 17.69167364724362], [79.74154766656824, 17.68894207924379], [79.74983790134398, 17.68791349253394], [79.75324571729628, 17.69082761576151], [79.75959942481389, 17.69057402456578], [79.76234673262796, 17.68991445211053], [79.76776810437565, 17.68667826575136], [79.77144708264431, 17.6890958097894], [79.77129446363652, 17.69719172639123], [79.77885630586711, 17.70316193149376], [79.78186567536407, 17.70307709960928], [79.78383618594302, 17.70590912738566], [79.79104687166965, 17.70877201908736], [79.8054154502554, 17.70024823899349], [79.80929139704995, 17.70049137909938], [79.81901119615502, 17.69930654205838], [79.82217549967338, 17.69533845275184], [79.82441622316213, 17.69516479974503], [79.81897281938573, 17.70900753426792], [79.82150475628787, 17.71337344226381], [79.82485814561437, 17.71342472939115], [79.8446127805593, 17.71870745324463], [79.85247695159444, 17.71832014333117], [79.86358097848786, 17.71956494769476], [79.86353309086911, 17.72270200199085], [79.86131486533397, 17.72309769801216], [79.86133636608571, 17.72806132603576], [79.86688540281199, 17.7304375409404], [79.8641711615201, 17.7339463624075], [79.8642896765483, 17.73521242641114], [79.87208843118641, 17.73926314272807], [79.8688910731372, 17.74188031364518], [79.86922922508472, 17.74236495955718], [79.87330716330787, 17.74168527802912], [79.87625180224212, 17.73986316292168], [79.87874716360518, 17.73695019095033], [79.88214178804652, 17.73601072721137], [79.88409973755972, 17.73440708832868], [79.88873279596277, 17.73264377408886], [79.88960938688047, 17.7313625436432], [79.89337752674703, 17.73010293415629], [79.8966545138223, 17.73516612616059], [79.89895204963285, 17.74124366990225], [79.90367122185762, 17.74685314487066], [79.90212558851874, 17.75096248535028], [79.90372525680465, 17.76168034818384], [79.90287811214239, 17.76408283463014], [79.90035075200514, 17.76671571663276], [79.89808672363232, 17.76807896300459], [79.89498537462704, 17.76860367335028], [79.88344437300306, 17.7793608254522], [79.8826206714047, 17.79071353814905], [79.87789528853874, 17.80031005289086], [79.87556657981172, 17.8084533879467], [79.88308884668152, 17.80988103339836], [79.88744401824466, 17.81152544957859], [79.88649843812878, 17.80909977392185], [79.89127633341268, 17.80986840179372], [79.89283913389941, 17.81267088266932], [79.89488859459277, 17.81373443691767], [79.9014228440002, 17.81429077246602], [79.91068905585797, 17.81343503131956], [79.90894094511577, 17.81254871365505], [79.90918821769687, 17.80880208373746], [79.91097473298741, 17.80472070986208], [79.90995235347872, 17.8041799879727], [79.91537607260226, 17.7988473044931], [79.91777488369594, 17.80940437578174], [79.92339553184716, 17.81410246183537], [79.93093269557959, 17.81870626122904], [79.93471909330943, 17.82635552820791], [79.93439940348917, 17.83409329448794], [79.93868031615835, 17.84061367377752], [79.93941526673667, 17.84103151748192], [79.94281820029869, 17.83942665071536], [79.94720861129353, 17.83567728354538], [79.95155533729394, 17.8441140722741], [79.95138330386361, 17.84657265248823], [79.9528460036198, 17.85180177631758], [79.95213018630437, 17.85630198277778], [79.9527503011851, 17.86073786678609], [79.9608782300108, 17.86428418976145], [79.97538194288343, 17.86140476590474], [79.98011453268192, 17.87099001939423], [79.98285982990575, 17.87354595534048], [79.98126543099785, 17.87667912457998], [79.98467276189096, 17.87704438313657], [79.98647939286307, 17.87935396546672], [79.98856042716723, 17.87965734419602], [79.98890938526277, 17.88161089092364], [79.9911663870788, 17.8814128306766], [79.99178527093142, 17.88668471657103], [79.99418981439, 17.88947370180219], [79.99403841754038, 17.89167567020957], [79.9909670741226, 17.89637383647543], [79.9910817356822, 17.89949293364286], [79.9887402794116, 17.90483902483132], [79.99346193807914, 17.91228298078932], [79.99424218010608, 17.91701099032876], [79.99058920570548, 17.9200713710293], [79.9893851880724, 17.92730495782705], [79.98562116740936, 17.93118764363116], [79.98584151230826, 17.93539179142789], [79.98351985802607, 17.94195357953496], [79.97924796988876, 17.9466755956807], [79.97672994195192, 17.95237802953198], [79.98090864970186, 17.94905716603814], [79.9856944300733, 17.95366994044175], [79.98635173669796, 17.95692136394866], [79.98584827162485, 17.96163884290414], [79.98764811092332, 17.96502860603205], [79.98801919246257, 17.96942729300651], [79.98387806183352, 17.97094055549415], [79.98528222222649, 17.97756094044076], [79.9863646753045, 17.99165180423746], [79.99215385160812, 17.99959327751956], [79.9939548218423, 18.0009082774021], [79.99230568501672, 18.00296093098142], [79.98824323994295, 18.00481333471798], [79.97935005170791, 18.02024938415807], [79.98078817109865, 18.03910439429644], [79.98486943108782, 18.05375793309373], [79.98122736161157, 18.06059629430035], [79.9918928252868, 18.10754351637762], [79.97947977364107, 18.11191117828513], [79.97544656361144, 18.10723275697525], [79.96510021904783, 18.10060876627786], [79.95779628901084, 18.08947690518195], [79.95389179640381, 18.08817447739013], [79.95076024258731, 18.08591568485511], [79.93633001080849, 18.08360486231859], [79.90753855340222, 18.0846751325145], [79.89327997304652, 18.08359574430796], [79.89054296489896, 18.08538221063947], [79.88449314209356, 18.085721819434], [79.88715242258145, 18.09819889563798], [79.86384025409085, 18.09353907364287], [79.86294101324478, 18.09540300200716], [79.84959025990564, 18.09403411594318], [79.83722453516224, 18.0949001038118], [79.83100788546149, 18.09275200234561], [79.82722950201493, 18.09348142114597], [79.82704699381098, 18.09431243343352], [79.82333898362545, 18.09380361275089], [79.8232235847193, 18.09438619560652], [79.81449418386336, 18.09189530317129], [79.81622989637485, 18.09692204398173], [79.81584946736463, 18.10029233181723], [79.81976074674013, 18.11309946678856], [79.82410134393812, 18.11255275621527], [79.82946950926981, 18.12246721616214], [79.84199694247337, 18.13245262207586], [79.84094694047934, 18.13468709640826], [79.83521731005878, 18.13629187187322], [79.8341825704095, 18.13753599157516], [79.82780937346512, 18.13657156073261], [79.81827063832664, 18.14062692581124], [79.81746225832626, 18.1446600994296], [79.80922321920639, 18.15671386210279], [79.80908173412233, 18.16196935286001], [79.80795497021724, 18.16240408954938], [79.80628488882418, 18.17075943779034], [79.80304197696216, 18.17731085406946], [79.80369066110497, 18.18236541392025], [79.800323507136, 18.19054322767075], [79.80073400916768, 18.19472936845596], [79.79604037128797, 18.19825251303807], [79.78754090784935, 18.19636703918167], [79.78579077479243, 18.19394798567096], [79.78130585676496, 18.19079659229995], [79.7633522956013, 18.18216718439722], [79.75372457318419, 18.17427269521013], [79.75070725338965, 18.17538959221102], [79.74733175811544, 18.17865806073632], [79.74584066652851, 18.1786359762755], [79.74400890300433, 18.17734674845688], [79.74254261913948, 18.18051848233331], [79.74004965936871, 18.18111534884456], [79.73475323741046, 18.18663493724685], [79.73404518048704, 18.18984705004176], [79.72400023744486, 18.19443668109925], [79.72221663522289, 18.19770773369264], [79.722798710742, 18.20055581797142], [79.72718677850567, 18.19847474097732], [79.73314755382476, 18.2003842611023], [79.73471744361301, 18.20280070816691], [79.73613547227086, 18.20284331231512], [79.73581939611358, 18.20499590739718], [79.72888561559579, 18.20669158205875], [79.7224837122103, 18.20945530949949], [79.72202784932706, 18.21070675423333], [79.72289001163396, 18.21977088409633], [79.71670472461687, 18.22091035152654], [79.71636477654039, 18.22375413828969], [79.71406092301004, 18.22772078627937], [79.71485840159393, 18.23350076688702], [79.71079846079398, 18.24092798521522], [79.70552051732419, 18.24655281619905], [79.69532232720968, 18.25091607090539], [79.69596943364867, 18.25456536699286], [79.70019826821927, 18.2579252810946], [79.70166521824261, 18.26704545645301], [79.70430286409182, 18.27095069265099], [79.704185026221, 18.27203471886578], [79.69707102360042, 18.27772919951236], [79.69112975721862, 18.27315178591089], [79.68544776884346, 18.26658683870307], [79.68271015287338, 18.26636395224302], [79.67942489053421, 18.26243797350252], [79.67069526098942, 18.2553231206576], [79.65250754406725, 18.25246823673949]]]}}, {"type": "Feature", "properties": {"dtname": "Warangal (Urban)", "stname": "Telangana", "_state": "TG"}, "geometry": {"type": "Polygon", "coordinates": [[[79.59083637607318, 18.2261975078893], [79.57809066867584, 18.24285704535821], [79.58208686013063, 18.25655717054504], [79.57795307754962, 18.25753805713187], [79.57187129687115, 18.26138009456783], [79.5591015368958, 18.26411261283365], [79.55188926286395, 18.26781808564231], [79.55182939274054, 18.26455055740397], [79.55002755938102, 18.26254968868634], [79.55049031164333, 18.25881450480339], [79.5487229930145, 18.25263826449301], [79.55025785471518, 18.24777460053163], [79.54771449453376, 18.24443155753612], [79.54453529701836, 18.2425271341656], [79.54045575609284, 18.23788727456235], [79.53467192390893, 18.23519646919195], [79.53235040052117, 18.23679073074117], [79.51950913501851, 18.24121992893246], [79.51323378433266, 18.23869546514181], [79.49788410495155, 18.23465729992932], [79.49152150561123, 18.22940313188056], [79.48627460969198, 18.23123639762117], [79.48235735304779, 18.22914582744875], [79.48131328607384, 18.23182940913071], [79.47383635393652, 18.22994950052644], [79.47325513966554, 18.21972426301054], [79.46807008708113, 18.21022045139849], [79.46539085553103, 18.2007070860504], [79.47352193892414, 18.19562816016126], [79.46812145551291, 18.19289603609088], [79.46663202628372, 18.1894651855742], [79.4610522629161, 18.18733598698232], [79.46288504708997, 18.18047822831251], [79.4614786195044, 18.17727331677411], [79.46260968766546, 18.1714997707331], [79.46202032682162, 18.16441196046519], [79.44721241251322, 18.16364306802763], [79.44748616896482, 18.1589019400463], [79.4376712694865, 18.1592568691825], [79.43116668432664, 18.15682635560914], [79.42767216186792, 18.15724637730433], [79.42447955472244, 18.16563062229604], [79.41918171967997, 18.16918767160246], [79.41644343883034, 18.16608394069254], [79.41518153790946, 18.16734638574815], [79.41317815653935, 18.16488862874068], [79.41009683776377, 18.16578275538505], [79.40600699630299, 18.16464366819439], [79.39905751449986, 18.16620099441469], [79.3976169790377, 18.16276061828319], [79.40092286215251, 18.16107851620936], [79.40003564055262, 18.15537952600226], [79.39691618039006, 18.14804250469203], [79.3863023109552, 18.15157497646808], [79.38229452564569, 18.15388680693578], [79.37937099771575, 18.15669806159768], [79.36560365560082, 18.13977390365081], [79.35386911910416, 18.13991457028052], [79.34629626674433, 18.146793894944], [79.33634739357967, 18.14656960655857], [79.32734133572099, 18.14815164128547], [79.31735899427478, 18.1398828707998], [79.31392393523384, 18.13415247868945], [79.29995516134966, 18.12955785135709], [79.29384885187555, 18.12590944166169], [79.290544551687, 18.12094809879867], [79.29317339637022, 18.10279474310205], [79.29088146664718, 18.0892961937381], [79.28316602450184, 18.07097441665264], [79.27978010307113, 18.06762632580863], [79.2818231892313, 18.06573383004729], [79.27862879410065, 18.06206512347487], [79.27320689538358, 18.05113841154338], [79.26618027281063, 18.03953359687364], [79.26183085967085, 18.04003396877175], [79.25755652332283, 18.04231185973269], [79.2498968269096, 18.04872445566191], [79.24621591222915, 18.05074558087666], [79.2406734828216, 18.05154849729841], [79.23372378509043, 18.05100986929537], [79.22726728973403, 18.05409199225942], [79.2257967832059, 18.05170320233767], [79.2252196435105, 18.04661540538805], [79.2225066911899, 18.04188432067845], [79.22284367730731, 18.03827473574374], [79.22125160461574, 18.03491392690911], [79.2234303235799, 18.03198613513669], [79.22577048879596, 18.02311330772381], [79.22421666155469, 18.02164991151672], [79.22552974651673, 18.01264837297445], [79.23285126087795, 17.9944850417286], [79.22865290961043, 17.98775462144554], [79.23534923225789, 17.98577852124587], [79.24860129631013, 17.98527790602431], [79.26334834446867, 17.9836280551902], [79.27106471786983, 17.97859654732313], [79.26750580708165, 17.95267698141555], [79.2732832856534, 17.95464920819204], [79.28619002241815, 17.95311372992866], [79.28708283596073, 17.95155036955403], [79.29904776242785, 17.95029807901192], [79.30441988252686, 17.94753479157038], [79.30779101131178, 17.94918982164301], [79.32408739368537, 17.94380183567646], [79.3360476525019, 17.93843872173507], [79.34277010583206, 17.92115905899099], [79.35199935315633, 17.92387107548581], [79.35360883526404, 17.92076090791233], [79.36342504780605, 17.91428633410648], [79.3686773280222, 17.90986638313929], [79.372193797102, 17.91003866102513], [79.3817976915002, 17.90416331566354], [79.38880857003431, 17.9008865750513], [79.39037807361025, 17.90051040321337], [79.39438632477756, 17.90803927706613], [79.39549010038115, 17.90741205827135], [79.39736211508944, 17.90279313165489], [79.39987832838824, 17.9028286945954], [79.40320246927534, 17.90024667345638], [79.4042746625225, 17.89846675675563], [79.40854998931997, 17.89883220129055], [79.40988554688558, 17.89977921397002], [79.41168090065798, 17.89952614672183], [79.41480620444192, 17.89701529376967], [79.41792193003948, 17.89789891436424], [79.42012320977362, 17.89596188340361], [79.42265145287105, 17.8989533823114], [79.42824236378873, 17.90308573704484], [79.43735620488333, 17.91320648826537], [79.44773688825954, 17.90918517512885], [79.4486269417837, 17.90872857757229], [79.44910567234422, 17.90484813894934], [79.44763597149459, 17.89632051742258], [79.44914538264315, 17.89215592083327], [79.44993548998798, 17.88479198573633], [79.44909346500272, 17.87895681068318], [79.45533976546007, 17.87702577677257], [79.45842201099255, 17.87441910023638], [79.46408087769827, 17.87285097961039], [79.46400705409131, 17.87520108459645], [79.47003338932895, 17.8827471658675], [79.4718700413704, 17.88359230282124], [79.47798275400977, 17.89279743903032], [79.48319207344603, 17.89149781216419], [79.48292345697185, 17.89048860921163], [79.48747947166372, 17.88769417934544], [79.4885366513247, 17.88958406275633], [79.48682806257078, 17.89042574469395], [79.48749753637297, 17.89150927688544], [79.4887040597979, 17.89099518066038], [79.49071549768276, 17.89552472141305], [79.49428923181745, 17.90015210013617], [79.49657792325162, 17.89851295717424], [79.50279621680822, 17.89655326414503], [79.50600575637901, 17.89857959425562], [79.509817335236, 17.89733617461009], [79.52371997151175, 17.88617222347015], [79.52544703455202, 17.8863381561394], [79.52574085262825, 17.88704477790042], [79.52931303063144, 17.88641011718268], [79.5302995254259, 17.88261769450203], [79.54626041806154, 17.88941986071081], [79.55616075875763, 17.8883338085779], [79.55600604409926, 17.89105874280472], [79.5591684616055, 17.89608545377455], [79.56239033722171, 17.90454759388926], [79.56661075595356, 17.91258010066958], [79.58285399411916, 17.90017959581602], [79.58743495056433, 17.89785778407979], [79.60783226135521, 17.89741496263152], [79.60829776133022, 17.90819276585701], [79.61416571857613, 17.90836631524287], [79.61661604199118, 17.91153595270033], [79.61909447936715, 17.91791491922273], [79.61943014331415, 17.9251708923655], [79.62552866498804, 17.92563435211256], [79.62565114439134, 17.93415506504039], [79.62700119693613, 17.94061961739877], [79.6316338882756, 17.95336210642028], [79.63185944679155, 17.95467373670178], [79.63005181580486, 17.95975130116715], [79.6311485732984, 17.96695147134902], [79.62702532583099, 17.96912678632701], [79.62602621752274, 17.97075896507932], [79.62205806551835, 17.97308402594232], [79.6232245470968, 17.97731940216318], [79.62502458185588, 17.97719109896616], [79.62574360839132, 17.97909252099279], [79.63109003060963, 17.98228711850267], [79.63790469218878, 17.98356656278439], [79.63984253511522, 17.98432942990706], [79.64033822408634, 17.98545673469278], [79.64305748499653, 18.00088016956913], [79.64044967953528, 18.00115429153213], [79.63660824765377, 18.0030280529685], [79.63698284190004, 18.0056754371961], [79.63123391994503, 18.00749450785752], [79.63139144163632, 18.00976010699526], [79.63259498188138, 18.01119702522482], [79.63617378634257, 18.01180109258132], [79.6459692506236, 18.00932324673026], [79.64821872913917, 18.01067675456615], [79.65188958102918, 18.01137991886542], [79.65921550296879, 18.02371857688608], [79.67055990982989, 18.02336067126102], [79.67165978070399, 18.02711256711606], [79.67091137240173, 18.02706965467506], [79.67089947249416, 18.02817866449296], [79.66599740075151, 18.03280866942417], [79.6666230477225, 18.0338862259441], [79.66174694416738, 18.03707277085776], [79.65099091165847, 18.04223912684594], [79.64604734878988, 18.03891996771703], [79.64266046678519, 18.04287436157036], [79.64186596350974, 18.03818046725413], [79.62941797888995, 18.03833973402949], [79.62083986158291, 18.03970536164325], [79.62061186592503, 18.04293095559363], [79.6221713952561, 18.04616738826457], [79.62075440304794, 18.05246065386785], [79.62267149124625, 18.05860387096431], [79.62195057838767, 18.06336555894107], [79.62331234457645, 18.06812885439146], [79.61772042650557, 18.06866142184827], [79.6204023558742, 18.07341976785729], [79.6161492235558, 18.08164290567029], [79.61238296298437, 18.09236859373395], [79.60700828314755, 18.09571962457361], [79.60326475602118, 18.09634155628954], [79.60519704972442, 18.10705897463054], [79.6049467733478, 18.11700886336087], [79.6141611662373, 18.11517244117919], [79.62197570268252, 18.11671519974285], [79.62390198789598, 18.11866865001731], [79.62697511459466, 18.11882321102338], [79.62731572706808, 18.12458985541166], [79.62499718066321, 18.12764377409012], [79.62462952825621, 18.13180426578241], [79.62346480321288, 18.13283398302344], [79.62197566397712, 18.13736767835939], [79.61323695416922, 18.13753966270592], [79.60126012708281, 18.14145908312422], [79.60265810574545, 18.15918098237395], [79.60475963159735, 18.17315076411678], [79.60977932576519, 18.17633893274892], [79.60786524605662, 18.18498593916709], [79.61085192163871, 18.18400713858606], [79.61269877864908, 18.18848120753415], [79.596981005037, 18.1982039945763], [79.5980290121144, 18.21490259370839], [79.59668220546399, 18.21706450639027], [79.591707394801, 18.21956574715738], [79.59083637607318, 18.2261975078893]]]}}, {"type": "Feature", "properties": {"dtname": "Yadadri Bhuvanagiri", "stname": "Telangana", "_state": "TG"}, "geometry": {"type": "Polygon", "coordinates": [[[78.92127129537401, 17.80237334935815], [78.90713572264718, 17.81254331635493], [78.9007776304971, 17.80807489989908], [78.89965114476365, 17.80484069018124], [78.89170717155012, 17.80560380170657], [78.88071673944177, 17.80953960415209], [78.87583707508124, 17.80952522721469], [78.8712326288985, 17.80763222447348], [78.8666690023221, 17.80820762230782], [78.86927234942704, 17.792522936296], [78.8691222311744, 17.78730945119776], [78.86838515124963, 17.78572160005943], [78.86966566208679, 17.78494477231862], [78.86192238510539, 17.75668553185785], [78.8580677753731, 17.74823375531902], [78.84128373920645, 17.75245762263338], [78.82733514364662, 17.73945109538008], [78.82159907758928, 17.73939252379158], [78.82236596944018, 17.73522139131244], [78.82072137836786, 17.73280337687752], [78.82141835041718, 17.73019131157075], [78.82330960406898, 17.72968625761833], [78.81557931566499, 17.72236051234693], [78.81482164163799, 17.70403161078447], [78.81544196801241, 17.70210149964207], [78.80938391941832, 17.70284932659068], [78.80559271264872, 17.70655808720498], [78.80453177340642, 17.70597093704904], [78.8023936318449, 17.70667727794166], [78.80212281982762, 17.70799529523268], [78.8003625157541, 17.70919288852242], [78.79276125294568, 17.71000018907231], [78.79025989681857, 17.71124609223539], [78.78190670486299, 17.71117907276186], [78.78381393133179, 17.70938605308717], [78.78423487332542, 17.70547887817124], [78.78847438475236, 17.70179671856326], [78.7851130564127, 17.70106001105187], [78.78133327889952, 17.69586674108032], [78.77664431687235, 17.69165616090844], [78.76803484053589, 17.68654117192667], [78.76307638022759, 17.6866998264886], [78.75265000935367, 17.68547095121442], [78.74523396092935, 17.68357916480945], [78.73800976117751, 17.67294525163655], [78.73406308294425, 17.6712986791366], [78.72962346419378, 17.66784859891585], [78.7237828256371, 17.66810304011684], [78.72240119179968, 17.666522729192], [78.71825644779172, 17.65711617020586], [78.7112951727998, 17.65205322972996], [78.7099289951475, 17.64414355002403], [78.71122608839023, 17.63997245042999], [78.70332186020478, 17.63755063371726], [78.6962507113381, 17.6373734555504], [78.7009485744242, 17.63154931629097], [78.68525792418622, 17.6217458873913], [78.68541217096633, 17.61985291275334], [78.68760062139461, 17.620784698931], [78.69021447176512, 17.62007000080715], [78.69548086698795, 17.61596871342201], [78.69824973099014, 17.61222603359475], [78.70000068148818, 17.61150838521667], [78.7015889307831, 17.61208692114827], [78.7018590431387, 17.61142002126523], [78.69975321077722, 17.60765427427803], [78.69781636874653, 17.60858735116559], [78.69771429682406, 17.60583763695479], [78.69093848281399, 17.60136327278006], [78.68656580696974, 17.59500107569589], [78.69306864936574, 17.59221688921984], [78.69148423106346, 17.58869510215279], [78.69132537776547, 17.58444833049993], [78.68153011345987, 17.57779583165678], [78.6784838214394, 17.57742170447322], [78.67651324231645, 17.57590393036451], [78.68800379873768, 17.56535429840254], [78.68906463007816, 17.5622617253674], [78.6992170136653, 17.5586899510622], [78.70561831835602, 17.55758639525075], [78.69495352144999, 17.55128437814235], [78.69795487909401, 17.54162517333635], [78.7009548841689, 17.53979226721175], [78.70053072162716, 17.53516338641664], [78.70497219712102, 17.53082414607304], [78.71235979953987, 17.52065450259811], [78.71219892090518, 17.51245140833057], [78.70742373341308, 17.50541236222098], [78.7089299220803, 17.50197522147939], [78.70649526686594, 17.48480969330891], [78.70960232625497, 17.48456002278142], [78.70915020781844, 17.47626848201772], [78.71692125381213, 17.46824473297777], [78.71950976764965, 17.47165288792291], [78.72532868610972, 17.47055297025365], [78.72914100085245, 17.47148443437204], [78.74756302137034, 17.47029370368495], [78.75141627020992, 17.47140588552422], [78.75435382432279, 17.465303491604], [78.75703800708557, 17.46276174850225], [78.75701261497943, 17.46191156286871], [78.75765682443114, 17.46257688162224], [78.7606734498609, 17.46028185103335], [78.75850215933472, 17.4538439130129], [78.75197749656638, 17.44380256362508], [78.7511127234909, 17.43829290815798], [78.75139757078166, 17.43593045562766], [78.75267100650662, 17.43414591474087], [78.75886621610925, 17.43029902692986], [78.75944338517256, 17.42682667313656], [78.75719328571999, 17.41923931044795], [78.75596512524771, 17.4175110660161], [78.7547552533672, 17.40471883898932], [78.75156313125707, 17.40354876016245], [78.74905473960105, 17.40123570656463], [78.74243169658918, 17.40086919183507], [78.74087772578135, 17.39979829067704], [78.7390891869814, 17.39600361534056], [78.73711480595965, 17.39035787633103], [78.73770061364462, 17.38856770116628], [78.73727712954702, 17.38065592730394], [78.73441567026974, 17.37365990043464], [78.73340862324325, 17.36781869109031], [78.73180571966134, 17.36699146816579], [78.73168630568635, 17.36141983179208], [78.73009606508488, 17.35919100466809], [78.72997920289963, 17.35805059691398], [78.7323455134913, 17.35408670703525], [78.73075134198666, 17.35230551873288], [78.71603927576054, 17.35887947912589], [78.70775091788846, 17.35232132079854], [78.70708461645309, 17.3463787829654], [78.71384043563212, 17.33917825080951], [78.71409909951124, 17.33403471530792], [78.72126997948841, 17.33238995586532], [78.72132467562756, 17.33102935725897], [78.71950318830886, 17.33097346946478], [78.7200344760023, 17.32845481155363], [78.73110684990068, 17.32639012394703], [78.73906135364685, 17.3270890885232], [78.74056668662212, 17.32932162719545], [78.74289871416175, 17.3291374187426], [78.74503982423084, 17.33082354725482], [78.74862603278784, 17.32937445247948], [78.75319849298059, 17.32924015648284], [78.76222051513183, 17.30344960404192], [78.75965987807952, 17.3023887659199], [78.75194259057663, 17.30210856973556], [78.74907440460375, 17.29858065057843], [78.74611912405835, 17.29638592629472], [78.7440393975646, 17.29629646136713], [78.741233057106, 17.29745799897579], [78.74106008640196, 17.29574730033661], [78.74502568607487, 17.28757755374033], [78.7468049036471, 17.2859914141304], [78.74994348663597, 17.28501790859442], [78.75247977398472, 17.28138067433839], [78.75223130839082, 17.27757128678527], [78.75493508586293, 17.26776747605036], [78.75325959592674, 17.26088513761689], [78.75759340413411, 17.25935606316487], [78.759638842202, 17.2563612527337], [78.76359080452546, 17.25487867307219], [78.76960029123528, 17.25007568121399], [78.77653093330393, 17.24806087252007], [78.77796768538975, 17.24574369317391], [78.78708222791903, 17.24472741711013], [78.78957931431597, 17.24221070951288], [78.79085679387727, 17.24412012501727], [78.79308367509361, 17.24345067230333], [78.79763276711041, 17.24360912715305], [78.80039503894061, 17.24197167713979], [78.80656324616452, 17.2404426615825], [78.8077097912254, 17.23844410456394], [78.80921343843931, 17.23815306760057], [78.81270928768595, 17.23380814298444], [78.81923040031927, 17.23224083795852], [78.82031809388805, 17.22829733355109], [78.81890793383457, 17.22812791189043], [78.81656966521452, 17.22534651462605], [78.81620773858457, 17.21210365772717], [78.80705096728589, 17.20783023720948], [78.80247854346396, 17.20775316159591], [78.80008540573498, 17.2037502260922], [78.79790158938926, 17.20275602231138], [78.79399201794119, 17.20329002258454], [78.78308020222903, 17.20722235097397], [78.75920919434363, 17.21396974814824], [78.77190214544113, 17.19482776375143], [78.7728539657943, 17.1925066758358], [78.77259876618986, 17.18889158199808], [78.78090096925156, 17.18632688952916], [78.78220915422379, 17.17874060168624], [78.78925917423497, 17.16484254190906], [78.7888273021661, 17.16257805589687], [78.78503818630446, 17.15909288523061], [78.78270086506588, 17.16066571523441], [78.77756053839927, 17.16217979896911], [78.77365071206754, 17.15532436581576], [78.77452723511897, 17.1529800279162], [78.77781623341004, 17.14800985949541], [78.78002535862083, 17.14764333364774], [78.7806295320403, 17.14363267347629], [78.78540214645888, 17.13729506645103], [78.78849457158793, 17.13647889197339], [78.78863048157304, 17.13761947581496], [78.79055759466327, 17.13558653548828], [78.80421179348194, 17.12947333364119], [78.81011073364253, 17.12493492906332], [78.82138301748768, 17.1200271820533], [78.83187136703634, 17.11433947165384], [78.83349021166605, 17.112538792916], [78.83336022512823, 17.10344840755178], [78.82726345881476, 17.10485668489412], [78.81914462646722, 17.10899370148535], [78.81836803477574, 17.10412189758057], [78.81536045877637, 17.0962025022718], [78.81960121211954, 17.09406541077491], [78.82813872885332, 17.09204342119166], [78.83263288593211, 17.08383946714584], [78.83944263732877, 17.07475799209248], [78.86753239779797, 17.06431205375895], [78.87338929703954, 17.06160746464265], [78.87678643213009, 17.05841360128566], [78.87946918558383, 17.05747987183266], [78.88029721016078, 17.04711686296711], [78.8830296745287, 17.04525649572314], [78.89072931140434, 17.04360093522144], [78.89196084948186, 17.0436147351867], [78.89471297749219, 17.04969979695633], [78.89443770165023, 17.05982727851142], [78.8973373439754, 17.06284735557277], [78.89770660262293, 17.06541411418651], [78.90050223037667, 17.06505986096979], [78.90309968275885, 17.07231473311079], [78.9010094995116, 17.07380037757891], [78.90206415688452, 17.07883241476237], [78.91133430261489, 17.09011658830134], [78.91490317158012, 17.09070389390925], [78.92828497151503, 17.08131125885048], [78.93073344574356, 17.08439987497894], [78.93001623609418, 17.0894411994433], [78.93076194526107, 17.09204241165837], [78.93842418354285, 17.10653314998495], [78.94191734230225, 17.10841733016839], [78.9468589690148, 17.10910006964694], [78.94824223845762, 17.11019100761119], [78.95218393099871, 17.12262814552513], [78.9473071105171, 17.12501646264117], [78.94725196129264, 17.12605162630643], [78.95113487838277, 17.12984668755134], [78.95142902896032, 17.13190638742783], [78.95264613822393, 17.13144040364655], [78.95380215036478, 17.13335260507235], [78.97218867183757, 17.12700074009428], [78.97451818281353, 17.12861825560553], [78.9752531671454, 17.13208736377006], [78.98630363024434, 17.14576834031654], [78.99265985249339, 17.15533220051789], [78.98921329391118, 17.16007851049454], [78.98252020021687, 17.16431321423796], [78.97789746464865, 17.16843131312318], [78.9794038038872, 17.17377352579749], [78.97735246249964, 17.17443264922401], [78.97774486201688, 17.17538501039329], [78.9705918006339, 17.17938546029771], [78.9723217774788, 17.18377960392975], [78.96632162765432, 17.1876841067867], [78.96228324742118, 17.18914724510557], [78.96055344748898, 17.19077163147322], [78.96286964052314, 17.19538714130347], [78.96110494304072, 17.19785242451137], [78.95714547111328, 17.19882763065461], [78.97372331787494, 17.21476015328818], [78.97150461273348, 17.21630425947585], [78.97460204443325, 17.23250562591764], [78.97780839716586, 17.23894055152548], [78.97912201604294, 17.24370685197117], [78.97888041120224, 17.24879216619861], [78.98273649425586, 17.24730946290934], [78.98412965299592, 17.24788003690755], [78.98648980654671, 17.25071447928671], [78.98290551542853, 17.25467661285107], [78.98175903637559, 17.2629885547932], [78.98061077615377, 17.26420122751288], [78.98274946923779, 17.27552091536938], [78.98081642345859, 17.27656523526422], [78.98180522507926, 17.27955665088707], [78.99777152251437, 17.27848510429502], [78.99768133073269, 17.27162169331271], [79.0059136151118, 17.27194059010924], [79.00814542936229, 17.27305049285199], [79.03626502858367, 17.26877348758887], [79.04183008893166, 17.2665688478601], [79.05531704464738, 17.25711073802841], [79.06402679752846, 17.25790214723774], [79.07342148928883, 17.25380516197761], [79.08224533869985, 17.25247139468748], [79.08874494176014, 17.24711551609221], [79.10341015986363, 17.24269062147226], [79.10317997854942, 17.24410870683763], [79.10476900183097, 17.24897096062363], [79.10642270065345, 17.25071848476518], [79.10831360018113, 17.25480012950222], [79.10856363060134, 17.26003347199806], [79.11049664269594, 17.26553098526703], [79.11695753260277, 17.27768225518003], [79.12095856882506, 17.27626575341586], [79.12902586023336, 17.2762047636031], [79.13127702322258, 17.27734514592312], [79.13771965015364, 17.27674434521218], [79.13815819767602, 17.28002088103771], [79.1419721806314, 17.281822258991], [79.14504061941126, 17.28254265829049], [79.15198067847437, 17.28080059215047], [79.15560739546146, 17.28109932728758], [79.15429439059535, 17.27764096181222], [79.14972451315525, 17.27145344882537], [79.15529151214332, 17.26465629332651], [79.15460422530911, 17.26330899375501], [79.15710792986808, 17.26192304183118], [79.15669608792557, 17.25951939140704], [79.15804080284613, 17.25900786156364], [79.15835895587757, 17.26066030925344], [79.16326746185725, 17.25649496159129], [79.16476721425924, 17.25601601434459], [79.16542627865765, 17.25667579847835], [79.17030125874523, 17.25464887246545], [79.17155164371087, 17.2555519831486], [79.17567629182508, 17.25522043978803], [79.17520749220692, 17.25145993391286], [79.17792566774973, 17.2517300375247], [79.17886818432731, 17.25643400195212], [79.18177566613743, 17.25936402506857], [79.18415311071611, 17.27330117546118], [79.18578075671553, 17.27341522114136], [79.18590705038964, 17.27212278333642], [79.1953813346355, 17.26780395704067], [79.19762709043903, 17.26553873439745], [79.20501028358501, 17.26208842095338], [79.20544691528848, 17.26582151777524], [79.20473030038359, 17.26887385937748], [79.21305703167981, 17.28233574847353], [79.2158720472694, 17.28875094335537], [79.21913194508353, 17.30421663879448], [79.21847621825022, 17.30949400397561], [79.21935653033593, 17.31382199882524], [79.223890535449, 17.31441892162327], [79.22892830239708, 17.31792164842727], [79.23743360564366, 17.3173527539567], [79.24362616621079, 17.31552184871093], [79.248088035245, 17.31542522821944], [79.25184633538402, 17.32499325542281], [79.24933546229329, 17.331094765998], [79.24920355756875, 17.34799684339856], [79.25098507177962, 17.35681573330422], [79.25070411917436, 17.35879905729842], [79.25709896175987, 17.36016125607991], [79.27604296877367, 17.3598503471109], [79.28858752574307, 17.35734923012286], [79.29533325616967, 17.35680417309975], [79.32548907910035, 17.36016012883297], [79.33223730142173, 17.3591934141372], [79.34342423200845, 17.35603504954154], [79.35327294925304, 17.35219066666534], [79.36589543826561, 17.34489707613841], [79.37380773298607, 17.3435961141677], [79.3813510887772, 17.34423267677052], [79.39053030035024, 17.34699810896988], [79.402113236216, 17.34850949439817], [79.42471501733668, 17.34543698751805], [79.44650744461046, 17.34654505546001], [79.45370016005471, 17.34501149420575], [79.4509707479648, 17.35183467477018], [79.44195593913821, 17.36381742499022], [79.4218345605661, 17.37618697212319], [79.41896031757152, 17.38423424978998], [79.41450303008583, 17.39152284492754], [79.41247263364188, 17.39846651853284], [79.41288391840381, 17.40158842270781], [79.41735606625126, 17.40790050818579], [79.42268029228575, 17.41175712970609], [79.42485947311826, 17.4163166836387], [79.4228712837478, 17.42589205074116], [79.41917107735424, 17.43412035932749], [79.41107831390218, 17.4444376749142], [79.40676083396865, 17.45169950371569], [79.39106315504468, 17.46539047967714], [79.37738530724427, 17.4731543873031], [79.37608627111847, 17.47458532410899], [79.37311791133686, 17.48203433282065], [79.36775981661742, 17.48552804949697], [79.36618659138854, 17.48627475862914], [79.35926530796995, 17.48224555633313], [79.3572455002336, 17.47958074564126], [79.35595117459489, 17.47612405495968], [79.34382090511889, 17.46632877973571], [79.34071393609172, 17.45636044787296], [79.33640458061689, 17.45380954639842], [79.32810810834475, 17.45081168061297], [79.31453009603189, 17.45427235818692], [79.3111540842235, 17.45635147938517], [79.30875580515988, 17.45954373797387], [79.30568964045942, 17.46177370135007], [79.29164623689358, 17.46948036008141], [79.28979326644014, 17.46972757260817], [79.28681345006635, 17.46859387785362], [79.28514670931793, 17.46919929417118], [79.28605534080941, 17.47463457779991], [79.29298487781973, 17.48393805904243], [79.2937513992491, 17.48647432019792], [79.29151872065506, 17.4886816396786], [79.28793919993939, 17.49000867891014], [79.28023148074453, 17.49525917232878], [79.27471811447856, 17.4976374193049], [79.26827381505262, 17.49666893135374], [79.26737545871288, 17.49341294442479], [79.26310166104626, 17.49047649279809], [79.26238425306992, 17.48842419437948], [79.2623112174082, 17.48057030514763], [79.25712869054155, 17.47090523812984], [79.25511868525945, 17.4713908283607], [79.24490585130324, 17.47862839938892], [79.2379212418986, 17.48928461530859], [79.22979662732268, 17.49686833770365], [79.2262009857849, 17.49840670087498], [79.2142136137664, 17.4999489702639], [79.21420119907408, 17.50113344312306], [79.2106464777183, 17.50358961614067], [79.20788013456642, 17.50867283632345], [79.20519812211558, 17.51023450200886], [79.19811781591385, 17.51208584451707], [79.19127061859399, 17.51073729152711], [79.18895098054998, 17.50881964464607], [79.1813111547737, 17.51046803794468], [79.17663850906773, 17.51021304466699], [79.17195124448902, 17.51351608732638], [79.16776056475395, 17.51514021938662], [79.16781517974216, 17.51959398533234], [79.15743180808016, 17.52405466450486], [79.14831677704444, 17.52355403986492], [79.13990968253258, 17.52426470696264], [79.13708490191688, 17.52931497951068], [79.13618867068008, 17.53283128320941], [79.13524808114583, 17.54137034757002], [79.13613588871333, 17.54450468812995], [79.13839390022434, 17.54714591573151], [79.14315668643525, 17.55016474885391], [79.14936584153116, 17.55739276163049], [79.16628625986594, 17.56918636361761], [79.16765737760305, 17.57543067566616], [79.16317889092102, 17.58043804958771], [79.15666787921943, 17.58545628133405], [79.15122932032688, 17.58733440756814], [79.1537128107505, 17.59362986926857], [79.15203908806745, 17.59847041423119], [79.15354856350858, 17.60328302343027], [79.15373220202417, 17.6136323700817], [79.15725707997122, 17.61867277356509], [79.15766284571941, 17.62195194205583], [79.1441591959574, 17.62818695910502], [79.14042377382594, 17.63857956153165], [79.13838578346751, 17.64076373538063], [79.13477390341563, 17.64280682611515], [79.12952388576389, 17.65794090930943], [79.13049088267508, 17.66466068239329], [79.13016009154471, 17.67219040854188], [79.12677216840105, 17.67313160127902], [79.12329716024833, 17.66833063743675], [79.11913408134525, 17.6688553117495], [79.10412302119731, 17.67488353794029], [79.09968547952978, 17.67749468754407], [79.09811426303152, 17.67891749311015], [79.09794952626225, 17.68415610330111], [79.09434584230793, 17.68619393047356], [79.09127445360912, 17.69094775091493], [79.08937846488921, 17.69553742940136], [79.0903891665327, 17.69844896592475], [79.08956549151867, 17.70150396588168], [79.08392300311333, 17.70694115059587], [79.08270793903249, 17.71061289891685], [79.07551328209844, 17.71409110455228], [79.06883958695572, 17.71919091928364], [79.05468927407414, 17.72425829336454], [79.0461007470388, 17.72600363708785], [79.04043921195203, 17.72044539751245], [79.04010798680264, 17.71414861145892], [79.03746795526318, 17.70951934978077], [79.03333825796146, 17.70795393381276], [79.02682185257332, 17.71268310452747], [79.02498569841089, 17.71284674876931], [79.02233891966723, 17.71856531235126], [79.00817955199416, 17.73328151243283], [79.00881910655744, 17.73478236222296], [79.00472267065798, 17.73685591355867], [79.00398903076315, 17.74213098239198], [79.0005674982583, 17.74599930855805], [78.99767448066966, 17.74797716539144], [78.99569376666568, 17.7509514136203], [78.99520603542061, 17.75335331072415], [78.99690301102761, 17.75661548946133], [78.99751435962412, 17.76179577042508], [79.00133307453224, 17.77081843734688], [78.9919012744905, 17.78557019059674], [78.9939002306533, 17.78942226134073], [78.99065532543956, 17.79077464836965], [78.99060167428213, 17.79380174849757], [78.97978529634554, 17.79820032357782], [78.97819406205384, 17.79590166564142], [78.97608534769512, 17.79460283829607], [78.970795507694, 17.79401804180064], [78.96501074707224, 17.79216391711445], [78.960548660665, 17.79193291623631], [78.95747232970518, 17.78830339317305], [78.94847932011794, 17.78822016804434], [78.94587909293612, 17.78945347303672], [78.93783121706069, 17.7980740118997], [78.92127129537401, 17.80237334935815]]]}}]}